version 2
JvmtiExport can_access_local_variables 0
JvmtiExport can_hotswap_or_post_breakpoint 0
JvmtiExport can_post_on_exceptions 0
# 534 ciObject found
instanceKlass sun/security/ssl/SSLCipher$T13GcmWriteCipherGenerator$GcmWriteCipher
ciInstanceKlass sun/security/util/Debug 1 1 561 10 100 12 1 1 1 9 100 12 1 1 1 10 100 12 1 1 8 1 10 12 1 8 1 8 1 8 1 8 1 8 1 8 1 8 1 8 1 8 1 8 1 8 1 8 1 8 1 8 1 8 1 8 1 8 1 8 1 8 1 8 1 8 1 8 1 8 1 8 1 8 1 8 1 8 1 8 1 8 1 8 1 8 1 8 1 8 1 8 1 8 1 8 1 8 1 8 1 8 1 8 1 8 1 8 1 8 1 8 1 8 1 8 1 8 1 8 1 8 1 8 1 8 1 8 1 8 1 10 12 1 1 10 7 12 1 1 1 10 12 1 1 10 9 12 1 1 10 12 1 10 100 12 1 1 18 12 1 1 10 12 1 1 100 1 9 12 1 1 9 12 1 9 12 1 9 12 1 9 12 1 10 12 1 1 10 12 1 1 10 12 1 1 10 12 1 1 8 1 10 12 1 1 8 1 8 1 8 1 100 1 10 10 12 1 1 10 12 1 1 8 1 10 12 1 8 1 10 12 1 1 10 100 12 1 1 8 1 10 12 1 1 10 12 1 8 1 8 1 8 1 8 1 10 100 12 1 1 1 10 12 1 1 10 100 12 1 1 1 9 100 12 1 1 1 10 12 1 1 8 1 10 12 1 10 12 1 10 12 1 1 9 100 12 1 1 1 10 100 12 1 1 1 10 100 12 1 1 1 8 1 8 1 10 100 12 1 1 10 12 8 1 10 12 1 8 1 10 12 8 1 8 1 8 1 8 1 10 12 8 1 8 1 8 1 10 100 12 1 1 1 10 12 1 1 10 100 12 1 1 10 12 1 10 12 1 1 8 1 10 12 1 1 10 12 1 1 8 1 8 1 8 1 9 12 1 10 12 1 8 1 10 100 12 1 1 1 10 12 1 1 10 12 1 1 10 12 18 12 1 1 11 100 12 1 1 1 18 11 12 1 1 11 12 1 1 8 1 10 100 12 1 1 1 11 100 12 1 1 11 12 1 11 12 1 8 1 8 1 10 7 12 1 1 1 8 1 8 1 10 12 1 8 1 10 12 1 1 10 12 1 1 1 1 1 1 1 1 1 1 1 1 1 1 1 1 1 1 1 1 1 1 1 1 1 1 1 1 1 1 1 1 1 1 1 1 1 1 1 1 1 1 1 1 1 1 1 1 1 1 1 1 1 1 1 1 1 1 1 1 1 16 15 10 12 16 16 15 10 12 16 15 10 12 16 15 10 100 12 1 1 1 1 1 1 100 1 100 1 1
instanceKlass sun/security/ssl/HandshakeOutStream
instanceKlass sun/security/ssl/OutputRecord
instanceKlass sun/security/util/DerOutputStream
instanceKlass org/glassfish/jaxb/runtime/v2/util/ByteArrayOutputStreamEx
ciInstanceKlass java/io/ByteArrayOutputStream 1 1 145 10 7 12 1 1 1 10 7 12 1 1 100 1 100 1 10 8 1 10 12 1 1 10 12 1 10 12 1 1 10 12 1 9 12 1 1 10 7 12 1 1 1 10 7 12 1 1 1 9 12 1 1 10 12 1 10 7 12 1 1 10 7 12 1 1 1 10 12 1 1 10 100 12 1 1 1 10 12 1 1 10 12 1 10 7 1 10 12 10 12 1 10 12 1 10 12 1 1 1 1 1 1 1 1 1 1 1 1 1 1 1 1 1 1 1 1 100 1 100 1 100 1 100 1 1 1 1 1 1 1 1 100 1 1 1 1 1 1 1 1 1 1 1 1
ciInstanceKlass sun/nio/ch/DirectBuffer 1 1 13 100 1 100 1 1 1 1 1 1 1 1 1
instanceKlass  @bci sun/awt/windows/WToolkit windowsSettingChange ()V 39 <appendix> member <vmtarget> ; # sun/awt/windows/WToolkit$$Lambda+0x0000000800a249d8
# instanceKlass java/lang/invoke/LambdaForm$DMH+0x0000000800a41800
# instanceKlass java/lang/invoke/LambdaForm$DMH+0x0000000800a41400
# instanceKlass java/lang/invoke/LambdaForm$DMH+0x0000000800a41000
# instanceKlass java/lang/invoke/LambdaForm$DMH+0x00000008009efc00
# instanceKlass java/lang/invoke/LambdaForm$MH+0x0000000800a40c00
instanceKlass com/st/microxplorer/plugins/pinoutconfig/gui/PinOutPanel$SignalsList$3
instanceKlass javax/swing/text/html/ImageView$ImageHandler
instanceKlass javax/swing/text/html/StyleSheet$ListPainter
instanceKlass javax/swing/plaf/basic/BasicTreeUI$MouseInputHandler
instanceKlass javax/swing/tree/PathPlaceHolder
instanceKlass com/l2fprod/common/model/HasId
instanceKlass com/l2fprod/common/model/TitledObject
instanceKlass com/l2fprod/common/util/converter/NumberConverters
instanceKlass com/l2fprod/common/util/converter/AWTConverters
instanceKlass com/l2fprod/common/util/converter/BooleanConverter
instanceKlass com/l2fprod/common/util/converter/ConverterRegistry
instanceKlass com/l2fprod/common/util/converter/Converter
instanceKlass com/st/microxplorer/plugins/pinoutandconfiguration/PinoutAndConfigurationView$12
instanceKlass com/st/microxplorer/plugins/pinoutandconfiguration/PinoutAndConfigurationView$11
instanceKlass com/st/microxplorer/plugins/pinoutandconfiguration/PinoutAndConfigurationView$10
instanceKlass com/st/microxplorer/plugins/pinoutandconfiguration/PinoutAndConfigurationView$9
instanceKlass javax/swing/tree/VariableHeightLayoutCache$VisibleTreeStateNodeEnumeration
instanceKlass sun/swing/table/DefaultTableCellHeaderRenderer$1
instanceKlass com/st/microxplorer/plugins/pinoutandconfiguration/PinoutAndConfigurationView$16
instanceKlass com/st/microxplorer/plugins/ipmanager/generictreatment/gui/MainPanel$4
instanceKlass com/st/microxplorer/mcu/rtos/data/RtosUserConfigurationPanelBuilder
instanceKlass com/l2fprod/common/swing/PercentLayout$Constraint
instanceKlass com/l2fprod/common/swing/PercentLayout
instanceKlass com/st/microxplorer/plugins/ipmanager/generictreatment/gui/UserConstantsTab$3
instanceKlass com/st/microxplorer/plugins/ipmanager/generictreatment/gui/UserConstantsTab$2
instanceKlass com/st/microxplorer/plugins/ipmanager/generictreatment/gui/UserConstantsTab$1
instanceKlass com/st/microxplorer/plugins/ipmanager/generictreatment/gui/UserConstantsTab$7
instanceKlass com/st/microxplorer/plugins/ipmanager/generictreatment/gui/UserConstantParam
instanceKlass com/st/microxplorer/plugins/ipmanager/generictreatment/gui/UserConstantsInterface
instanceKlass com/st/components/util/NaturalOrderComparator
instanceKlass com/st/microxplorer/plugins/ip/gpio/gui/ParamContainer$ParamPropertyChangeListener
instanceKlass com/st/microxplorer/plugins/ip/gpio/gui/GpioTablePanel$RowListener
instanceKlass com/st/microxplorer/plugins/ip/gpio/gui/TableColumnManager
instanceKlass com/st/microxplorer/plugins/ip/gpio/gui/GpioTablePanel$3
instanceKlass com/st/microxplorer/plugins/ip/gpio/gui/GpioTablePanel$2
instanceKlass com/st/microxplorer/plugins/ip/gpio/gui/ParamContainer
instanceKlass javax/swing/RowFilter
instanceKlass com/st/microxplorer/plugins/ip/gpio/model/IPTab
instanceKlass com/st/microxplorer/plugins/ip/gpio/model/Parameter$ParamValue
instanceKlass com/st/microxplorer/plugins/ip/gpio/model/Parameter
instanceKlass com/st/microxplorer/plugins/ip/gpio/model/PinTable
instanceKlass com/st/microxplorer/mcu/DMAService$DMAConfigCopy
instanceKlass com/st/microxplorer/mcu/DMAServiceSet$1
instanceKlass com/st/components/swing/EachRowEditor
instanceKlass com/st/microxplorer/plugins/ipmanager/generictreatment/gui/MainPanel$1
instanceKlass com/st/microxplorer/plugins/ipmanager/generictreatment/gui/IpParametersView$3
instanceKlass com/st/microxplorer/plugins/ipmanager/generictreatment/model/ParameterProperty$1
instanceKlass java/text/DecimalFormat$DigitArrays
instanceKlass java/text/DecimalFormat$FastPathData
instanceKlass com/st/microxplorer/plugins/ipmanager/generictreatment/gui/cellprocessing/IntegerEditor$1
instanceKlass com/st/microxplorer/plugins/ipmanager/generictreatment/gui/cellprocessing/NumberEditor$ConvertionAction
instanceKlass com/st/microxplorer/plugins/ipmanager/generictreatment/gui/cellprocessing/ItemAction
instanceKlass java/awt/CheckboxMenuItem$1
instanceKlass sun/awt/AWTAccessor$CheckboxMenuItemAccessor
instanceKlass java/awt/PopupMenu$1
instanceKlass sun/awt/AWTAccessor$PopupMenuAccessor
instanceKlass java/awt/Menu$1
instanceKlass sun/awt/AWTAccessor$MenuAccessor
instanceKlass java/awt/MenuItem$1
instanceKlass sun/awt/AWTAccessor$MenuItemAccessor
instanceKlass java/awt/MenuComponent$1
instanceKlass sun/awt/AWTAccessor$MenuComponentAccessor
instanceKlass com/st/microxplorer/plugins/ipmanager/generictreatment/gui/IpParametersView$2
instanceKlass com/st/microxplorer/plugins/ipmanager/generictreatment/gui/IpParametersView$1
instanceKlass com/st/microxplorer/plugins/ipmanager/util/ExternalApplication
# instanceKlass java/lang/invoke/LambdaForm$MH+0x0000000800a42000
instanceKlass java/awt/font/TextLine$TextLineMetrics
instanceKlass  @bci sun/font/SunLayoutEngine getFacePtr (Lsun/font/Font2D;)J 10 <appendix> argL0 ; # sun/font/SunLayoutEngine$$Lambda+0x0000000800a1c500
instanceKlass sun/font/SunLayoutEngine$FaceRef
instanceKlass sun/font/GlyphLayout$LayoutEngineKey
instanceKlass sun/font/GlyphLayout$EngineRecord
instanceKlass sun/font/ScriptRunData
instanceKlass sun/font/GlyphLayout$SDCache$SDKey
instanceKlass sun/font/GlyphLayout$SDCache
instanceKlass sun/font/FontRunIterator
instanceKlass sun/font/ScriptRun
instanceKlass sun/font/TextRecord
instanceKlass sun/font/GlyphLayout$GVData
instanceKlass sun/font/SunLayoutEngine
instanceKlass sun/font/GlyphLayout$LayoutEngineFactory
instanceKlass sun/font/GlyphLayout$LayoutEngine
instanceKlass sun/font/GlyphLayout
instanceKlass sun/font/TextLabel
instanceKlass sun/font/Decoration$Label
instanceKlass sun/font/TextSource
instanceKlass sun/font/TextLineComponent
instanceKlass sun/font/TextLabelFactory
instanceKlass sun/font/Underline
instanceKlass sun/font/Decoration
instanceKlass jdk/internal/icu/impl/UBiDiProps$IsAcceptable
instanceKlass jdk/internal/icu/impl/UBiDiProps
instanceKlass jdk/internal/icu/text/BidiBase$ImpTabPair
instanceKlass jdk/internal/icu/text/BidiBase
instanceKlass java/text/Bidi
instanceKlass java/awt/font/TextLine$Function
instanceKlass java/awt/font/TextLine
instanceKlass sun/font/CoreMetrics
instanceKlass java/awt/font/TextLayout$CaretPolicy
instanceKlass java/awt/font/TextLayout
instanceKlass java/awt/ColorPaintContext
instanceKlass java/lang/FdLibm$Cbrt
instanceKlass javax/swing/JComponent$IntVector
instanceKlass javax/swing/JComponent$KeyboardState
instanceKlass sun/awt/DebugSettings
instanceKlass java/awt/LightweightDispatcher$1
instanceKlass java/awt/Container$MouseEventTargetFilter
instanceKlass java/awt/Container$EventTargetFilter
instanceKlass javax/swing/GroupLayout$Spring
instanceKlass  @bci com/st/microxplorer/codegenerator/CodeGenerator sortFunctionList (Ljava/util/ArrayList;)Ljava/util/ArrayList; 705 <appendix> argL0 ; # com/st/microxplorer/codegenerator/CodeGenerator$$Lambda+0x00000008009eafc0
instanceKlass  @bci com/st/microxplorer/codegenerator/CodeGenerator sortFunctionList (Ljava/util/ArrayList;)Ljava/util/ArrayList; 607 <appendix> argL0 ; # com/st/microxplorer/codegenerator/CodeGenerator$$Lambda+0x00000008009ead70
instanceKlass java/util/stream/SortedOps
instanceKlass  @bci com/st/microxplorer/codegenerator/CodeGenerator sortFunctionList (Ljava/util/ArrayList;)Ljava/util/ArrayList; 404 <appendix> argL0 ; # com/st/microxplorer/codegenerator/CodeGenerator$$Lambda+0x00000008009eab50
instanceKlass  @bci com/st/microxplorer/codegenerator/CodeGenerator sortFunctionList (Ljava/util/ArrayList;)Ljava/util/ArrayList; 318 <appendix> argL0 ; # com/st/microxplorer/codegenerator/CodeGenerator$$Lambda+0x00000008009ea900
instanceKlass  @bci com/st/microxplorer/codegenerator/CodeGenerator sortFunctionList (Ljava/util/ArrayList;)Ljava/util/ArrayList; 221 <appendix> member <vmtarget> ; # com/st/microxplorer/codegenerator/CodeGenerator$$Lambda+0x00000008009ea6b0
instanceKlass  @cpi com/st/microxplorer/codegenerator/CodeGenerator 6589 form vmentry <vmtarget> ; # java/lang/invoke/LambdaForm$DMH+0x0000000800a40800
instanceKlass  @bci java/util/function/BinaryOperator maxBy (Ljava/util/Comparator;)Ljava/util/function/BinaryOperator; 6 <appendix> member <vmtarget> ; # java/util/function/BinaryOperator$$Lambda+0x0000000800a12d00
instanceKlass  @bci com/st/microxplorer/codegenerator/CodeGenerator sortFunctionList (Ljava/util/ArrayList;)Ljava/util/ArrayList; 131 <appendix> argL0 ; # com/st/microxplorer/codegenerator/CodeGenerator$$Lambda+0x00000008009ea490
instanceKlass  @bci java/util/function/BinaryOperator minBy (Ljava/util/Comparator;)Ljava/util/function/BinaryOperator; 6 <appendix> member <vmtarget> ; # java/util/function/BinaryOperator$$Lambda+0x0000000800a12ab0
instanceKlass  @bci java/util/Comparator comparingInt (Ljava/util/function/ToIntFunction;)Ljava/util/Comparator; 6 <appendix> member <vmtarget> ; # java/util/Comparator$$Lambda+0x0000000800a12810
instanceKlass  @cpi java/util/Comparator 262 form vmentry <vmtarget> ; # java/lang/invoke/LambdaForm$DMH+0x0000000800a40400
instanceKlass  @bci com/st/microxplorer/codegenerator/CodeGenerator sortFunctionList (Ljava/util/ArrayList;)Ljava/util/ArrayList; 103 <appendix> argL0 ; # com/st/microxplorer/codegenerator/CodeGenerator$$Lambda+0x00000008009ea270
instanceKlass java/util/function/ToIntFunction
instanceKlass  @bci com/st/microxplorer/codegenerator/CodeGenerator sortFunctionList (Ljava/util/ArrayList;)Ljava/util/ArrayList; 56 <appendix> argL0 ; # com/st/microxplorer/codegenerator/CodeGenerator$$Lambda+0x00000008009ea020
instanceKlass  @bci com/st/microxplorer/codegenerator/CodeGenerator sortFunctionList (Ljava/util/ArrayList;)Ljava/util/ArrayList; 30 <appendix> argL0 ; # com/st/microxplorer/codegenerator/CodeGenerator$$Lambda+0x00000008009e9dd0
instanceKlass  @bci com/st/microxplorer/codegenerator/CodeGenerator sortFunctionList (Ljava/util/ArrayList;)Ljava/util/ArrayList; 4 <appendix> argL0 ; # com/st/microxplorer/codegenerator/CodeGenerator$$Lambda+0x00000008009e9b80
instanceKlass  @bci com/st/microxplorer/codegenerator/CodeGenerator removeUsbDuplicates (Ljava/util/List;)Ljava/util/ArrayList; 51 <appendix> argL0 ; # com/st/microxplorer/codegenerator/CodeGenerator$$Lambda+0x00000008009e9930
instanceKlass  @bci com/st/microxplorer/codegenerator/CodeGenerator removeUsbDuplicates (Ljava/util/List;)Ljava/util/ArrayList; 35 <appendix> argL0 ; # com/st/microxplorer/codegenerator/CodeGenerator$$Lambda+0x00000008009e96e0
# instanceKlass java/lang/invoke/LambdaForm$DMH+0x0000000800a40000
instanceKlass com/st/microxplorer/plugins/filemanager/engine/OpenFileManager$2
instanceKlass sun/awt/SunToolkit$1
instanceKlass java/awt/KeyboardFocusManager$2
instanceKlass java/lang/FdLibm
instanceKlass java/lang/FdLibm$Acos
instanceKlass sun/java2d/pipe/AlphaPaintPipe$TileContext
instanceKlass java/awt/GradientPaintContext
instanceKlass java/awt/PaintContext
instanceKlass java/awt/geom/ArcIterator
instanceKlass java/awt/geom/EllipseIterator
instanceKlass com/st/microxplorer/plugins/projectmanager/gui/CodeGenSorting$CheckBoxIcon
instanceKlass java/awt/geom/Path2D$Iterator
instanceKlass javax/swing/JTable$5
instanceKlass java/awt/geom/RoundRectIterator
instanceKlass com/st/microxplorer/plugins/projectmanager/gui/ProjectChoiceTab$3
instanceKlass com/sun/org/apache/xml/internal/utils/XMLCharacterRecognizer
instanceKlass com/sun/org/apache/xpath/internal/axes/NodeSequence$IteratorCache
instanceKlass com/sun/org/apache/xml/internal/dtm/ref/DTMNodeListBase
instanceKlass com/sun/org/apache/xml/internal/dtm/DTMAxisTraverser
instanceKlass com/sun/org/apache/xml/internal/dtm/Axis
instanceKlass com/sun/org/apache/xpath/internal/objects/Comparator
instanceKlass com/sun/org/apache/xml/internal/dtm/ref/dom2dtm/DOM2DTMdefaultNamespaceDeclarationNode
instanceKlass com/sun/org/apache/xml/internal/utils/TreeWalker
instanceKlass com/sun/org/apache/xml/internal/utils/SuballocatedIntVector
instanceKlass com/sun/org/apache/xml/internal/dtm/ref/DTMDefaultBase
instanceKlass com/sun/org/apache/xml/internal/dtm/ref/DTMNodeProxy
instanceKlass com/sun/org/apache/xml/internal/dtm/ref/ExpandedNameTable$HashEntry
instanceKlass com/sun/org/apache/xml/internal/dtm/ref/ExtendedType
instanceKlass com/sun/org/apache/xml/internal/dtm/ref/ExpandedNameTable
instanceKlass com/sun/org/apache/xml/internal/dtm/DTM
instanceKlass com/sun/org/apache/xml/internal/utils/XMLStringFactory
instanceKlass com/sun/org/apache/xpath/internal/XPathContext$XPathExpressionContext
instanceKlass com/sun/org/apache/xalan/internal/extensions/ExpressionContext
instanceKlass com/sun/org/apache/xml/internal/utils/NodeVector
instanceKlass com/sun/org/apache/xpath/internal/VariableStack
instanceKlass com/sun/org/apache/xml/internal/utils/IntVector
instanceKlass com/sun/org/apache/xml/internal/dtm/DTMManager
instanceKlass javax/xml/xpath/XPathConstants
instanceKlass javax/xml/xpath/XPathExpression
instanceKlass com/sun/org/apache/xpath/internal/axes/IteratorPool
instanceKlass com/sun/org/apache/xpath/internal/axes/SubContextList
instanceKlass com/sun/org/apache/xpath/internal/axes/PathComponent
instanceKlass com/sun/org/apache/xml/internal/dtm/DTMIterator
instanceKlass com/sun/org/apache/xpath/internal/axes/WalkerFactory
instanceKlass com/sun/org/apache/xml/internal/utils/XMLString
instanceKlass com/sun/org/apache/xpath/internal/compiler/Keywords
instanceKlass com/sun/org/apache/xpath/internal/compiler/OpMapVector
instanceKlass com/sun/org/apache/xpath/internal/compiler/Lexer
instanceKlass com/sun/org/apache/xml/internal/utils/ObjectVector
instanceKlass com/sun/org/apache/xpath/internal/compiler/OpMap
instanceKlass com/sun/org/apache/xpath/internal/compiler/XPathParser
instanceKlass com/sun/org/apache/xml/internal/utils/DefaultErrorHandler
instanceKlass com/sun/org/apache/xpath/internal/Expression
instanceKlass com/sun/org/apache/xpath/internal/XPathVisitable
instanceKlass com/sun/org/apache/xpath/internal/ExpressionNode
instanceKlass javax/xml/transform/SourceLocator
instanceKlass com/sun/org/apache/xpath/internal/compiler/FunctionTable
instanceKlass com/sun/org/apache/xpath/internal/XPath
instanceKlass com/sun/org/apache/xpath/internal/ExpressionOwner
instanceKlass  @bci com/st/microxplorer/plugins/projectmanager/gui/ProjectChoiceTab lambda$buildProjectSettingPanel$5 (Ljava/util/List;Ljava/lang/String;Ljava/lang/String;Ljava/awt/event/ItemEvent;)V 1003 <appendix> member <vmtarget> ; # com/st/microxplorer/plugins/projectmanager/gui/ProjectChoiceTab$$Lambda+0x00000008009f18d0
# instanceKlass java/lang/invoke/LambdaForm$MH+0x00000008009f6000
# instanceKlass java/lang/invoke/LambdaForm$MH+0x00000008009f5c00
# instanceKlass java/lang/invoke/LambdaForm$MH+0x00000008009f5800
# instanceKlass java/lang/invoke/LambdaForm$DMH+0x00000008009f5400
# instanceKlass java/lang/invoke/LambdaForm$DMH+0x00000008009f5000
instanceKlass java/net/URLClassLoader$6
instanceKlass com/st/microxplorer/plugins/projectmanager/gui/ProjectChoiceTab$1
instanceKlass com/st/microxplorer/plugins/projectmanager/gui/RegCallBackTable$3
instanceKlass com/st/microxplorer/plugins/projectmanager/gui/RegCallBackTable$2
instanceKlass com/st/microxplorer/plugins/projectmanager/gui/RegCallBackTable$1
instanceKlass com/st/microxplorer/plugins/projectmanager/gui/DriverTable$3
instanceKlass com/st/microxplorer/plugins/projectmanager/gui/DriverTable$2
instanceKlass com/st/microxplorer/plugins/projectmanager/gui/DriverTable$1
instanceKlass javax/swing/text/DefaultStyledDocument$ChangeUpdateRunnable
instanceKlass  @bci com/l2fprod/common/swing/LookAndFeelTweaks htmlize (Ljavax/swing/JComponent;Ljava/awt/Font;)V 16 <adapter> ; # java/lang/invoke/LambdaForm$MH+0x00000008009ef800
# instanceKlass java/lang/invoke/LambdaForm$DMH+0x00000008009ef400
instanceKlass  @bci com/l2fprod/common/swing/LookAndFeelTweaks htmlize (Ljavax/swing/JComponent;Ljava/awt/Font;)V 16 <appendix> form vmentry <vmtarget> ; # java/lang/invoke/LambdaForm$MH+0x00000008009ef000
# instanceKlass java/lang/invoke/LambdaForm$MH+0x00000008009eec00
instanceKlass  @bci com/l2fprod/common/swing/LookAndFeelTweaks htmlize (Ljavax/swing/JComponent;Ljava/awt/Font;)V 16 <appendix> form names 9 function resolvedHandle form vmentry <vmtarget> ; # java/lang/invoke/LambdaForm$DMH+0x00000008009ee800
instanceKlass  @bci com/l2fprod/common/swing/LookAndFeelTweaks htmlize (Ljavax/swing/JComponent;Ljava/awt/Font;)V 16 <appendix> argL3 form vmentry <vmtarget> ; # java/lang/invoke/LambdaForm$MH+0x00000008009ee400
# instanceKlass java/lang/invoke/LambdaForm$MH+0x00000008009ee000
# instanceKlass java/lang/invoke/LambdaForm$MH+0x00000008009edc00
# instanceKlass java/lang/invoke/LambdaForm$MH+0x00000008009ed800
# instanceKlass java/lang/invoke/LambdaForm$MH+0x00000008009ed400
instanceKlass  @bci com/l2fprod/common/swing/LookAndFeelTweaks htmlize (Ljavax/swing/JComponent;Ljava/awt/Font;)V 16 <appendix> form names 13 function resolvedHandle form vmentry <vmtarget> ; # java/lang/invoke/LambdaForm$DMH+0x00000008009ed000
instanceKlass  @bci com/l2fprod/common/swing/LookAndFeelTweaks htmlize (Ljavax/swing/JComponent;Ljava/awt/Font;)V 16 <appendix> argL1 form vmentry <vmtarget> ; # java/lang/invoke/LambdaForm$MH+0x00000008009ecc00
# instanceKlass java/lang/invoke/LambdaForm$MH+0x00000008009ec800
# instanceKlass java/lang/invoke/LambdaForm$MH+0x00000008009ec400
# instanceKlass java/lang/invoke/LambdaForm$MH+0x00000008009ec000
instanceKlass com/l2fprod/common/propertysheet/PropertySheetPanel$5
instanceKlass com/l2fprod/common/propertysheet/PropertySheetPanel$4
instanceKlass javax/swing/JComponent$ActionStandin
instanceKlass com/l2fprod/common/propertysheet/PropertySheetPanel$2
instanceKlass com/l2fprod/common/util/ResourceManager
instanceKlass com/l2fprod/common/swing/IconPool
instanceKlass com/l2fprod/common/swing/LookAndFeelTweaks
instanceKlass com/l2fprod/common/propertysheet/PropertySheetPanel$6
instanceKlass com/l2fprod/common/propertysheet/PropertySheetPanel$SelectionListener
instanceKlass com/l2fprod/common/propertysheet/AbstractProperty
instanceKlass com/st/microxplorer/plugins/projectmanager/gui/driver
instanceKlass java/beans/BeanInfo
instanceKlass com/l2fprod/common/propertysheet/PropertySheetTable$CellBorder
instanceKlass com/l2fprod/common/beans/editor/AbstractPropertyEditor
instanceKlass java/beans/PropertyEditor
instanceKlass com/l2fprod/common/model/DefaultObjectRenderer
instanceKlass com/l2fprod/common/model/ObjectRenderer
instanceKlass com/l2fprod/common/propertysheet/PropertySheetTable$CancelEditing
instanceKlass com/l2fprod/common/propertysheet/PropertyRendererRegistry
instanceKlass com/l2fprod/common/propertysheet/PropertyEditorRegistry
instanceKlass com/l2fprod/common/propertysheet/PropertySheetTableModel$Item
instanceKlass com/l2fprod/common/propertysheet/PropertySheetTableModel$NaturalOrderStringComparator
instanceKlass com/l2fprod/common/swing/ObjectTableModel
instanceKlass com/l2fprod/common/propertysheet/Property
instanceKlass com/l2fprod/common/propertysheet/PropertyRendererFactory
instanceKlass com/l2fprod/common/propertysheet/PropertyEditorFactory
instanceKlass com/st/microxplorer/plugins/projectmanager/gui/CodeGenSorting$20
instanceKlass com/st/microxplorer/plugins/projectmanager/gui/CodeGenSorting$19
instanceKlass com/st/microxplorer/plugins/projectmanager/gui/CodeGenSorting$18
instanceKlass com/st/microxplorer/plugins/projectmanager/gui/CodeGenSorting$16
instanceKlass com/st/microxplorer/plugins/projectmanager/gui/CodeGenSorting$15
instanceKlass com/st/microxplorer/plugins/projectmanager/gui/CodeGenSorting$14
instanceKlass com/st/microxplorer/plugins/projectmanager/gui/CodeGenSorting$13
instanceKlass com/st/microxplorer/plugins/projectmanager/gui/CodeGenSorting$12
instanceKlass com/st/microxplorer/plugins/projectmanager/gui/CodeGenSorting$11
instanceKlass com/st/microxplorer/plugins/projectmanager/gui/CodeGenSorting$10
instanceKlass com/st/microxplorer/plugins/projectmanager/gui/CodeGenSorting$9
instanceKlass com/st/microxplorer/plugins/projectmanager/gui/CodeGenSorting$8
instanceKlass com/st/microxplorer/plugins/projectmanager/gui/CodeGenSorting$7
instanceKlass com/st/microxplorer/codegenerator/fctDefinition
instanceKlass com/st/microxplorer/plugins/projectmanager/gui/ProjectSettingsPanel$1
instanceKlass  @bci com/st/microxplorer/plugins/projectmanager/gui/CodeGenChoiceTab buildTemplateSettingsPanel ()V 225 <appendix> member <vmtarget> ; # com/st/microxplorer/plugins/projectmanager/gui/CodeGenChoiceTab$$Lambda+0x00000008009cf898
instanceKlass  @bci com/st/microxplorer/plugins/projectmanager/gui/CodeGenChoiceTab buildHalSettingsPanel ()V 417 <appendix> member <vmtarget> ; # com/st/microxplorer/plugins/projectmanager/gui/CodeGenChoiceTab$$Lambda+0x00000008009cf670
instanceKlass  @bci com/st/microxplorer/plugins/projectmanager/gui/CodeGenChoiceTab buildHalSettingsPanel ()V 341 <appendix> member <vmtarget> ; # com/st/microxplorer/plugins/projectmanager/gui/CodeGenChoiceTab$$Lambda+0x00000008009cf448
instanceKlass  @bci com/st/microxplorer/plugins/projectmanager/gui/CodeGenChoiceTab buildHalSettingsPanel ()V 332 <appendix> member <vmtarget> ; # com/st/microxplorer/plugins/projectmanager/gui/CodeGenChoiceTab$$Lambda+0x00000008009cf220
instanceKlass  @bci com/st/microxplorer/plugins/projectmanager/gui/CodeGenChoiceTab buildGeneratedFilePanel ()V 404 <appendix> member <vmtarget> ; # com/st/microxplorer/plugins/projectmanager/gui/CodeGenChoiceTab$$Lambda+0x00000008009ceff8
instanceKlass  @bci com/st/microxplorer/plugins/projectmanager/gui/CodeGenChoiceTab buildGeneratedFilePanel ()V 312 <appendix> member <vmtarget> ; # com/st/microxplorer/plugins/projectmanager/gui/CodeGenChoiceTab$$Lambda+0x00000008009cedd0
instanceKlass  @bci com/st/microxplorer/plugins/projectmanager/gui/CodeGenChoiceTab buildGeneratedFilePanel ()V 220 <appendix> member <vmtarget> ; # com/st/microxplorer/plugins/projectmanager/gui/CodeGenChoiceTab$$Lambda+0x00000008009ceba8
instanceKlass  @bci com/st/microxplorer/plugins/projectmanager/gui/CodeGenChoiceTab buildGeneratedFilePanel ()V 128 <appendix> member <vmtarget> ; # com/st/microxplorer/plugins/projectmanager/gui/CodeGenChoiceTab$$Lambda+0x00000008009ce980
instanceKlass  @bci com/st/microxplorer/plugins/projectmanager/gui/CodeGenChoiceTab buildFirmwareLibrarySettingsPanel ()V 335 <appendix> member <vmtarget> ; # com/st/microxplorer/plugins/projectmanager/gui/CodeGenChoiceTab$$Lambda+0x00000008009ce758
instanceKlass  @bci com/st/microxplorer/plugins/projectmanager/gui/CodeGenChoiceTab buildFirmwareLibrarySettingsPanel ()V 232 <appendix> member <vmtarget> ; # com/st/microxplorer/plugins/projectmanager/gui/CodeGenChoiceTab$$Lambda+0x00000008009ce530
instanceKlass  @bci com/st/microxplorer/plugins/projectmanager/gui/CodeGenChoiceTab buildFirmwareLibrarySettingsPanel ()V 139 <appendix> member <vmtarget> ; # com/st/microxplorer/plugins/projectmanager/gui/CodeGenChoiceTab$$Lambda+0x00000008009ce308
instanceKlass com/st/microxplorer/plugins/projectmanager/gui/CodeGenChoiceTab$5
instanceKlass com/st/microxplorer/plugins/projectmanager/gui/CodeGenChoiceTab$4
instanceKlass com/st/microxplorer/plugins/projectmanager/gui/CodeGenChoiceTab$2
instanceKlass com/st/microxplorer/plugins/projectmanager/gui/CodeGenChoiceTab$1
instanceKlass  @bci com/st/microxplorer/plugins/projectmanager/gui/ProjectChoiceTab buildMcuFirmwarePanel ()V 691 <appendix> member <vmtarget> ; # com/st/microxplorer/plugins/projectmanager/gui/ProjectChoiceTab$$Lambda+0x00000008009cb218
instanceKlass com/st/microxplorer/plugins/projectmanager/gui/ProjectChoiceTab$20
instanceKlass  @bci com/st/microxplorer/plugins/projectmanager/gui/ProjectChoiceTab buildProjectSettingPanel ()V 2606 <appendix> member <vmtarget> ; # com/st/microxplorer/plugins/projectmanager/gui/ProjectChoiceTab$$Lambda+0x00000008009ca980
instanceKlass  @bci com/st/microxplorer/plugins/projectmanager/gui/ProjectChoiceTab buildProjectSettingPanel ()V 2442 <appendix> member <vmtarget> ; # com/st/microxplorer/plugins/projectmanager/gui/ProjectChoiceTab$$Lambda+0x00000008009ca758
instanceKlass  @bci com/st/microxplorer/plugins/projectmanager/gui/ProjectChoiceTab buildProjectSettingPanel ()V 2268 <appendix> member <vmtarget> ; # com/st/microxplorer/plugins/projectmanager/gui/ProjectChoiceTab$$Lambda+0x00000008009ca530
instanceKlass  @bci com/st/microxplorer/plugins/projectmanager/gui/ProjectChoiceTab buildProjectSettingPanel ()V 2165 <appendix> member <vmtarget> ; # com/st/microxplorer/plugins/projectmanager/gui/ProjectChoiceTab$$Lambda+0x00000008009ca308
instanceKlass  @bci com/st/microxplorer/plugins/projectmanager/gui/ProjectChoiceTab buildProjectSettingPanel ()V 2147 <appendix> member <vmtarget> ; # com/st/microxplorer/plugins/projectmanager/gui/ProjectChoiceTab$$Lambda+0x00000008009ca0e0
instanceKlass com/st/microxplorer/plugins/projectmanager/gui/ComboListenerWithoutFire
instanceKlass com/st/microxplorer/plugins/projectmanager/gui/ListenerForCombobox
instanceKlass  @bci com/st/microxplorer/plugins/projectmanager/gui/ProjectChoiceTab buildProjectSettingPanel ()V 1717 <appendix> member <vmtarget> ; # com/st/microxplorer/plugins/projectmanager/gui/ProjectChoiceTab$$Lambda+0x00000008009c88d8
instanceKlass com/st/microxplorer/plugins/projectmanager/gui/ProjectItemForCombo
instanceKlass com/st/microxplorer/plugins/projectmanager/gui/CEnable
instanceKlass  @bci com/st/microxplorer/plugins/projectmanager/gui/ProjectChoiceTab buildProjectSettingPanel ()V 937 <appendix> member <vmtarget> ; # com/st/microxplorer/plugins/projectmanager/gui/ProjectChoiceTab$$Lambda+0x00000008009c8470
instanceKlass com/st/microxplorer/plugins/projectmanager/gui/ProjectChoiceTab$19
instanceKlass com/st/microxplorer/plugins/projectmanager/gui/OpenSTLinuxSettingsPanel$3
instanceKlass com/st/microxplorer/plugins/projectmanager/gui/OpenSTLinuxSettingsPanel$2
instanceKlass com/st/microxplorer/plugins/projectmanager/gui/OpenSTLinuxSettingsPanel$1
instanceKlass  @bci com/st/microxplorer/plugins/projectmanager/util/APIToolchain <init> (Ljava/lang/String;)V 610 <appendix> argL0 ; # com/st/microxplorer/plugins/projectmanager/util/APIToolchain$$Lambda+0x00000008009c7790
instanceKlass com/st/microxplorer/plugins/projectmanager/util/version
instanceKlass com/st/microxplorer/plugins/projectmanager/util/toolchain
instanceKlass com/st/microxplorer/plugins/projectmanager/util/APIToolchain
instanceKlass com/st/microxplorer/plugins/ip/usart/gui/UsartManager
instanceKlass com/st/microxplorer/plugins/ipmanager/generictreatment/model/Parameter$ParamValue
instanceKlass com/st/microxplorer/plugins/ip/spi/gui/SpiManager
instanceKlass com/st/microxplorer/plugins/ip/gpio/model/GpioParamManager
instanceKlass com/st/microxplorer/plugins/ipmanager/generictreatment/model/Parameter
instanceKlass com/st/microxplorer/codegenerator/MwFile
instanceKlass com/st/microxplorer/altova/db/IP_Configs/FileType$MemberAttribute_path
instanceKlass com/st/microxplorer/altova/db/IP_Configs/FileType$MemberAttribute_src
instanceKlass com/st/microxplorer/altova/db/IP_Configs/FileType$MemberAttribute_select
instanceKlass com/st/microxplorer/altova/db/IP_Configs/FileType$MemberAttribute_attr
instanceKlass com/st/microxplorer/altova/db/IP_Configs/FileType$MemberAttribute_ComponentName
instanceKlass com/st/microxplorer/altova/db/IP_Configs/FileType$MemberAttribute_Condition
instanceKlass com/st/microxplorer/altova/db/IP_Configs/FileType$MemberAttribute_Version
instanceKlass com/st/microxplorer/altova/db/IP_Configs/FileType$MemberAttribute_Category
instanceKlass com/st/microxplorer/altova/db/IP_Configs/FileType$MemberAttribute_ExcludedFromBuild
instanceKlass com/st/microxplorer/altova/db/IP_Configs/FileType$MemberAttribute_Name
instanceKlass com/st/microxplorer/altova/db/IP_Configs/RefComponentType$MemberElement_File$MemberElement_File_Iterator
instanceKlass com/st/microxplorer/codegenerator/RefComponent
instanceKlass com/st/microxplorer/altova/db/IP_Configs/RefComponentType$MemberElement_SubComponent
instanceKlass com/st/microxplorer/altova/db/IP_Configs/RefComponentType$MemberElement_File
instanceKlass com/st/microxplorer/altova/db/IP_Configs/RefComponentType$MemberAttribute_generator
instanceKlass com/st/microxplorer/altova/db/IP_Configs/RefComponentType$MemberAttribute_isDefaultVariant
instanceKlass com/st/microxplorer/altova/db/IP_Configs/RefComponentType$MemberAttribute_Capiversion
instanceKlass com/st/microxplorer/altova/db/IP_Configs/RefComponentType$MemberAttribute_Licence
instanceKlass com/st/microxplorer/altova/db/IP_Configs/RefComponentType$MemberAttribute_Url
instanceKlass com/st/microxplorer/altova/db/IP_Configs/RefComponentType$MemberAttribute_Vendor
instanceKlass com/st/microxplorer/altova/db/IP_Configs/RefComponentType$MemberAttribute_Description
instanceKlass com/st/microxplorer/altova/db/IP_Configs/RefComponentType$MemberAttribute_maxInstances
instanceKlass com/st/microxplorer/altova/db/IP_Configs/RefComponentType$MemberAttribute_Cversion
instanceKlass com/st/microxplorer/altova/db/IP_Configs/RefComponentType$MemberAttribute_Cgroup
instanceKlass com/st/microxplorer/altova/db/IP_Configs/RefComponentType$MemberAttribute_Cclass
instanceKlass com/st/microxplorer/altova/db/IP_Configs/IPType$MemberElement_RefComponent$MemberElement_RefComponent_Iterator
instanceKlass com/st/microxplorer/altova/db/IP_Configs/ComponentType$MemberAttribute_Name
instanceKlass com/st/microxplorer/altova/db/IP_Configs/RefConfigType$MemberElement_Component$MemberElement_Component_Iterator
instanceKlass com/st/microxplorer/altova/db/IP_Configs/RefConfigType$MemberElement_IFCondition$MemberElement_IFCondition_Iterator
instanceKlass com/st/microxplorer/altova/db/IP_Configs/MethodArgType$MemberElement_CallLibMethod
instanceKlass com/st/microxplorer/altova/db/IP_Configs/MethodArgType$MemberAttribute_FValue
instanceKlass com/st/microxplorer/altova/db/IP_Configs/MethodArgType$MemberAttribute_ParameterName
instanceKlass com/st/microxplorer/altova/db/IP_Configs/MethodArgType$MemberAttribute_Name
instanceKlass com/st/microxplorer/altova/db/IP_Configs/CallLibMethodType$MemberElement_MethodArg$MemberElement_MethodArg_Iterator
instanceKlass com/st/microxplorer/altova/db/IP_Configs/ArgumentType$MemberElement_Argument$MemberElement_Argument_Iterator
instanceKlass com/st/microxplorer/codegenerator/Argument
instanceKlass com/st/microxplorer/altova/db/IP_Configs/ArgumentType$MemberElement_Argument
instanceKlass com/st/microxplorer/altova/db/IP_Configs/ArgumentType$MemberAttribute_RenameFileName
instanceKlass com/st/microxplorer/altova/db/IP_Configs/ArgumentType$MemberAttribute_Cast
instanceKlass com/st/microxplorer/altova/db/IP_Configs/ArgumentType$MemberAttribute_Added
instanceKlass com/st/microxplorer/altova/db/IP_Configs/ArgumentType$MemberAttribute_Condition
instanceKlass com/st/microxplorer/altova/db/IP_Configs/ArgumentType$MemberAttribute_Context
instanceKlass com/st/microxplorer/altova/db/IP_Configs/ArgumentType$MemberAttribute_ParamName
instanceKlass com/st/microxplorer/altova/db/IP_Configs/ArgumentType$MemberAttribute_Optional
instanceKlass com/st/microxplorer/altova/db/IP_Configs/ArgumentType$MemberAttribute_OptimizationCondition
instanceKlass com/st/microxplorer/altova/db/IP_Configs/ArgumentType$MemberAttribute_AddressOf
instanceKlass com/st/microxplorer/altova/db/IP_Configs/ArgumentType$MemberAttribute_ArraySize
instanceKlass com/st/microxplorer/altova/db/IP_Configs/ArgumentType$MemberAttribute_TypeName
instanceKlass com/st/microxplorer/altova/db/IP_Configs/ArgumentType$MemberAttribute_Comment
instanceKlass com/st/microxplorer/altova/db/IP_Configs/ArgumentType$MemberAttribute_GenericType
instanceKlass com/st/microxplorer/altova/db/IP_Configs/ArgumentType$MemberAttribute_Name
instanceKlass com/st/microxplorer/altova/db/IP_Configs/ArgumentType$MemberAttribute_ParmName
instanceKlass com/st/microxplorer/altova/db/IP_Configs/LibMethodType$MemberElement_Argument$MemberElement_Argument_Iterator
instanceKlass com/st/microxplorer/codegenerator/LibMethod
instanceKlass com/st/microxplorer/altova/db/IP_Configs/LibMethodType$MemberElement_Condition
instanceKlass com/st/microxplorer/altova/db/IP_Configs/LibMethodType$MemberElement_Argument
instanceKlass com/st/microxplorer/altova/db/IP_Configs/LibMethodType$MemberAttribute_isCallBackMethod
instanceKlass com/st/microxplorer/altova/db/IP_Configs/LibMethodType$MemberAttribute_Optimizable
instanceKlass com/st/microxplorer/altova/db/IP_Configs/LibMethodType$MemberAttribute_Comment
instanceKlass com/st/microxplorer/altova/db/IP_Configs/LibMethodType$MemberAttribute_Name
instanceKlass com/st/microxplorer/altova/db/IP_Configs/IPType$MemberElement_LibMethod$MemberElement_LibMethod_Iterator
instanceKlass com/st/microxplorer/altova/db/IP_Configs/CallLibMethodType$MemberElement_ReturnStatement
instanceKlass com/st/microxplorer/altova/db/IP_Configs/CallLibMethodType$MemberElement_HardCode
instanceKlass com/st/microxplorer/altova/db/IP_Configs/CallLibMethodType$MemberElement_MethodArg
instanceKlass com/st/microxplorer/altova/db/IP_Configs/CallLibMethodType$MemberAttribute_callMethod
instanceKlass com/st/microxplorer/altova/db/IP_Configs/CallLibMethodType$MemberAttribute_Phase
instanceKlass com/st/microxplorer/altova/db/IP_Configs/CallLibMethodType$MemberAttribute_ReturnHAL
instanceKlass com/st/microxplorer/altova/db/IP_Configs/CallLibMethodType$MemberAttribute_IPInitMethod
instanceKlass com/st/microxplorer/altova/db/IP_Configs/CallLibMethodType$MemberAttribute_Name
instanceKlass com/st/microxplorer/altova/db/IP_Configs/CallLibMethodType$MemberAttribute_Type
instanceKlass com/st/microxplorer/altova/db/IP_Configs/RefConfigType$MemberElement_CallLibMethod$MemberElement_CallLibMethod_Iterator
instanceKlass com/st/microxplorer/codegenerator/Config
instanceKlass com/st/microxplorer/altova/db/IP_Configs/RefConfigType$MemberElement_Defines
instanceKlass com/st/microxplorer/altova/db/IP_Configs/RefConfigType$MemberElement_BspComponent
instanceKlass com/st/microxplorer/altova/db/IP_Configs/RefConfigType$MemberElement_ConfigFile
instanceKlass com/st/microxplorer/altova/db/IP_Configs/RefConfigType$MemberElement_Component
instanceKlass com/st/microxplorer/altova/db/IP_Configs/RefConfigType$MemberElement_ImplementCallBack
instanceKlass com/st/microxplorer/altova/db/IP_Configs/RefConfigType$MemberElement_IFCondition
instanceKlass com/st/microxplorer/altova/db/IP_Configs/RefConfigType$MemberElement_CallLibMethod
instanceKlass com/st/microxplorer/altova/db/IP_Configs/RefConfigType$MemberAttribute_Comment
instanceKlass com/st/microxplorer/altova/db/IP_Configs/RefConfigType$MemberAttribute_RespectOrder
instanceKlass com/st/microxplorer/altova/db/IP_Configs/RefConfigType$MemberAttribute_Name
instanceKlass com/st/microxplorer/altova/db/IP_Configs/IPType$MemberElement_RefConfig$MemberElement_RefConfig_Iterator
instanceKlass com/st/microxplorer/altova/db/IP_Configs/IPType$MemberElement_RefBspComponent
instanceKlass com/st/microxplorer/altova/db/IP_Configs/IPType$MemberElement_RefConfigFile
instanceKlass com/st/microxplorer/altova/db/IP_Configs/IPType$MemberElement_RefComponent
instanceKlass com/st/microxplorer/altova/db/IP_Configs/IPType$MemberElement_LibMethod
instanceKlass com/st/microxplorer/altova/db/IP_Configs/IPType$MemberElement_RefConfig
instanceKlass com/st/microxplorer/altova/db/IP_Configs/IPType$MemberAttribute_usedHierachicalGroup
instanceKlass com/st/microxplorer/altova/db/IP_Configs/IPType$MemberAttribute_RootFolder
instanceKlass com/st/microxplorer/altova/db/IP_Configs/IPType$MemberAttribute_CodeTemplate
instanceKlass com/st/microxplorer/altova/db/IP_Configs/IPType$MemberAttribute_IncludeFile
instanceKlass com/st/microxplorer/altova/db/IP_Configs/IPType$MemberAttribute_Version
instanceKlass com/st/microxplorer/altova/db/IP_Configs/IPType$MemberAttribute_DBVersion
instanceKlass com/st/microxplorer/altova/db/IP_Configs/IPType$MemberAttribute_Name
instanceKlass com/st/microxplorer/altova/db/IP_Configs/IP_Configs2$MemberElement_RefConfigFile
instanceKlass com/st/microxplorer/altova/db/IP_Configs/IP_Configs2$MemberElement_RefConfig
instanceKlass com/st/microxplorer/altova/db/IP_Configs/IP_Configs2$MemberElement_RefComponent
instanceKlass com/st/microxplorer/altova/db/IP_Configs/IP_Configs2$MemberElement_RefBspComponent
instanceKlass com/st/microxplorer/altova/db/IP_Configs/IP_Configs2$MemberElement_LibMethod
instanceKlass com/st/microxplorer/altova/db/IP_Configs/IP_Configs2$MemberElement_IP
instanceKlass com/st/microxplorer/altova/db/IP_Configs/IP_Configs2$MemberElement_IFCondition
instanceKlass com/st/microxplorer/altova/db/IP_Configs/IP_Configs2$MemberElement_File
instanceKlass com/st/microxplorer/altova/db/IP_Configs/IP_Configs2$MemberElement_CallLibMethod
instanceKlass com/st/microxplorer/altova/db/IP_Configs/IP_Configs_TypeInfo$MemberInfoCreator
instanceKlass com/altova/xml/XsValidation$FacetCheck_hexBinary_maxLength
instanceKlass com/altova/xml/XsValidation$FacetCheck_hexBinary_minLength
instanceKlass com/altova/xml/XsValidation$FacetCheck_hexBinary_length
instanceKlass com/altova/xml/XsValidation$FacetCheck_string_enumeration
instanceKlass com/altova/xml/XsValidation$FacetCheck_string_maxLength
instanceKlass com/altova/xml/XsValidation$FacetCheck_string_minLength
instanceKlass com/altova/xml/XsValidation$FacetCheck_string_length
instanceKlass com/altova/xml/XsValidation$FacetCheck_Success
instanceKlass com/altova/typeinfo/FacetCheckInterface
instanceKlass com/altova/xml/XsValidation
instanceKlass com/st/microxplorer/altova/db/IP_Configs/IP_Configs_TypeInfo$TypeInfoCreator
instanceKlass com/st/microxplorer/altova/db/IP_Configs/IP_Configs_TypeInfo$InfoBinder
instanceKlass com/st/microxplorer/altova/db/IP_Configs/IP_Configs_TypeInfo
instanceKlass com/st/microxplorer/altova/db/IP_Configs/IP_Configs2$MemberElement_Argument
instanceKlass com/st/microxplorer/db/ApiDbIPConfig
instanceKlass com/st/microxplorer/plugins/ip/freertos/util/BackwardCompatibilityServices
instanceKlass com/st/microxplorer/plugins/ipmanager/gui/IPsOverviews$1
instanceKlass com/st/microxplorer/plugins/ipmanager/gui/BlockDiagram$1
# instanceKlass java/lang/invoke/LambdaForm$MH+0x00000008009b0000
instanceKlass org/jfree/chart/plot/PlotRenderingInfo
instanceKlass org/jfree/chart/entity/StandardEntityCollection
instanceKlass org/jfree/chart/ChartRenderingInfo
instanceKlass org/jfree/chart/ChartMouseListener
instanceKlass org/jfree/chart/panel/Overlay
instanceKlass java/awt/print/PageFormat
instanceKlass org/jfree/chart/annotations/XYAnnotationBoundsInfo
instanceKlass org/jfree/ui/Layer
instanceKlass org/jfree/chart/annotations/AbstractXYAnnotation
instanceKlass org/jfree/data/xy/XYDataItem
instanceKlass  @bci sun/util/locale/provider/JRELocaleProviderAdapter getDateFormatProvider ()Ljava/text/spi/DateFormatProvider; 8 <appendix> member <vmtarget> ; # sun/util/locale/provider/JRELocaleProviderAdapter$$Lambda+0x0000000800879018
instanceKlass org/jfree/chart/block/LineBorder
instanceKlass org/jfree/ui/RectangleAnchor
instanceKlass org/jfree/chart/block/BlockBorder
instanceKlass org/jfree/chart/block/ColumnArrangement
instanceKlass org/jfree/chart/block/FlowArrangement
instanceKlass org/jfree/ui/VerticalAlignment
instanceKlass org/jfree/ui/HorizontalAlignment
instanceKlass org/jfree/ui/RectangleEdge
instanceKlass org/jfree/chart/entity/EntityCollection
instanceKlass org/jfree/chart/block/Arrangement
instanceKlass org/jfree/base/AbstractBoot
instanceKlass org/jfree/base/modules/SubSystem
instanceKlass org/jfree/base/BasicProjectInfo$OptionalLibraryHolder
instanceKlass org/jfree/util/ResourceBundleWrapper
instanceKlass org/jfree/JCommon
instanceKlass org/jfree/ui/about/Contributor
instanceKlass org/jfree/ui/about/Licences
instanceKlass  @bci java/util/ResourceBundle$Control newBundle0 (Ljava/lang/String;Ljava/lang/String;Ljava/lang/ClassLoader;Z)Ljava/util/ResourceBundle; 172 <appendix> member <vmtarget> ; # java/util/ResourceBundle$Control$$Lambda+0x0000000800878df0
instanceKlass java/util/ResourceBundle$Control$1
instanceKlass org/jfree/chart/block/BlockFrame
instanceKlass org/jfree/base/Library
instanceKlass org/jfree/chart/labels/AbstractXYItemLabelGenerator
instanceKlass org/jfree/data/xy/XYRangeInfo
instanceKlass org/jfree/chart/axis/AxisLocation
instanceKlass org/jfree/data/xy/XYDomainInfo
instanceKlass org/jfree/data/xy/OHLCDataset
instanceKlass org/jfree/data/statistics/BoxAndWhiskerCategoryDataset
instanceKlass org/jfree/data/general/DatasetUtilities
instanceKlass org/jfree/chart/plot/SeriesRenderingOrder
instanceKlass org/jfree/chart/plot/DatasetRenderingOrder
instanceKlass org/jfree/chart/util/ResourceBundleWrapper
instanceKlass org/jfree/text/TextMeasurer
instanceKlass org/jfree/chart/labels/StandardXYSeriesLabelGenerator
instanceKlass org/jfree/ui/TextAnchor
instanceKlass org/jfree/chart/labels/ItemLabelAnchor
instanceKlass org/jfree/chart/labels/ItemLabelPosition
instanceKlass org/jfree/util/AbstractObjectList
instanceKlass org/jfree/chart/renderer/RendererState
instanceKlass org/jfree/chart/labels/XYSeriesLabelGenerator
instanceKlass org/jfree/chart/event/ChartChangeEventType
instanceKlass org/jfree/data/RangeType
instanceKlass org/jfree/chart/axis/TickUnits
instanceKlass org/jfree/ui/GradientPaintTransformer
instanceKlass org/jfree/chart/labels/CategorySeriesLabelGenerator
instanceKlass org/jfree/chart/Effect3D
instanceKlass org/jfree/chart/renderer/xy/GradientXYBarPainter
instanceKlass org/jfree/chart/renderer/category/GradientBarPainter
instanceKlass org/jfree/chart/plot/PieLabelLinkStyle
instanceKlass java/awt/Polygon
instanceKlass org/jfree/chart/plot/DefaultDrawingSupplier
instanceKlass org/jfree/util/UnitType
instanceKlass org/jfree/ui/RectangleInsets
instanceKlass org/jfree/data/Range
instanceKlass org/jfree/chart/axis/TickUnitSource
instanceKlass org/jfree/chart/axis/TickUnit
instanceKlass java/awt/font/LineMetrics
instanceKlass org/jfree/chart/entity/ChartEntity
instanceKlass org/jfree/chart/plot/DrawingSupplier
instanceKlass org/jfree/chart/StandardChartTheme
instanceKlass org/jfree/chart/ChartTheme
instanceKlass org/jfree/chart/block/AbstractBlock
instanceKlass org/jfree/chart/block/Block
instanceKlass org/jfree/chart/renderer/PolarItemRenderer
instanceKlass org/jfree/chart/labels/PieSectionLabelGenerator
instanceKlass org/jfree/chart/renderer/xy/XYBarPainter
instanceKlass org/jfree/chart/renderer/category/BarPainter
instanceKlass org/jfree/chart/plot/Marker
instanceKlass org/jfree/chart/urls/PieURLGenerator
instanceKlass org/jfree/chart/labels/PieToolTipGenerator
instanceKlass org/jfree/chart/renderer/xy/XYItemRenderer
instanceKlass org/jfree/chart/urls/XYURLGenerator
instanceKlass org/jfree/chart/urls/CategoryURLGenerator
instanceKlass org/jfree/chart/labels/CategoryToolTipGenerator
instanceKlass org/jfree/chart/ChartFactory
instanceKlass org/jfree/chart/plot/PlotOrientation
instanceKlass org/jfree/data/xy/IntervalXYDelegate
instanceKlass org/jfree/data/general/DatasetGroup
instanceKlass org/jfree/data/general/AbstractDataset
instanceKlass org/jfree/data/general/SeriesChangeListener
instanceKlass org/jfree/data/RangeInfo
instanceKlass org/jfree/data/DomainInfo
instanceKlass org/jfree/data/xy/IntervalXYDataset
instanceKlass org/jfree/data/general/Series
instanceKlass jdk/internal/math/FormattedFPDecimal
instanceKlass  @bci com/st/microxplorer/plugins/ip/spi/gui/SpiManager valueHelpString (ILjava/lang/String;)Ljava/lang/String; 52 <appendix> form vmentry <vmtarget> ; # java/lang/invoke/LambdaForm$MH+0x000000080098c800
# instanceKlass java/lang/invoke/LambdaForm$MH+0x000000080098c400
instanceKlass org/jdesktop/swingx/HorizontalLayout
instanceKlass com/st/microxplorer/plugins/power/util/UserBatteryFile
instanceKlass com/st/microxplorer/plugins/power/util/Calculation
instanceKlass com/st/microxplorer/plugins/power/ss/powerdashboard/model/stepproperty/StepProperty
instanceKlass  @bci com/st/microxplorer/plugins/power/util/ConversionUnit frequencyStringConversion (I)Ljava/lang/String; 48 <appendix> form vmentry <vmtarget> ; # java/lang/invoke/LambdaForm$MH+0x000000080098c000
instanceKlass com/st/microxplorer/plugins/power/util/ConversionUnit
instanceKlass com/st/microxplorer/plugins/power/util/Compute
instanceKlass com/st/microxplorer/plugins/power/ss/powerdashboard/model/WelcomeUseCase
instanceKlass com/st/microxplorer/plugins/power/ss/powerdashboard/model/stepproperty/StepPropertyBuilder
instanceKlass com/st/microxplorer/plugins/power/ss/powerdashboard/model/stepproperty/StepPropertyFactory
instanceKlass org/jdesktop/swingx/plaf/basic/BasicTaskPaneUI$2
instanceKlass com/st/microxplorer/plugins/power/gui/parameterpanel/BatterySelectorWindow$3
instanceKlass com/st/microxplorer/plugins/power/gui/parameterpanel/BatterySelectorWindow$7
instanceKlass com/st/microxplorer/plugins/power/gui/parameterpanel/BatterySelectorWindow$8
# instanceKlass java/lang/invoke/LambdaForm$DMH+0x0000000800984c00
# instanceKlass java/lang/invoke/LambdaForm$MH+0x0000000800984800
instanceKlass javax/swing/JTable$ModelChange
instanceKlass org/jaxen/expr/DefaultPredicate
instanceKlass org/jaxen/expr/EqualityExpr
instanceKlass javax/swing/DefaultRowSorter$Row
instanceKlass javax/swing/RowSorter$SortKey
instanceKlass com/st/microxplorer/plugins/power/mcu/powerresource/BatteryTable$1
instanceKlass com/st/microxplorer/plugins/power/gui/parameterpanel/BatterySelectorWindow$1
instanceKlass com/st/microxplorer/plugins/power/gui/parameterpanel/BatterySelectorWindow$2
instanceKlass com/st/microxplorer/plugins/power/gui/parameterpanel/BatterySelectorWindow$4
instanceKlass com/st/microxplorer/plugins/power/gui/parameterpanel/BatterySelectorWindow$5
instanceKlass com/st/microxplorer/plugins/power/gui/parameterpanel/BatterySelectorWindow$6
# instanceKlass java/lang/invoke/LambdaForm$MH+0x0000000800984400
# instanceKlass java/lang/invoke/LambdaForm$MH+0x0000000800984000
instanceKlass javax/swing/plaf/basic/BasicSliderUI$PropertyChangeHandler
instanceKlass javax/swing/plaf/basic/BasicSliderUI$ScrollListener
instanceKlass javax/swing/plaf/basic/BasicSliderUI$Handler
instanceKlass javax/swing/JSlider$ModelListener
instanceKlass com/st/microxplorer/plugins/power/ss/powerdashboard/view/ConfigurableDashboardLine
instanceKlass com/st/microxplorer/plugins/power/ss/powerdashboard/view/View
instanceKlass com/st/microxplorer/plugins/power/ss/powerdashboard/controler/Controller$12
instanceKlass com/st/microxplorer/plugins/power/ss/powerdashboard/controler/Controller$11
instanceKlass com/st/microxplorer/plugins/power/ss/powerdashboard/controler/Controller$10
instanceKlass com/st/microxplorer/plugins/power/ss/powerdashboard/controler/Controller$9
instanceKlass com/st/microxplorer/plugins/power/ss/powerdashboard/controler/Controller$8
instanceKlass com/st/microxplorer/plugins/power/ss/powerdashboard/controler/Controller$7
instanceKlass com/st/microxplorer/plugins/power/ss/powerdashboard/controler/Controller$6
instanceKlass com/st/microxplorer/plugins/power/ss/powerdashboard/controler/Controller$5
instanceKlass java/security/CodeSigner
instanceKlass com/st/microxplorer/plugins/power/ss/powerdashboard/controler/Controller$4
instanceKlass com/st/microxplorer/plugins/power/ss/powerdashboard/controler/Controller$3
instanceKlass com/st/microxplorer/plugins/power/ss/powerdashboard/controler/Controller$2
instanceKlass com/st/microxplorer/plugins/power/ss/powerdashboard/controler/Controller$1
instanceKlass com/st/microxplorer/plugins/power/ss/powerdashboard/controler/Controller
instanceKlass com/st/microxplorer/plugins/power/ss/powerdashboard/model/SectionLine
instanceKlass com/st/microxplorer/plugins/power/ss/util/SsConstant
instanceKlass com/st/microxplorer/plugins/power/ss/powerdashboard/model/InputForSmartService
instanceKlass com/st/microxplorer/plugins/power/ss/powerdashboard/model/WelcomeSection
instanceKlass com/st/microxplorer/plugins/power/ss/powerdashboard/model/Model
instanceKlass  @bci sun/util/locale/provider/JRELocaleProviderAdapter getCurrencyNameProvider ()Ljava/util/spi/CurrencyNameProvider; 8 <appendix> member <vmtarget> ; # sun/util/locale/provider/JRELocaleProviderAdapter$$Lambda+0x0000000800871038
instanceKlass java/util/Currency$CurrencyNameGetter
instanceKlass com/st/microxplorer/plugins/power/gui/parameterpanel/PowerParameterPanel$4
instanceKlass com/st/microxplorer/plugins/power/gui/parameterpanel/PowerParameterPanel$15
instanceKlass com/st/microxplorer/plugins/power/gui/parameterpanel/PowerParameterPanel$14
instanceKlass com/st/microxplorer/plugins/power/gui/parameterpanel/PowerParameterPanel$13
instanceKlass com/st/microxplorer/plugins/power/gui/parameterpanel/PowerParameterPanel$12
instanceKlass com/st/microxplorer/plugins/power/gui/parameterpanel/PowerParameterPanel$11
instanceKlass com/st/microxplorer/plugins/power/gui/parameterpanel/PowerParameterPanel$10
instanceKlass com/st/microxplorer/plugins/power/gui/parameterpanel/PowerParameterPanel$9
instanceKlass com/st/microxplorer/plugins/power/gui/parameterpanel/PowerParameterPanel$8
instanceKlass com/st/microxplorer/plugins/power/gui/parameterpanel/PowerParameterPanel$7
instanceKlass com/st/microxplorer/plugins/power/gui/parameterpanel/PowerParameterPanel$6
instanceKlass java/util/TimerTask
instanceKlass com/st/microxplorer/plugins/power/gui/parameterpanel/PowerParameterPanel$5
instanceKlass com/st/microxplorer/plugins/power/gui/parameterpanel/PowerParameterPanel$2
instanceKlass org/jfree/chart/LegendItemCollection
instanceKlass org/jfree/chart/renderer/AbstractRenderer
instanceKlass org/jfree/chart/plot/Plot
instanceKlass org/jfree/chart/event/MarkerChangeListener
instanceKlass org/jfree/data/general/DatasetChangeListener
instanceKlass org/jfree/chart/event/AxisChangeListener
instanceKlass org/jfree/util/PublicCloneable
instanceKlass org/jfree/chart/event/RendererChangeListener
instanceKlass org/jfree/chart/plot/Zoomable
instanceKlass org/jfree/chart/plot/Pannable
instanceKlass org/jfree/chart/plot/ValueAxisPlot
instanceKlass org/jfree/data/category/CategoryDataset
instanceKlass org/jfree/data/KeyedValues2D
instanceKlass org/jfree/data/Values2D
instanceKlass org/jfree/chart/labels/CategoryItemLabelGenerator
instanceKlass org/jfree/chart/renderer/category/CategoryItemRenderer
instanceKlass org/jfree/chart/LegendItemSource
instanceKlass org/jfree/chart/axis/Axis
instanceKlass org/jfree/data/general/PieDataset
instanceKlass org/jfree/data/KeyedValues
instanceKlass org/jfree/data/Values
instanceKlass org/jfree/chart/labels/XYToolTipGenerator
instanceKlass org/jfree/chart/annotations/XYAnnotation
instanceKlass org/jfree/data/xy/XYDataset
instanceKlass org/jfree/data/general/SeriesDataset
instanceKlass org/jfree/data/general/Dataset
instanceKlass  @bci com/st/microxplorer/plugins/power/gui/powerout/PowerOutPanel buildDisplayPanel ()V 221 <appendix> form vmentry <vmtarget> ; # java/lang/invoke/LambdaForm$MH+0x0000000800972000
# instanceKlass java/lang/invoke/LambdaForm$MH+0x0000000800971c00
# instanceKlass java/lang/invoke/LambdaForm$MH+0x0000000800971800
# instanceKlass java/lang/invoke/LambdaForm$MH+0x0000000800971400
# instanceKlass java/lang/invoke/LambdaForm$MH+0x0000000800971000
# instanceKlass java/lang/invoke/LambdaForm$MH+0x0000000800970c00
# instanceKlass java/lang/invoke/LambdaForm$MH+0x0000000800970800
# instanceKlass java/lang/invoke/LambdaForm$MH+0x0000000800970400
# instanceKlass java/lang/invoke/LambdaForm$MH+0x0000000800970000
instanceKlass com/st/microxplorer/plugins/power/util/UndoRedoManager
instanceKlass com/st/microxplorer/plugins/power/util/UserPreferences$1
instanceKlass com/st/microxplorer/plugins/power/util/UserPreferences
instanceKlass com/st/microxplorer/plugins/power/mcu/sequencetable/AbstractSequenceTable$2
instanceKlass com/st/microxplorer/plugins/power/ss/powerdashboard/model/SequenceProperty
instanceKlass com/st/microxplorer/plugins/power/mcu/powerstep/AbstractPowerStep
instanceKlass com/st/microxplorer/plugins/power/mcu/sequencetable/SequenceTableFactory
instanceKlass com/st/microxplorer/plugins/power/util/Constant
instanceKlass com/st/microxplorer/plugins/power/util/GraphicalSetting
instanceKlass com/st/microxplorer/plugins/power/gui/common/BorderedPanel
instanceKlass com/st/microxplorer/plugins/power/gui/powerout/ResultsDisplayType
instanceKlass com/st/microxplorer/plugins/power/mcu/SequenceFileProperties
instanceKlass com/st/microxplorer/plugins/power/gui/powerout/PowerOutPanel$30
instanceKlass com/st/microxplorer/plugins/power/gui/powerout/PowerOutPanel$29
instanceKlass com/st/microxplorer/plugins/power/gui/powerout/PowerOutPanel$28
instanceKlass com/st/microxplorer/plugins/power/gui/powerout/PowerOutPanel$27
instanceKlass com/st/microxplorer/plugins/power/gui/powerout/PowerOutPanel$26
instanceKlass com/st/microxplorer/plugins/power/gui/powerout/PowerOutPanel$25
instanceKlass com/st/microxplorer/plugins/power/gui/powerout/PowerOutPanel$24
instanceKlass com/st/microxplorer/plugins/power/gui/powerout/PowerOutPanel$23
instanceKlass com/st/microxplorer/plugins/power/gui/powerout/PowerOutPanel$22
instanceKlass com/st/microxplorer/plugins/power/gui/powerout/PowerOutPanel$20
instanceKlass com/st/microxplorer/plugins/power/gui/powerout/PowerOutPanel$19
instanceKlass com/st/microxplorer/plugins/power/gui/powerout/PowerOutPanel$18
instanceKlass com/st/microxplorer/plugins/power/gui/powerout/PowerOutPanel$17
instanceKlass com/st/microxplorer/plugins/power/gui/powerout/PowerOutPanel$16
instanceKlass com/st/microxplorer/plugins/power/gui/powerout/PowerOutPanel$15
instanceKlass com/st/microxplorer/plugins/power/gui/powerout/PowerOutPanel$14
instanceKlass com/st/microxplorer/plugins/power/gui/powerout/PowerOutPanel$13
instanceKlass com/st/microxplorer/plugins/power/gui/powerout/PowerOutPanel$12
instanceKlass com/st/microxplorer/plugins/power/gui/powerout/PowerOutPanel$11
instanceKlass com/st/microxplorer/plugins/power/gui/powerout/PowerOutPanel$10
instanceKlass com/st/microxplorer/plugins/power/gui/powerout/PowerOutPanel$9
instanceKlass org/jfree/chart/JFreeChart
instanceKlass org/jfree/chart/event/PlotChangeListener
instanceKlass org/jfree/chart/event/TitleChangeListener
instanceKlass org/jfree/ui/Drawable
instanceKlass java/awt/print/Printable
instanceKlass org/jfree/chart/event/OverlayChangeListener
instanceKlass org/jfree/chart/event/ChartProgressListener
instanceKlass org/jfree/chart/event/ChartChangeListener
instanceKlass com/st/microxplorer/plugins/power/api/DieDatasheet
instanceKlass com/st/microxplorer/plugins/power/mcu/DatasheetList
instanceKlass com/st/microxplorer/plugins/power/api/DieConsumption
instanceKlass com/st/microxplorer/plugins/power/api/DiePeripheralPowerModes
instanceKlass com/st/microxplorer/plugins/power/api/DiePeripheralConsumption
instanceKlass com/st/microxplorer/plugins/power/api/DiePeripheral
instanceKlass com/st/microxplorer/plugins/power/mcu/PeripheralList
instanceKlass com/st/microxplorer/plugins/power/mcu/AbstractUseCase
instanceKlass com/st/microxplorer/plugins/power/mcu/usecaselist/UseCaseList
instanceKlass com/st/microxplorer/plugins/power/mcu/usecaselist/IUseCaseList
instanceKlass com/st/microxplorer/plugins/power/mcu/usecaselist/UseCaseListFactory
instanceKlass com/st/microxplorer/plugins/power/api/AllSeriesSeries
instanceKlass com/st/microxplorer/plugins/power/api/AllSeriesDatasheets
instanceKlass com/st/microxplorer/plugins/power/api/AllSeriesDie
instanceKlass com/st/microxplorer/plugins/power/api/AllSeriesLine
instanceKlass com/st/microxplorer/plugins/power/api/AllSeriesOperatingPowerMode
instanceKlass com/st/microxplorer/plugins/power/api/AllSeriesPowerMode
instanceKlass org/jaxen/util/FollowingSiblingAxisIterator
instanceKlass org/jaxen/jdom/XPathNamespace
instanceKlass org/jaxen/expr/NodeComparator
instanceKlass org/jaxen/JaxenConstants
instanceKlass org/jaxen/expr/IdentitySet$IdentityWrapper
instanceKlass org/jaxen/util/SingleObjectIterator
instanceKlass org/jaxen/util/DescendantAxisIterator
instanceKlass org/jaxen/expr/IdentitySet
instanceKlass org/jaxen/Context
instanceKlass org/jaxen/SimpleVariableContext
instanceKlass org/jaxen/function/ext/EndsWithFunction
instanceKlass org/jaxen/function/ext/LocaleFunctionSupport
instanceKlass org/jaxen/function/ext/EvaluateFunction
instanceKlass org/jaxen/function/xslt/DocumentFunction
instanceKlass org/jaxen/function/TranslateFunction
instanceKlass org/jaxen/function/TrueFunction
instanceKlass org/jaxen/function/SumFunction
instanceKlass org/jaxen/function/SubstringFunction
instanceKlass org/jaxen/function/SubstringBeforeFunction
instanceKlass org/jaxen/function/SubstringAfterFunction
instanceKlass org/jaxen/function/StringLengthFunction
instanceKlass org/jaxen/function/StringFunction
instanceKlass org/jaxen/function/StartsWithFunction
instanceKlass org/jaxen/function/RoundFunction
instanceKlass org/jaxen/function/PositionFunction
instanceKlass org/jaxen/function/NumberFunction
instanceKlass org/jaxen/function/NotFunction
instanceKlass org/jaxen/function/NormalizeSpaceFunction
instanceKlass org/jaxen/function/NamespaceUriFunction
instanceKlass org/jaxen/function/NameFunction
instanceKlass org/jaxen/function/LocalNameFunction
instanceKlass org/jaxen/function/LastFunction
instanceKlass org/jaxen/function/LangFunction
instanceKlass org/jaxen/function/IdFunction
instanceKlass org/jaxen/function/FloorFunction
instanceKlass org/jaxen/function/FalseFunction
instanceKlass org/jaxen/function/CountFunction
instanceKlass org/jaxen/function/ContainsFunction
instanceKlass org/jaxen/function/ConcatFunction
instanceKlass org/jaxen/function/CeilingFunction
instanceKlass org/jaxen/QualifiedName
instanceKlass org/jaxen/function/BooleanFunction
instanceKlass org/jaxen/Function
instanceKlass org/jaxen/SimpleFunctionContext
instanceKlass org/jaxen/FunctionContext
instanceKlass org/jaxen/ContextSupport
instanceKlass org/jaxen/SimpleNamespaceContext
instanceKlass org/jaxen/expr/DefaultXPathExpr
instanceKlass org/jaxen/expr/NameStep
instanceKlass org/jaxen/saxpath/base/Verifier
instanceKlass org/jaxen/expr/PredicateSet
instanceKlass org/jaxen/expr/DefaultStep
instanceKlass org/jaxen/expr/AllNodeStep
instanceKlass org/jaxen/expr/DefaultExpr
instanceKlass org/jaxen/saxpath/base/Token
instanceKlass org/jaxen/saxpath/base/XPathLexer
instanceKlass org/jaxen/expr/LocationPath
instanceKlass org/jaxen/expr/FunctionCallExpr
instanceKlass org/jaxen/expr/VariableReferenceExpr
instanceKlass org/jaxen/expr/NumberExpr
instanceKlass org/jaxen/expr/XPathExpr
instanceKlass org/jaxen/expr/Predicate
instanceKlass org/jaxen/expr/Step
instanceKlass org/jaxen/expr/iter/IterableAxis
instanceKlass org/jaxen/expr/FilterExpr
instanceKlass org/jaxen/expr/LiteralExpr
instanceKlass org/jaxen/expr/PathExpr
instanceKlass org/jaxen/expr/UnionExpr
instanceKlass org/jaxen/expr/BinaryExpr
instanceKlass org/jaxen/expr/Expr
instanceKlass org/jaxen/expr/DefaultXPathFactory
instanceKlass org/jaxen/expr/XPathFactory
instanceKlass org/jaxen/expr/Predicated
instanceKlass org/jaxen/JaxenHandler
instanceKlass org/jaxen/saxpath/helpers/DefaultXPathHandler
instanceKlass org/jaxen/saxpath/base/XPathReader
instanceKlass org/jaxen/saxpath/XPathReader
instanceKlass org/jaxen/saxpath/SAXPathEventSource
instanceKlass org/jaxen/saxpath/helpers/XPathReaderFactory
instanceKlass org/jaxen/jdom/DocumentNavigator$Singleton
instanceKlass org/jaxen/DefaultNavigator
instanceKlass org/jaxen/NamedAccessNavigator
instanceKlass org/jaxen/Navigator
instanceKlass org/jaxen/saxpath/XPathHandler
instanceKlass org/jaxen/VariableContext
instanceKlass org/jaxen/BaseXPath
instanceKlass org/jaxen/XPath
instanceKlass org/jaxen/NamespaceContext
instanceKlass org/jdom/xpath/XPath
instanceKlass com/st/microxplorer/plugins/power/api/APISeries
instanceKlass com/st/microxplorer/plugins/power/api/APIDie
instanceKlass com/st/microxplorer/plugins/power/api/APISmps
instanceKlass com/st/microxplorer/plugins/power/api/APIBattery
instanceKlass com/st/microxplorer/plugins/power/api/APIConsumption
instanceKlass com/st/microxplorer/plugins/power/mcu/PowerInfo
instanceKlass com/st/microxplorer/plugins/power/mcu/PowerSmps
instanceKlass com/st/microxplorer/plugins/power/mcu/PowerBattery
instanceKlass com/st/microxplorer/plugins/clock/gui/ClockTreeUI$ElementSave
instanceKlass com/st/microxplorer/plugins/clock/gui/ClockTreeUI$ClockConfig
instanceKlass com/st/microxplorer/plugins/clock/gui/DistinctValsSourceUI
instanceKlass com/st/microxplorer/plugins/clock/gui/PixelClockSourceUI
instanceKlass com/st/microxplorer/plugins/clock/gui/FractionalUI
instanceKlass com/sun/imageio/stream/CloseableDisposerRecord
instanceKlass com/st/microxplorer/plugins/clock/gui/TButtonUI$1
instanceKlass com/st/microxplorer/plugins/clock/gui/TButtonUI
instanceKlass com/st/microxplorer/plugins/clock/gui/LabelUI
instanceKlass com/st/microxplorer/plugins/clock/gui/MultiplexerUI$1
instanceKlass javax/swing/plaf/metal/MetalIconFactory$RadioButtonIcon
instanceKlass com/st/microxplorer/plugins/clock/gui/MultiplexerUI
instanceKlass com/st/microxplorer/plugins/clock/gui/VariedSourceUI$2
# instanceKlass java/lang/invoke/LambdaForm$MH+0x000000080093fc00
instanceKlass  @bci com/st/microxplorer/plugins/clock/gui/VariedSourceUI <init> (Lcom/st/microxplorer/plugins/clock/model/clocktree/VariedSource;)V 641 <adapter> ; # java/lang/invoke/LambdaForm$MH+0x000000080093f800
# instanceKlass java/lang/invoke/LambdaForm$DMH+0x000000080093f400
instanceKlass  @bci com/st/microxplorer/plugins/clock/gui/VariedSourceUI <init> (Lcom/st/microxplorer/plugins/clock/model/clocktree/VariedSource;)V 641 <appendix> form vmentry <vmtarget> ; # java/lang/invoke/LambdaForm$MH+0x000000080093f000
# instanceKlass java/lang/invoke/LambdaForm$MH+0x000000080093ec00
instanceKlass  @bci com/st/microxplorer/plugins/clock/gui/VariedSourceUI <init> (Lcom/st/microxplorer/plugins/clock/model/clocktree/VariedSource;)V 641 <appendix> form names 7 function resolvedHandle form vmentry <vmtarget> ; # java/lang/invoke/LambdaForm$DMH+0x000000080093e800
instanceKlass  @bci com/st/microxplorer/plugins/clock/gui/VariedSourceUI <init> (Lcom/st/microxplorer/plugins/clock/model/clocktree/VariedSource;)V 641 <appendix> argL3 form vmentry <vmtarget> ; # java/lang/invoke/LambdaForm$MH+0x000000080093e400
# instanceKlass java/lang/invoke/LambdaForm$MH+0x000000080093e000
# instanceKlass java/lang/invoke/LambdaForm$MH+0x000000080093dc00
# instanceKlass java/lang/invoke/LambdaForm$MH+0x000000080093d800
# instanceKlass java/lang/invoke/LambdaForm$MH+0x000000080093d400
instanceKlass  @bci com/st/microxplorer/plugins/clock/gui/VariedSourceUI <init> (Lcom/st/microxplorer/plugins/clock/model/clocktree/VariedSource;)V 641 <appendix> form names 11 function resolvedHandle form vmentry <vmtarget> ; # java/lang/invoke/LambdaForm$DMH+0x000000080093d000
instanceKlass  @bci com/st/microxplorer/plugins/clock/gui/VariedSourceUI <init> (Lcom/st/microxplorer/plugins/clock/model/clocktree/VariedSource;)V 641 <appendix> argL1 form vmentry <vmtarget> ; # java/lang/invoke/LambdaForm$MH+0x000000080093cc00
# instanceKlass java/lang/invoke/LambdaForm$MH+0x000000080093c800
# instanceKlass java/lang/invoke/LambdaForm$MH+0x000000080093c400
# instanceKlass java/lang/invoke/LambdaForm$MH+0x000000080093c000
instanceKlass com/st/microxplorer/plugins/clock/gui/VariedSourceUI
instanceKlass com/st/microxplorer/plugins/clock/gui/OutputUI
instanceKlass com/st/microxplorer/plugins/clock/utils/TextFormat
instanceKlass com/st/microxplorer/plugins/clock/gui/FixedSourceUI
instanceKlass com/st/microxplorer/plugins/clock/gui/ActiveOutputUI$1
instanceKlass com/st/microxplorer/plugins/clock/gui/ArithmeticOperatorUI$1
instanceKlass com/st/microxplorer/plugins/clock/utils/TooltipHelper
instanceKlass java/util/concurrent/Semaphore
instanceKlass com/st/microxplorer/plugins/clock/gui/ArithmeticOperatorUI
instanceKlass com/st/microxplorer/altova/db/MCU_Clock/ClockType$MemberElement_Background$MemberElement_Background_Iterator
instanceKlass com/st/microxplorer/plugins/clock/model/clocktree/TButton
instanceKlass com/st/microxplorer/altova/db/MCU_Clock/BButtonType$MemberElement_Condition
instanceKlass com/st/microxplorer/altova/db/MCU_Clock/BButtonType$MemberAttribute_id
instanceKlass com/st/microxplorer/altova/db/MCU_Clock/BButtonType$MemberAttribute_refParameter
instanceKlass com/st/microxplorer/altova/db/MCU_Clock/BButtonType$MemberAttribute_x
instanceKlass com/st/microxplorer/altova/db/MCU_Clock/BButtonType$MemberAttribute_y
instanceKlass com/st/microxplorer/altova/db/MCU_Clock/BButtonType$MemberAttribute_text
instanceKlass com/st/microxplorer/altova/db/MCU_Clock/ClockType$MemberElement_BButton$MemberElement_BButton_Iterator
instanceKlass com/st/microxplorer/plugins/clock/model/clocktree/TLabel
instanceKlass com/st/microxplorer/altova/db/MCU_Clock/LabelType$MemberElement_Condition
instanceKlass com/st/microxplorer/altova/db/MCU_Clock/LabelType$MemberAttribute_refEnable
instanceKlass com/st/microxplorer/altova/db/MCU_Clock/LabelType$MemberAttribute_posY
instanceKlass com/st/microxplorer/altova/db/MCU_Clock/LabelType$MemberAttribute_posX
instanceKlass com/st/microxplorer/altova/db/MCU_Clock/LabelType$MemberAttribute_type
instanceKlass com/st/microxplorer/altova/db/MCU_Clock/LabelType$MemberAttribute_text
instanceKlass com/st/microxplorer/altova/db/MCU_Clock/LabelType$MemberAttribute_id
instanceKlass com/st/microxplorer/altova/db/MCU_Clock/ClockType$MemberElement_Label$MemberElement_Label_Iterator
instanceKlass java/math/MathContext
instanceKlass com/st/microxplorer/plugins/clock/model/clocktree/Multiplexer$RadioButton
instanceKlass com/st/microxplorer/altova/db/MCU_Clock/InputType$MemberAttribute_from
instanceKlass com/st/microxplorer/altova/db/MCU_Clock/InputType$MemberAttribute_refValue
instanceKlass com/st/microxplorer/altova/db/MCU_Clock/InputType$MemberAttribute_signalId
instanceKlass com/st/microxplorer/altova/db/MCU_Clock/ElementType$MemberElement_Input$MemberElement_Input_Iterator
instanceKlass com/st/microxplorer/plugins/clock/model/clocktree/Connection
instanceKlass com/st/microxplorer/altova/db/MCU_Clock/OutputType$MemberAttribute_signalId
instanceKlass com/st/microxplorer/altova/db/MCU_Clock/OutputType$MemberAttribute_to
instanceKlass com/st/microxplorer/altova/db/MCU_Clock/ElementType$MemberElement_Output$MemberElement_Output_Iterator
instanceKlass com/st/microxplorer/altova/db/MCU_Clock/TreeType$MemberElement_Tree$MemberElement_Tree_Iterator
instanceKlass com/st/microxplorer/altova/db/MCU_Clock/ElementType$MemberElement_Output
instanceKlass com/st/microxplorer/altova/db/MCU_Clock/ElementType$MemberElement_Input
instanceKlass com/st/microxplorer/altova/db/MCU_Clock/ElementType$MemberElement_Condition
instanceKlass com/st/microxplorer/altova/db/MCU_Clock/ElementType$MemberAttribute_refLock
instanceKlass com/st/microxplorer/altova/db/MCU_Clock/ElementType$MemberAttribute_isTZRes
instanceKlass com/st/microxplorer/altova/db/MCU_Clock/ElementType$MemberAttribute_refSecure
instanceKlass com/st/microxplorer/altova/db/MCU_Clock/ElementType$MemberAttribute_refEnable
instanceKlass com/st/microxplorer/altova/db/MCU_Clock/ElementType$MemberAttribute_id
instanceKlass com/st/microxplorer/altova/db/MCU_Clock/ElementType$MemberAttribute_isKey
instanceKlass com/st/microxplorer/altova/db/MCU_Clock/ElementType$MemberAttribute_orientation
instanceKlass com/st/microxplorer/altova/db/MCU_Clock/ElementType$MemberAttribute_refParameter
instanceKlass com/st/microxplorer/altova/db/MCU_Clock/ElementType$MemberAttribute_type
instanceKlass com/st/microxplorer/altova/db/MCU_Clock/ElementType$MemberAttribute_x
instanceKlass com/st/microxplorer/altova/db/MCU_Clock/ElementType$MemberAttribute_y
instanceKlass com/st/microxplorer/altova/db/MCU_Clock/TreeType$MemberElement_Element$MemberElement_Element_Iterator
instanceKlass com/st/microxplorer/altova/db/MCU_Clock/TreeType$MemberElement_Tree
instanceKlass com/st/microxplorer/altova/db/MCU_Clock/TreeType$MemberElement_Element
instanceKlass com/st/microxplorer/altova/db/MCU_Clock/TreeType$MemberAttribute_id
instanceKlass com/st/microxplorer/plugins/clock/model/clocktree/Signal
instanceKlass com/st/microxplorer/altova/db/MCU_Clock/SignalType$MemberAttribute_id
instanceKlass com/st/microxplorer/altova/db/MCU_Clock/SignalType$MemberAttribute_refParameter
instanceKlass com/st/microxplorer/altova/db/MCU_Clock/SignalsType$MemberElement_Signal$MemberElement_Signal_Iterator
instanceKlass com/st/microxplorer/altova/db/MCU_Clock/SignalsType$MemberElement_Signal
instanceKlass com/st/microxplorer/altova/db/MCU_Clock/ClockType$MemberElement_Signals$MemberElement_Signals_Iterator
instanceKlass com/st/microxplorer/altova/db/MCU_Clock/ClockType$MemberElement_BButton
instanceKlass com/st/microxplorer/altova/db/MCU_Clock/ClockType$MemberElement_Label
instanceKlass com/st/microxplorer/altova/db/MCU_Clock/ClockType$MemberElement_Signals
instanceKlass com/st/microxplorer/altova/db/MCU_Clock/ClockType$MemberElement_Tree
instanceKlass com/st/microxplorer/altova/db/MCU_Clock/ClockType$MemberElement_Background
instanceKlass com/st/microxplorer/altova/db/MCU_Clock/ClockType$MemberAttribute_savedConfig
instanceKlass com/st/microxplorer/altova/db/MCU_Clock/MCU_Clock2$MemberElement_Tree
instanceKlass com/st/microxplorer/altova/db/MCU_Clock/MCU_Clock2$MemberElement_Signals
instanceKlass com/st/microxplorer/altova/db/MCU_Clock/MCU_Clock2$MemberElement_Signal
instanceKlass com/st/microxplorer/altova/db/MCU_Clock/MCU_Clock2$MemberElement_Output
instanceKlass com/st/microxplorer/altova/db/MCU_Clock/MCU_Clock2$MemberElement_Label
instanceKlass com/st/microxplorer/altova/db/MCU_Clock/MCU_Clock2$MemberElement_Input
instanceKlass com/st/microxplorer/altova/db/MCU_Clock/MCU_Clock2$MemberElement_Element
instanceKlass com/st/microxplorer/altova/db/MCU_Clock/MCU_Clock2$MemberElement_Condition
instanceKlass com/st/microxplorer/altova/db/MCU_Clock/MCU_Clock2$MemberElement_Clock
instanceKlass com/st/microxplorer/altova/db/MCU_Clock/MCU_Clock2$MemberElement_Background
instanceKlass com/st/microxplorer/altova/db/MCU_Clock/MCU_Clock_TypeInfo$MemberInfoCreator
instanceKlass java/security/DomainCombiner
instanceKlass com/st/microxplorer/altova/db/MCU_Clock/MCU_Clock_TypeInfo$TypeInfoCreator
instanceKlass com/st/microxplorer/altova/db/MCU_Clock/MCU_Clock_TypeInfo$InfoBinder
instanceKlass com/st/microxplorer/altova/db/MCU_Clock/MCU_Clock_TypeInfo
instanceKlass com/st/microxplorer/altova/db/MCU_Clock/MCU_Clock2$MemberElement_BButton
instanceKlass com/st/microxplorer/plugins/clock/model/clocktree/Tree
instanceKlass com/st/microxplorer/plugins/clock/utils/MessageDialog
instanceKlass com/st/microxplorer/plugins/clock/gui/ActiveOutputUI
instanceKlass com/st/microxplorer/plugins/clock/model/clocktree/NumericElement
instanceKlass com/st/microxplorer/plugins/clock/model/clocktree/Oscillator
instanceKlass com/st/microxplorer/plugins/clock/model/clocktree/Element
instanceKlass com/st/microxplorer/plugins/clock/db/ApiDbClock
instanceKlass com/st/microxplorer/plugins/clock/model/ClockTree
instanceKlass  @bci com/st/components/swing/AutocompleteComboBox init ()V 16 <appendix> member <vmtarget> ; # com/st/components/swing/AutocompleteComboBox$$Lambda+0x000000080091d858
instanceKlass  @bci com/st/microxplorer/plugins/pinoutconfig/gui/FindPanel init ()V 7 <appendix> member <vmtarget> ; # com/st/microxplorer/plugins/pinoutconfig/gui/FindPanel$$Lambda+0x0000000800913800
instanceKlass com/st/microxplorer/plugins/pinoutconfig/gui/PinOutPanel$7
instanceKlass com/st/microxplorer/plugins/pinoutconfig/engine/AbstractGPin
instanceKlass com/st/microxplorer/plugins/pinoutconfig/gui/PinOutPanel$12
instanceKlass com/st/microxplorer/plugins/rifAwareIps/parseAndManageFeatures/IpFeaturesManager
instanceKlass com/st/microxplorer/plugins/rifAwareIps/parseAndManageFeatures/RifStatusHelper
instanceKlass javax/swing/SizeSequence
instanceKlass com/st/microxplorer/peripheralpanel/IPContextTable$1
instanceKlass com/st/microxplorer/plugins/pinoutconfig/guiV5/CategoriesPane$TaskPanePropertyChangeListener
instanceKlass com/st/microxplorer/db/McuAttributeClassification$McuCategoryItemComparator
instanceKlass com/st/microxplorer/util/IpGroupComparator
instanceKlass org/jdom/output/NamespaceStack
instanceKlass org/jdom/output/Format$DefaultEscapeStrategy
instanceKlass org/jdom/output/Format$TextMode
instanceKlass org/jdom/output/EscapeStrategy
instanceKlass org/jdom/output/Format
instanceKlass org/jdom/output/XMLOutputter
instanceKlass com/st/microxplorer/util/RulesEngine$Rule
instanceKlass com/st/microxplorer/util/RulesEngine
instanceKlass sun/font/AttributeValues$1
instanceKlass com/st/microxplorer/plugins/thirdparty/ThirdPartyPackRequestProcessor
instanceKlass com/st/microxplorer/peripheralpanel/PeripheralTree$TreePopupMenu$6
instanceKlass com/st/microxplorer/peripheralpanel/PeripheralTree$TreePopupMenu$5
instanceKlass com/st/microxplorer/peripheralpanel/PeripheralTree$TreePopupMenu$4
instanceKlass com/st/microxplorer/peripheralpanel/PeripheralTree$TreePopupMenu$3
instanceKlass com/st/microxplorer/peripheralpanel/PeripheralTree$TreePopupMenu$2
instanceKlass com/st/microxplorer/peripheralpanel/PeripheralTree$TreePopupMenu$1
instanceKlass com/st/microxplorer/peripheralpanel/PeripheralTree$1
instanceKlass  @bci javax/swing/JLabel paramString ()Ljava/lang/String; 389 <adapter> ; # java/lang/invoke/LambdaForm$MH+0x0000000800913000
# instanceKlass java/lang/invoke/LambdaForm$DMH+0x0000000800912c00
instanceKlass  @bci javax/swing/JLabel paramString ()Ljava/lang/String; 389 <appendix> form vmentry <vmtarget> ; # java/lang/invoke/LambdaForm$MH+0x0000000800912800
# instanceKlass java/lang/invoke/LambdaForm$MH+0x0000000800912400
# instanceKlass java/lang/invoke/LambdaForm$MH+0x0000000800912000
instanceKlass  @bci javax/swing/JLabel paramString ()Ljava/lang/String; 389 <appendix> argL6 form vmentry <vmtarget> ; # java/lang/invoke/LambdaForm$MH+0x0000000800911c00
# instanceKlass java/lang/invoke/LambdaForm$MH+0x0000000800911800
# instanceKlass java/lang/invoke/LambdaForm$MH+0x0000000800911400
# instanceKlass java/lang/invoke/LambdaForm$MH+0x0000000800911000
# instanceKlass java/lang/invoke/LambdaForm$MH+0x0000000800910c00
# instanceKlass java/lang/invoke/LambdaForm$MH+0x0000000800910800
instanceKlass  @bci javax/swing/JLabel paramString ()Ljava/lang/String; 389 <appendix> form names 32 function resolvedHandle form vmentry <vmtarget> ; # java/lang/invoke/LambdaForm$DMH+0x0000000800910400
instanceKlass  @bci javax/swing/JLabel paramString ()Ljava/lang/String; 389 <appendix> argL2 form vmentry <vmtarget> ; # java/lang/invoke/LambdaForm$MH+0x0000000800910000
# instanceKlass java/lang/invoke/LambdaForm$MH+0x000000080090fc00
# instanceKlass java/lang/invoke/LambdaForm$MH+0x000000080090f800
# instanceKlass java/lang/invoke/LambdaForm$MH+0x000000080090f400
# instanceKlass java/lang/invoke/LambdaForm$MH+0x000000080090f000
instanceKlass jdk/internal/math/FloatToDecimal
instanceKlass  @bci javax/swing/JComponent paramString ()Ljava/lang/String; 122 <adapter> ; # java/lang/invoke/LambdaForm$MH+0x000000080090ec00
# instanceKlass java/lang/invoke/LambdaForm$DMH+0x000000080090e800
instanceKlass  @bci javax/swing/JComponent paramString ()Ljava/lang/String; 122 <appendix> form vmentry <vmtarget> ; # java/lang/invoke/LambdaForm$MH+0x000000080090e400
# instanceKlass java/lang/invoke/LambdaForm$MH+0x000000080090e000
# instanceKlass java/lang/invoke/LambdaForm$MH+0x000000080090dc00
# instanceKlass java/lang/invoke/LambdaForm$MH+0x000000080090d800
# instanceKlass java/lang/invoke/LambdaForm$MH+0x000000080090d400
# instanceKlass java/lang/invoke/LambdaForm$MH+0x000000080090d000
# instanceKlass java/lang/invoke/LambdaForm$MH+0x000000080090cc00
# instanceKlass java/lang/invoke/LambdaForm$MH+0x000000080090c800
instanceKlass  @bci java/awt/Component paramString ()Ljava/lang/String; 84 <adapter> ; # java/lang/invoke/LambdaForm$MH+0x000000080090c400
# instanceKlass java/lang/invoke/LambdaForm$DMH+0x000000080090c000
instanceKlass  @bci java/awt/Component paramString ()Ljava/lang/String; 84 <appendix> form vmentry <vmtarget> ; # java/lang/invoke/LambdaForm$MH+0x000000080090bc00
# instanceKlass java/lang/invoke/LambdaForm$MH+0x000000080090b800
instanceKlass  @bci java/awt/Component paramString ()Ljava/lang/String; 84 <appendix> form names 15 function resolvedHandle form vmentry <vmtarget> ; # java/lang/invoke/LambdaForm$DMH+0x000000080090b400
instanceKlass  @bci java/awt/Component paramString ()Ljava/lang/String; 84 <appendix> argL5 form vmentry <vmtarget> ; # java/lang/invoke/LambdaForm$MH+0x000000080090b000
# instanceKlass java/lang/invoke/LambdaForm$MH+0x000000080090ac00
# instanceKlass java/lang/invoke/LambdaForm$MH+0x000000080090a800
# instanceKlass java/lang/invoke/LambdaForm$MH+0x000000080090a400
instanceKlass  @bci java/awt/Component paramString ()Ljava/lang/String; 84 <appendix> form names 17 function resolvedHandle form vmentry <vmtarget> ; # java/lang/invoke/LambdaForm$DMH+0x000000080090a000
# instanceKlass java/lang/invoke/LambdaForm$MH+0x0000000800909c00
# instanceKlass java/lang/invoke/LambdaForm$MH+0x0000000800909800
instanceKlass  @bci java/awt/Component paramString ()Ljava/lang/String; 84 <appendix> form names 21 function resolvedHandle form vmentry <vmtarget> ; # java/lang/invoke/LambdaForm$DMH+0x0000000800909400
instanceKlass  @bci java/awt/Component paramString ()Ljava/lang/String; 84 <appendix> argL2 form vmentry <vmtarget> ; # java/lang/invoke/LambdaForm$MH+0x0000000800909000
# instanceKlass java/lang/invoke/LambdaForm$MH+0x0000000800908c00
# instanceKlass java/lang/invoke/LambdaForm$MH+0x0000000800908800
# instanceKlass java/lang/invoke/LambdaForm$MH+0x0000000800908400
# instanceKlass java/lang/invoke/LambdaForm$MH+0x0000000800908000
# instanceKlass java/lang/invoke/LambdaForm$MH+0x00000008008f9c00
# instanceKlass java/lang/invoke/LambdaForm$MH+0x00000008008f9800
# instanceKlass java/lang/invoke/LambdaForm$MH+0x00000008008f9400
# instanceKlass java/lang/invoke/LambdaForm$MH+0x00000008008f9000
# instanceKlass java/lang/invoke/LambdaForm$MH+0x00000008008f8c00
instanceKlass javax/swing/plaf/basic/BasicSpinnerUI$Handler
instanceKlass javax/swing/JSpinner$ModelListener
instanceKlass javax/swing/text/NavigationFilter$FilterBypass
instanceKlass javax/swing/text/NavigationFilter
instanceKlass javax/swing/text/DocumentFilter
instanceKlass javax/swing/JFormattedTextField$AbstractFormatterFactory
instanceKlass javax/swing/JFormattedTextField$DocumentHandler
instanceKlass javax/swing/JSpinner$DisabledAction
instanceKlass javax/swing/AbstractSpinnerModel
instanceKlass com/st/microxplorer/peripheralpanel/SpinnerPeriphMode$1
instanceKlass javax/swing/SpinnerModel
instanceKlass com/st/microxplorer/peripheralpanel/ComboPeriphMode$ComboItemStatus
instanceKlass com/st/microxplorer/mcu/SwPackComponentDescription
instanceKlass com/st/microxplorer/mcu/SwPackApiDescription
instanceKlass com/st/microxplorer/peripheralpanel/PeripheralTree$TreeviewNodeExpend
instanceKlass javax/swing/tree/DefaultMutableTreeNode$PreorderEnumeration
instanceKlass javax/swing/event/TreeWillExpandListener
instanceKlass com/st/microxplorer/mcu/Mcu$PinoutConfig$PinSave
instanceKlass com/st/components/util/SpecialSymbols
instanceKlass sun/java2d/pipe/ShapeSpanIterator
instanceKlass sun/awt/geom/PathConsumer2D
instanceKlass sun/java2d/pipe/SpanIterator
instanceKlass com/st/microxplorer/plugins/thirdparty/Migration
instanceKlass com/st/microxplorer/pinoutcompatible/PinoutCompatibleSearch
instanceKlass javax/swing/SwingWorker$4
# instanceKlass java/lang/invoke/LambdaForm$DMH+0x00000008008f8800
instanceKlass com/st/microxplorer/mcufinder/db/BoardInfo$2
instanceKlass com/st/microxplorer/mcufinder/db/BoardInfo$1
instanceKlass java/lang/foreign/MemorySegment
instanceKlass  @bci org/sqlite/jdbc3/JDBC3ResultSet safeGetDoubleCol (I)D 9 <appendix> member <vmtarget> ; # org/sqlite/jdbc3/JDBC3ResultSet$$Lambda+0x00000008008f53f0
instanceKlass  @cpi org/sqlite/jdbc3/JDBC3ResultSet 638 form vmentry <vmtarget> ; # java/lang/invoke/LambdaForm$DMH+0x00000008008f8400
instanceKlass org/sqlite/core/SafeStmtPtr$SafePtrDoubleFunction
instanceKlass com/st/microxplorer/mcufinder/db/BoardInfo
instanceKlass  @bci com/st/microxplorer/plugins/power/ss/powerdashboard/view/View updateResultsTitle (ILjava/lang/Float;Ljava/lang/String;)V 7 <adapter> ; # java/lang/invoke/LambdaForm$MH+0x00000008008f8000
# instanceKlass java/lang/invoke/LambdaForm$DMH+0x00000008008f3c00
instanceKlass  @bci com/st/microxplorer/plugins/power/ss/powerdashboard/view/View updateResultsTitle (ILjava/lang/Float;Ljava/lang/String;)V 7 <appendix> form vmentry <vmtarget> ; # java/lang/invoke/LambdaForm$MH+0x00000008008f3800
# instanceKlass java/lang/invoke/LambdaForm$MH+0x00000008008f3400
instanceKlass  @bci com/st/microxplorer/plugins/power/ss/powerdashboard/view/View updateResultsTitle (ILjava/lang/Float;Ljava/lang/String;)V 7 <appendix> form names 8 function resolvedHandle form vmentry <vmtarget> ; # java/lang/invoke/LambdaForm$DMH+0x00000008008f3000
instanceKlass  @bci com/st/microxplorer/plugins/power/ss/powerdashboard/view/View updateResultsTitle (ILjava/lang/Float;Ljava/lang/String;)V 7 <appendix> argL3 form vmentry <vmtarget> ; # java/lang/invoke/LambdaForm$MH+0x00000008008f2c00
# instanceKlass java/lang/invoke/LambdaForm$MH+0x00000008008f2800
# instanceKlass java/lang/invoke/LambdaForm$MH+0x00000008008f2400
# instanceKlass java/lang/invoke/LambdaForm$MH+0x00000008008f2000
# instanceKlass java/lang/invoke/LambdaForm$MH+0x00000008008f1c00
instanceKlass  @bci com/st/microxplorer/plugins/power/ss/powerdashboard/view/View updateResultsTitle (ILjava/lang/Float;Ljava/lang/String;)V 7 <appendix> form names 12 function resolvedHandle form vmentry <vmtarget> ; # java/lang/invoke/LambdaForm$DMH+0x00000008008f1800
instanceKlass  @bci com/st/microxplorer/plugins/power/ss/powerdashboard/view/View updateResultsTitle (ILjava/lang/Float;Ljava/lang/String;)V 7 <appendix> argL1 form vmentry <vmtarget> ; # java/lang/invoke/LambdaForm$MH+0x00000008008f1400
# instanceKlass java/lang/invoke/LambdaForm$MH+0x00000008008f1000
# instanceKlass java/lang/invoke/LambdaForm$MH+0x00000008008f0c00
# instanceKlass java/lang/invoke/LambdaForm$MH+0x00000008008f0800
instanceKlass com/st/microxplorer/mcufinder/db/Attribute
instanceKlass  @bci org/sqlite/jdbc3/JDBC3ResultSet next ()Z 78 <appendix> argL0 ; # org/sqlite/jdbc3/JDBC3ResultSet$$Lambda+0x00000008008f4670
instanceKlass  @bci org/sqlite/jdbc3/JDBC3ResultSet getInt (I)I 9 <appendix> member <vmtarget> ; # org/sqlite/jdbc3/JDBC3ResultSet$$Lambda+0x00000008008f4448
instanceKlass  @cpi org/sqlite/jdbc3/JDBC3ResultSet 544 form vmentry <vmtarget> ; # java/lang/invoke/LambdaForm$DMH+0x00000008008f0400
instanceKlass  @bci org/sqlite/core/CoreResultSet close ()V 105 <appendix> argL0 ; # org/sqlite/core/CoreResultSet$$Lambda+0x00000008008f4228
instanceKlass  @bci org/sqlite/jdbc3/JDBC3ResultSet safeGetLongCol (I)J 9 <appendix> member <vmtarget> ; # org/sqlite/jdbc3/JDBC3ResultSet$$Lambda+0x00000008008f4000
instanceKlass  @cpi org/sqlite/jdbc3/JDBC3ResultSet 634 form vmentry <vmtarget> ; # java/lang/invoke/LambdaForm$DMH+0x00000008008f0000
instanceKlass org/sqlite/core/SafeStmtPtr$SafePtrLongFunction
instanceKlass  @bci org/sqlite/jdbc3/JDBC3ResultSet safeGetColumnType (I)I 8 <appendix> member <vmtarget> ; # org/sqlite/jdbc3/JDBC3ResultSet$$Lambda+0x00000008008edae0
instanceKlass  @cpi org/sqlite/jdbc3/JDBC3ResultSet 631 form vmentry <vmtarget> ; # java/lang/invoke/LambdaForm$DMH+0x00000008008ecc00
instanceKlass  @bci org/sqlite/jdbc3/JDBC3ResultSet safeGetColumnText (I)Ljava/lang/String; 9 <appendix> member <vmtarget> ; # org/sqlite/jdbc3/JDBC3ResultSet$$Lambda+0x00000008008ed8b8
instanceKlass  @cpi org/sqlite/jdbc3/JDBC3ResultSet 641 form vmentry <vmtarget> ; # java/lang/invoke/LambdaForm$DMH+0x00000008008ec800
instanceKlass com/st/microxplorer/mcufinder/db/DbSqliteVersion
instanceKlass  @bci org/sqlite/jdbc3/JDBC3Statement getResultSet ()Ljava/sql/ResultSet; 68 <appendix> argL0 ; # org/sqlite/jdbc3/JDBC3Statement$$Lambda+0x00000008008ed448
instanceKlass  @bci org/sqlite/jdbc3/JDBC3Statement getResultSet ()Ljava/sql/ResultSet; 37 <appendix> argL0 ; # org/sqlite/jdbc3/JDBC3Statement$$Lambda+0x00000008008ed228
instanceKlass  @bci org/sqlite/jdbc3/JDBC3PreparedStatement executeQuery ()Ljava/sql/ResultSet; 67 <appendix> member <vmtarget> ; # org/sqlite/jdbc3/JDBC3PreparedStatement$$Lambda+0x00000008008ed000
instanceKlass  @bci org/sqlite/jdbc3/JDBC3PreparedStatement executeQuery ()Ljava/sql/ResultSet; 32 <appendix> argL0 ; # org/sqlite/jdbc3/JDBC3PreparedStatement$$Lambda+0x00000008008efc48
instanceKlass org/sqlite/core/SafeStmtPtr$SafePtrConsumer
instanceKlass  @bci org/sqlite/core/CorePreparedStatement <init> (Lorg/sqlite/SQLiteConnection;Ljava/lang/String;)V 63 <appendix> argL0 ; # org/sqlite/core/CorePreparedStatement$$Lambda+0x00000008008ef828
instanceKlass  @bci org/sqlite/core/CorePreparedStatement <init> (Lorg/sqlite/SQLiteConnection;Ljava/lang/String;)V 47 <appendix> argL0 ; # org/sqlite/core/CorePreparedStatement$$Lambda+0x00000008008ef608
instanceKlass  @bci org/sqlite/core/CorePreparedStatement <init> (Lorg/sqlite/SQLiteConnection;Ljava/lang/String;)V 28 <appendix> argL0 ; # org/sqlite/core/CorePreparedStatement$$Lambda+0x00000008008ef3e8
instanceKlass org/sqlite/core/SafeStmtPtr$SafePtrFunction
instanceKlass java/sql/ParameterMetaData
instanceKlass  @bci org/sqlite/core/CoreStatement exec ()Z 128 <appendix> argL0 ; # org/sqlite/core/CoreStatement$$Lambda+0x00000008008eb4e8
instanceKlass  @cpi org/sqlite/core/CoreResultSet 143 form vmentry <vmtarget> ; # java/lang/invoke/LambdaForm$DMH+0x00000008008ec400
instanceKlass  @bci org/sqlite/core/DB execute (Lorg/sqlite/core/CoreStatement;[Ljava/lang/Object;)Z 6 <appendix> member <vmtarget> ; # org/sqlite/core/DB$$Lambda+0x00000008008eb2c0
instanceKlass  @cpi org/sqlite/core/DB 480 form vmentry <vmtarget> ; # java/lang/invoke/LambdaForm$DMH+0x00000008008ec000
instanceKlass org/sqlite/core/SafeStmtPtr$SafePtrIntFunction
instanceKlass org/sqlite/core/SafeStmtPtr
instanceKlass  @bci org/sqlite/core/NativeDB prepare (Ljava/lang/String;)Lorg/sqlite/core/SafeStmtPtr; 4 <appendix> member <vmtarget> ; # org/sqlite/core/NativeDB$$Lambda+0x00000008008eac50
instanceKlass org/sqlite/ExtendedCommand$SQLExtension
instanceKlass org/sqlite/ExtendedCommand
instanceKlass  @bci org/sqlite/jdbc3/JDBC3Statement execute (Ljava/lang/String;)Z 7 <appendix> member <vmtarget> ; # org/sqlite/jdbc3/JDBC3Statement$$Lambda+0x00000008008ea620
instanceKlass org/sqlite/jdbc3/JDBC3Statement$SQLCallable
instanceKlass java/sql/Clob
instanceKlass java/sql/ResultSetMetaData
instanceKlass java/sql/ResultSet
instanceKlass org/sqlite/core/CoreResultSet
instanceKlass org/sqlite/core/CoreStatement
instanceKlass org/sqlite/BusyHandler
instanceKlass org/sqlite/ProgressHandler
instanceKlass org/sqlite/core/DB$ProgressObserver
instanceKlass org/sqlite/Collation
instanceKlass org/sqlite/Function
instanceKlass org/sqlite/util/ProcessRunner
instanceKlass org/sqlite/util/OSInfo
instanceKlass org/sqlite/util/LibraryLoaderUtil
instanceKlass  @bci org/sqlite/SQLiteJDBCLoader cleanup ()V 44 <appendix> argL0 ; # org/sqlite/SQLiteJDBCLoader$$Lambda+0x00000008008e6330
instanceKlass  @bci org/sqlite/SQLiteJDBCLoader cleanup ()V 34 <appendix> member <vmtarget> ; # org/sqlite/SQLiteJDBCLoader$$Lambda+0x00000008008e60d8
instanceKlass  @bci java/nio/file/Files asUncheckedRunnable (Ljava/io/Closeable;)Ljava/lang/Runnable; 1 <appendix> member <vmtarget> ; # java/nio/file/Files$$Lambda+0x0000000800861498
instanceKlass java/nio/file/Files$2
instanceKlass org/sqlite/SQLiteJDBCLoader$VersionHolder
instanceKlass org/sqlite/SQLiteJDBCLoader
instanceKlass  @bci java/util/regex/CharPredicates category (I)Ljava/util/regex/Pattern$CharPredicate; 1 <appendix> member <vmtarget> ; # java/util/regex/CharPredicates$$Lambda+0x0000000800860fd0
instanceKlass org/sqlite/date/FastDateParser$Strategy
instanceKlass org/sqlite/date/FastDateParser
instanceKlass org/sqlite/date/FastDatePrinter$TwoDigitNumberField
instanceKlass org/sqlite/date/FastDatePrinter$TwoDigitMonthField
instanceKlass org/sqlite/date/FastDatePrinter$CharacterLiteral
instanceKlass org/sqlite/date/FastDatePrinter$PaddedNumberField
instanceKlass org/sqlite/date/FastDatePrinter$NumberRule
instanceKlass org/sqlite/date/FastDatePrinter$Rule
instanceKlass org/sqlite/date/FastDatePrinter
instanceKlass org/sqlite/date/FormatCache$MultipartKey
instanceKlass org/sqlite/date/FormatCache
instanceKlass org/sqlite/date/DatePrinter
instanceKlass org/sqlite/date/DateParser
instanceKlass org/sqlite/SQLiteConnectionConfig
instanceKlass org/sqlite/SQLiteConfig$OnOff
instanceKlass org/sqlite/SQLiteConfig$PragmaValue
instanceKlass org/sqlite/SQLiteConfig
instanceKlass java/sql/PreparedStatement
instanceKlass java/sql/Statement
instanceKlass java/sql/Savepoint
instanceKlass org/sqlite/core/CoreDatabaseMetaData
instanceKlass java/sql/DatabaseMetaData
instanceKlass org/sqlite/core/DB
instanceKlass org/sqlite/core/Codes
instanceKlass java/sql/DriverInfo
instanceKlass org/sqlite/util/LoggerFactory$SLF4JLogger
instanceKlass org/sqlite/util/Logger
instanceKlass org/sqlite/util/LoggerFactory
instanceKlass org/sqlite/SQLiteConnection
instanceKlass java/sql/Connection
instanceKlass java/sql/Wrapper
instanceKlass org/sqlite/JDBC
instanceKlass java/sql/Driver
instanceKlass java/sql/DriverManager$2
instanceKlass java/sql/DriverManager$1
instanceKlass java/sql/DriverManager
instanceKlass com/st/microxplorer/mcu/GPIOService$PinSemaphore
instanceKlass com/st/microxplorer/mcu/SwPackDescription
instanceKlass com/st/microxplorer/plugins/thirdparty/ThirdPartyIpManager
instanceKlass com/st/microxplorer/plugins/thirdparty/db/solver/checker/ToolchainChecker
instanceKlass com/st/microxplorer/mcu/rtos/RtosManager$RtosOwner
instanceKlass com/st/microxplorer/plugins/thirdparty/db/solver/getter/api/ApiVersionGetter
instanceKlass com/st/microxplorer/plugins/thirdparty/db/solver/getter/api/ApiGroupGetter
instanceKlass com/st/microxplorer/plugins/thirdparty/db/solver/getter/api/ApiClassGetter
instanceKlass com/st/microxplorer/plugins/thirdparty/db/solver/getter/api/ApiAttributeGetter$1
instanceKlass com/st/microxplorer/plugins/thirdparty/db/solver/getter/api/ApiAttributeGetter
instanceKlass com/st/microxplorer/plugins/thirdparty/model/ModelComponent$VirtualApiCondition
instanceKlass  @bci com/st/microxplorer/plugins/thirdparty/xml/XmlIntegratedPack getMatchingIps (Lcom/st/microxplorer/mcu/Mcu;)Ljava/util/List; 2 <appendix> argL0 ; # com/st/microxplorer/plugins/thirdparty/xml/XmlIntegratedPack$$Lambda+0x00000008008d3dd8
instanceKlass com/st/microxplorer/plugins/thirdparty/db/solver/checker/McuChecker
instanceKlass com/st/microxplorer/util/ThirdPartySwApiManager$ThirdPartySwApi
instanceKlass com/st/microxplorer/plugins/thirdparty/db/solver/checker/McuEvaluator
instanceKlass com/st/microxplorer/plugins/thirdparty/db/solver/checker/DeviceEvaluator
instanceKlass com/st/microxplorer/plugins/thirdparty/model/tree/GroupChildNode
instanceKlass com/st/microxplorer/plugins/thirdparty/model/tree/ComponentTreeNode
instanceKlass com/st/microxplorer/plugins/thirdparty/model/tree/CommonTreeNode
instanceKlass com/st/microxplorer/plugins/thirdparty/model/ModelComponent
instanceKlass  @bci com/st/microxplorer/plugins/thirdparty/cli/ThirdPartyCli addCommands ()V 88 <appendix> member <vmtarget> ; # com/st/microxplorer/plugins/thirdparty/cli/ThirdPartyCli$$Lambda+0x00000008008d0000
instanceKlass  @bci com/st/microxplorer/plugins/thirdparty/cli/ThirdPartyCli addCommands ()V 72 <appendix> member <vmtarget> ; # com/st/microxplorer/plugins/thirdparty/cli/ThirdPartyCli$$Lambda+0x00000008008cfcd8
instanceKlass  @bci com/st/microxplorer/plugins/thirdparty/cli/ThirdPartyCli addCommands ()V 56 <appendix> member <vmtarget> ; # com/st/microxplorer/plugins/thirdparty/cli/ThirdPartyCli$$Lambda+0x00000008008cfab0
instanceKlass  @bci com/st/microxplorer/plugins/thirdparty/cli/ThirdPartyCli addCommands ()V 40 <appendix> member <vmtarget> ; # com/st/microxplorer/plugins/thirdparty/cli/ThirdPartyCli$$Lambda+0x00000008008cf888
instanceKlass  @bci com/st/microxplorer/plugins/thirdparty/cli/ThirdPartyCli addCommands ()V 24 <appendix> member <vmtarget> ; # com/st/microxplorer/plugins/thirdparty/cli/ThirdPartyCli$$Lambda+0x00000008008cf660
instanceKlass  @bci com/st/microxplorer/plugins/thirdparty/cli/ThirdPartyCli addCommands ()V 8 <appendix> member <vmtarget> ; # com/st/microxplorer/plugins/thirdparty/cli/ThirdPartyCli$$Lambda+0x00000008008cf438
instanceKlass com/st/microxplorer/plugins/thirdparty/util/SharedServices
instanceKlass com/st/microxplorer/plugins/thirdparty/gui/controller/QueryFilter
instanceKlass com/st/microxplorer/plugins/thirdparty/gui/controller/SingleContextFilterController
instanceKlass com/st/microxplorer/plugins/thirdparty/gui/controller/FilterController
instanceKlass com/st/microxplorer/plugins/thirdparty/gui/controller/DefaultController
instanceKlass com/st/microxplorer/plugins/thirdparty/gui/controller/FilterControllerFactory
instanceKlass com/st/microxplorer/plugins/thirdparty/gui/view/DefaultObserver
instanceKlass com/st/microxplorer/plugins/thirdparty/model/ModelPack
instanceKlass com/st/microxplorer/plugins/thirdparty/model/AbstractModel
instanceKlass com/st/microxplorer/plugins/thirdparty/Migration$MigrationResultListener
instanceKlass com/st/microxplorer/plugins/thirdparty/model/MultiContextThirdPartyModelManager
instanceKlass com/st/microxplorer/plugins/thirdparty/model/ThirdPartyModelManagerFactory
instanceKlass  @bci java/util/regex/Pattern union (Ljava/util/regex/Pattern$CharPredicate;Ljava/util/regex/Pattern$CharPredicate;Z)Ljava/util/regex/Pattern$CharPredicate; 14 <appendix> member <vmtarget> ; # java/util/regex/Pattern$$Lambda+0x0000000800860d68
instanceKlass com/st/microxplorer/mcu/SharedSignal$SignalAndMode
instanceKlass com/st/microxplorer/util/Define
instanceKlass com/st/microxplorer/util/IpRankingComparator
instanceKlass com/st/microxplorer/mcu/NVICService$16
instanceKlass com/st/microxplorer/mcu/NVICService$15
instanceKlass com/st/microxplorer/mcu/NVICService$14
instanceKlass com/st/microxplorer/mcu/NVICService$13
instanceKlass com/st/microxplorer/mcu/NVICService$12
instanceKlass com/st/microxplorer/mcu/NVICService$11
instanceKlass com/st/microxplorer/mcu/NVICService$10
instanceKlass com/st/microxplorer/mcu/NVICService$9
instanceKlass com/st/microxplorer/mcu/NVICService$8
instanceKlass com/st/microxplorer/mcu/NVICService$7
instanceKlass com/st/microxplorer/mcu/NVICService$6
instanceKlass com/st/microxplorer/mcu/NVICService$5
instanceKlass com/st/microxplorer/mcu/NVICService$4
instanceKlass com/st/microxplorer/mcu/NVICService$3
instanceKlass com/st/microxplorer/mcu/NVICService$2
instanceKlass com/st/microxplorer/mcu/NvicVector
instanceKlass jdk/internal/math/FloatingDecimal$HexFloatPattern
instanceKlass com/bestcode/mathparser/_TNParamParam
instanceKlass com/bestcode/mathparser/_TOneParamParam
instanceKlass com/st/microxplorer/util/ValueComparator
instanceKlass com/st/components/util/ValuesMap
instanceKlass com/bestcode/mathparser/_TTwoParamParam
instanceKlass com/st/microxplorer/util/LegacyMWsManager
instanceKlass com/st/microxplorer/mcu/DMAFlow
instanceKlass com/st/microxplorer/mcu/DMAService$18
instanceKlass com/st/microxplorer/mcu/DMAService$17
instanceKlass com/st/microxplorer/mcu/DMAService$16
instanceKlass com/st/microxplorer/mcu/DMAService$15
instanceKlass com/st/microxplorer/mcu/DMAService$14
instanceKlass com/st/microxplorer/mcu/DMAService$13
instanceKlass com/st/microxplorer/mcu/DMAService$12
instanceKlass com/st/microxplorer/mcu/DMAService$11
instanceKlass com/st/microxplorer/mcu/DMAService$10
instanceKlass com/st/microxplorer/mcu/DMAService$9
instanceKlass com/st/microxplorer/mcu/DMAService$8
instanceKlass com/st/microxplorer/mcu/DMAService$7
instanceKlass com/st/microxplorer/mcu/DMAService$6
instanceKlass com/st/microxplorer/mcu/DMAService$5
instanceKlass com/st/microxplorer/mcu/DMAService$4
instanceKlass com/st/microxplorer/mcu/DMAService$3
instanceKlass com/st/microxplorer/mcu/DMAService$2
instanceKlass com/st/microxplorer/mcu/DMAService$1
instanceKlass com/st/microxplorer/altova/db/IP_Modes/PinSignalType$MemberElement_SpecificParameter$MemberElement_SpecificParameter_Iterator
instanceKlass com/st/microxplorer/altova/db/IP_Modes/PinSignalType$MemberElement_RemapBlock
instanceKlass com/st/microxplorer/altova/db/IP_Modes/PinSignalType$MemberElement_SpecificParameter
instanceKlass com/st/microxplorer/altova/db/IP_Modes/PinSignalType$MemberAttribute_Name
instanceKlass com/st/microxplorer/altova/db/IP_Modes/GPIO_PinType$MemberElement_PinSignal$MemberElement_PinSignal_Iterator
instanceKlass com/st/microxplorer/altova/db/IP_Modes/GPIO_PinType$MemberElement_SpecificParameter$MemberElement_SpecificParameter_Iterator
instanceKlass com/st/microxplorer/mcu/IP$SpecificParameter
instanceKlass com/st/microxplorer/altova/db/IP_Modes/SpecificParameterType$MemberElement_PossibleValue$MemberElement_PossibleValue_Iterator
instanceKlass com/st/microxplorer/altova/db/IP_Modes/SpecificParameterType$MemberElement_PossibleValue
instanceKlass com/st/microxplorer/altova/db/IP_Modes/SpecificParameterType$MemberAttribute_DefaultValue
instanceKlass com/st/microxplorer/altova/db/IP_Modes/SpecificParameterType$MemberAttribute_Name
instanceKlass com/st/microxplorer/altova/db/IP_Modes/GPIO_PortType$MemberElement_SpecificParameter$MemberElement_SpecificParameter_Iterator
instanceKlass com/st/microxplorer/mcu/GPIOService$Port
instanceKlass com/st/microxplorer/altova/db/IP_Modes/GPIO_PortType$MemberElement_SpecificParameter
instanceKlass com/st/microxplorer/altova/db/IP_Modes/GPIO_PortType$MemberAttribute_ClockEnableMode
instanceKlass com/st/microxplorer/altova/db/IP_Modes/GPIO_PortType$MemberAttribute_Name
instanceKlass com/st/microxplorer/altova/db/IP_Modes/IPType$MemberElement_GPIO_Port$MemberElement_GPIO_Port_Iterator
instanceKlass com/st/microxplorer/altova/db/IP_Modes/GPIO_PinType$MemberElement_PinSignal
instanceKlass com/st/microxplorer/altova/db/IP_Modes/GPIO_PinType$MemberElement_SpecificParameter
instanceKlass com/st/microxplorer/altova/db/IP_Modes/GPIO_PinType$MemberAttribute_PortName
instanceKlass com/st/microxplorer/altova/db/IP_Modes/GPIO_PinType$MemberAttribute_Name
instanceKlass com/st/microxplorer/altova/db/IP_Modes/IPType$MemberElement_GPIO_Pin$MemberElement_GPIO_Pin_Iterator
# instanceKlass java/lang/invoke/LambdaForm$DMH+0x00000008008bc800
instanceKlass com/st/microxplorer/mcu/Solution
instanceKlass com/st/microxplorer/mcu/BspDependency
instanceKlass com/st/microxplorer/altova/db/IP_Modes/BspDependencyType$MemberElement_Condition
instanceKlass com/st/microxplorer/altova/db/IP_Modes/BspDependencyType$MemberAttribute_DmaMode
instanceKlass com/st/microxplorer/altova/db/IP_Modes/BspDependencyType$MemberAttribute_DmaRequest
instanceKlass com/st/microxplorer/altova/db/IP_Modes/BspDependencyType$MemberAttribute_Semaphore
instanceKlass com/st/microxplorer/altova/db/IP_Modes/BspDependencyType$MemberAttribute_GroupName
instanceKlass com/st/microxplorer/altova/db/IP_Modes/BspDependencyType$MemberAttribute_Description
instanceKlass com/st/microxplorer/altova/db/IP_Modes/BspDependencyType$MemberAttribute_Component
instanceKlass com/st/microxplorer/altova/db/IP_Modes/BspDependencyType$MemberAttribute_ApiVersion
instanceKlass com/st/microxplorer/altova/db/IP_Modes/BspDependencyType$MemberAttribute_Api
instanceKlass com/st/microxplorer/altova/db/IP_Modes/BspDependencyType$MemberAttribute_BspModeName
instanceKlass com/st/microxplorer/altova/db/IP_Modes/BspDependencyType$MemberAttribute_BspIpName
instanceKlass com/st/microxplorer/altova/db/IP_Modes/BspDependencyType$MemberAttribute_Comment
instanceKlass com/st/microxplorer/altova/db/IP_Modes/BspDependencyType$MemberAttribute_Name
instanceKlass com/st/microxplorer/altova/db/IP_Modes/ValueConditionType$MemberAttribute_Diagnostic
instanceKlass com/st/microxplorer/altova/db/IP_Modes/ValueConditionType$MemberAttribute_Expression
# instanceKlass java/lang/invoke/LambdaForm$DMH+0x00000008008bc400
instanceKlass com/st/microxplorer/altova/db/Mcu/IPType$MemberElement_SpecificParameter$MemberElement_SpecificParameter_Iterator
instanceKlass com/st/microxplorer/mcu/ContextAllowed$ContextSplit
instanceKlass com/st/microxplorer/altova/db/Mcu/IPType$MemberElement_ContextSplit$MemberElement_ContextSplit_Iterator
instanceKlass com/st/microxplorer/mcu/RefValue
instanceKlass com/st/microxplorer/altova/db/IP_Modes/PossibleValueType$MemberAttribute_Comment
instanceKlass com/st/microxplorer/altova/db/IP_Modes/PossibleValueType$MemberAttribute_Semaphore
instanceKlass com/st/microxplorer/altova/db/IP_Modes/PossibleValueType$MemberAttribute_Action
instanceKlass com/st/microxplorer/altova/db/IP_Modes/PossibleValueType$MemberAttribute_Diagnostic
instanceKlass com/st/microxplorer/altova/db/IP_Modes/PossibleValueType$MemberAttribute_Condition
instanceKlass com/st/microxplorer/altova/db/IP_Modes/RefModeType$MemberElement_BspDependency$MemberElement_BspDependency_Iterator
instanceKlass com/st/microxplorer/altova/db/IP_Modes/RefModeType$MemberElement_ConfigForMode$MemberElement_ConfigForMode_Iterator
instanceKlass com/st/microxplorer/altova/db/IP_Modes/ParameterType$MemberElement_PossibleValue$MemberElement_PossibleValue_Iterator
instanceKlass com/st/microxplorer/altova/db/IP_Modes/ParameterType$MemberElement_Condition
instanceKlass com/st/microxplorer/altova/db/IP_Modes/ParameterType$MemberElement_PossibleValue
instanceKlass com/st/microxplorer/altova/db/IP_Modes/ParameterType$MemberAttribute_Added
instanceKlass com/st/microxplorer/altova/db/IP_Modes/ParameterType$MemberAttribute_Comment
instanceKlass com/st/microxplorer/altova/db/IP_Modes/ParameterType$MemberAttribute_TabName
instanceKlass com/st/microxplorer/altova/db/IP_Modes/ParameterType$MemberAttribute_Group
instanceKlass com/st/microxplorer/altova/db/IP_Modes/ParameterType$MemberAttribute_RefParameter
# instanceKlass java/lang/invoke/LambdaForm$DMH+0x00000008008bc000
instanceKlass com/st/microxplorer/altova/db/IP_Modes/ParameterType$MemberAttribute_Name
instanceKlass com/st/microxplorer/altova/db/IP_Modes/RefModeType$MemberElement_Parameter$MemberElement_Parameter_Iterator
instanceKlass com/st/microxplorer/mcu/RefMode
instanceKlass com/st/microxplorer/altova/db/IP_Modes/RefModeType$MemberElement_ContextCondition
instanceKlass com/st/microxplorer/altova/db/IP_Modes/RefModeType$MemberElement_Condition
instanceKlass com/st/microxplorer/altova/db/IP_Modes/RefModeType$MemberElement_BspDependency
instanceKlass com/st/microxplorer/altova/db/IP_Modes/RefModeType$MemberElement_Parameter
instanceKlass com/st/microxplorer/altova/db/IP_Modes/RefModeType$MemberElement_ConfigForMode
instanceKlass com/st/microxplorer/altova/db/IP_Modes/RefModeType$MemberAttribute_Demo
instanceKlass com/st/microxplorer/altova/db/IP_Modes/RefModeType$MemberAttribute_TabName
instanceKlass com/st/microxplorer/altova/db/IP_Modes/RefModeType$MemberAttribute_Group
instanceKlass com/st/microxplorer/altova/db/IP_Modes/RefModeType$MemberAttribute_HalMode
instanceKlass com/st/microxplorer/altova/db/IP_Modes/RefModeType$MemberAttribute_Abstract2
instanceKlass com/st/microxplorer/altova/db/IP_Modes/RefModeType$MemberAttribute_BaseMode
instanceKlass com/st/microxplorer/altova/db/IP_Modes/RefModeType$MemberAttribute_Comment
instanceKlass com/st/microxplorer/altova/db/IP_Modes/RefModeType$MemberAttribute_Name
instanceKlass com/st/microxplorer/altova/db/IP_Modes/IPType$MemberElement_RefMode$MemberElement_RefMode_Iterator
instanceKlass com/st/microxplorer/mcu/RefParameterSemaphore
instanceKlass com/st/microxplorer/mcu/RefParameter$ParamValue
instanceKlass com/st/microxplorer/altova/db/IP_Modes/PossibleValueType2$MemberAttribute_Action
instanceKlass com/st/microxplorer/altova/db/IP_Modes/PossibleValueType2$MemberAttribute_Diagnostic
instanceKlass com/st/microxplorer/altova/db/IP_Modes/PossibleValueType2$MemberAttribute_Condition
instanceKlass com/st/microxplorer/altova/db/IP_Modes/PossibleValueType2$MemberAttribute_Semaphore
instanceKlass com/st/microxplorer/altova/db/IP_Modes/PossibleValueType2$MemberAttribute_Comment
instanceKlass com/st/microxplorer/altova/db/IP_Modes/PossibleValueType2$MemberAttribute_Value2
instanceKlass com/st/microxplorer/altova/db/IP_Modes/RefParameterType$MemberElement_AdditionalItem$MemberElement_AdditionalItem_Iterator
instanceKlass com/st/microxplorer/altova/db/IP_Modes/RefParameterType$MemberElement_PossibleValue$MemberElement_PossibleValue_Iterator
instanceKlass com/st/microxplorer/altova/db/IP_Modes/RefParameterType$MemberElement_ContextCondition
instanceKlass com/st/microxplorer/altova/db/IP_Modes/RefParameterType$MemberElement_ValueCondition
instanceKlass com/st/microxplorer/altova/db/IP_Modes/RefParameterType$MemberElement_Description
instanceKlass com/st/microxplorer/altova/db/IP_Modes/RefParameterType$MemberElement_AdditionalItem
instanceKlass com/st/microxplorer/altova/db/IP_Modes/RefParameterType$MemberElement_PossibleValue
instanceKlass com/st/microxplorer/altova/db/IP_Modes/RefParameterType$MemberElement_Condition
instanceKlass com/st/microxplorer/altova/db/IP_Modes/RefParameterType$MemberAttribute_DefaultType
instanceKlass com/st/microxplorer/altova/db/IP_Modes/RefParameterType$MemberAttribute_PointerType
instanceKlass com/st/microxplorer/altova/db/IP_Modes/RefParameterType$MemberAttribute_ReadOnly
instanceKlass com/st/microxplorer/altova/db/IP_Modes/RefParameterType$MemberAttribute_Column
instanceKlass com/st/microxplorer/altova/db/IP_Modes/RefParameterType$MemberAttribute_Line
instanceKlass com/st/microxplorer/altova/db/IP_Modes/RefParameterType$MemberAttribute_DemoValue
instanceKlass com/st/microxplorer/altova/db/IP_Modes/RefParameterType$MemberAttribute_Demo
instanceKlass com/st/microxplorer/altova/db/IP_Modes/RefParameterType$MemberAttribute_Added
instanceKlass com/st/microxplorer/altova/db/IP_Modes/RefParameterType$MemberAttribute_NoCheckOpt
instanceKlass com/st/microxplorer/altova/db/IP_Modes/RefParameterType$MemberAttribute_Separator
instanceKlass com/st/microxplorer/altova/db/IP_Modes/RefParameterType$MemberAttribute_Unit
instanceKlass com/st/microxplorer/altova/db/IP_Modes/RefParameterType$MemberAttribute_IP
instanceKlass com/st/microxplorer/altova/db/IP_Modes/RefParameterType$MemberAttribute_ArrayTypeElement
instanceKlass com/st/microxplorer/altova/db/IP_Modes/RefParameterType$MemberAttribute_ArraySize
instanceKlass com/st/microxplorer/altova/db/IP_Modes/RefParameterType$MemberAttribute_Visible
instanceKlass com/st/microxplorer/altova/db/IP_Modes/RefParameterType$MemberAttribute_Max
instanceKlass com/st/microxplorer/altova/db/IP_Modes/RefParameterType$MemberAttribute_Min
instanceKlass com/st/microxplorer/altova/db/IP_Modes/RefParameterType$MemberAttribute_Display
instanceKlass com/st/microxplorer/altova/db/IP_Modes/RefParameterType$MemberAttribute_Mode
instanceKlass com/st/microxplorer/altova/db/IP_Modes/RefParameterType$MemberAttribute_DefaultValue
instanceKlass com/st/microxplorer/altova/db/IP_Modes/RefParameterType$MemberAttribute_TabName
instanceKlass com/st/microxplorer/altova/db/IP_Modes/RefParameterType$MemberAttribute_Group
instanceKlass com/st/microxplorer/altova/db/IP_Modes/RefParameterType$MemberAttribute_Type
instanceKlass com/st/microxplorer/altova/db/IP_Modes/RefParameterType$MemberAttribute_Comment
instanceKlass com/st/microxplorer/altova/db/IP_Modes/RefParameterType$MemberAttribute_Name
instanceKlass com/st/microxplorer/altova/db/IP_Modes/IPType$MemberElement_RefParameter$MemberElement_RefParameter_Iterator
instanceKlass com/st/microxplorer/altova/db/IP_Modes/ConditionType$MemberAttribute_Name
instanceKlass com/st/microxplorer/altova/db/IP_Modes/ConditionType$MemberAttribute_Diagnostic
instanceKlass com/st/microxplorer/altova/db/IP_Modes/ConditionType$MemberAttribute_Expression
instanceKlass com/st/microxplorer/altova/db/IP_Modes/ModeType$MemberElement_Condition$MemberElement_Condition_Iterator
instanceKlass com/st/microxplorer/altova/db/IP_Modes/ModeType$MemberElement_Semaphore$MemberElement_Semaphore_Iterator
instanceKlass jp/ac/kobe_u/cs/cream/Condition
instanceKlass jp/ac/kobe_u/cs/cream/Code
instanceKlass jp/ac/kobe_u/cs/cream/Solution
instanceKlass jp/ac/kobe_u/cs/cream/Trail
instanceKlass jp/ac/kobe_u/cs/cream/Constraint
instanceKlass jp/ac/kobe_u/cs/cream/Domain
instanceKlass jp/ac/kobe_u/cs/cream/Network
instanceKlass com/st/microxplorer/util/SortableDomain
instanceKlass jp/ac/kobe_u/cs/cream/Solver
instanceKlass com/st/microxplorer/util/ConstraintSolver
instanceKlass com/st/microxplorer/mcu/PinoutRecombination$PinAndSignal
instanceKlass com/st/microxplorer/mcu/Signal$IOMode
instanceKlass com/st/microxplorer/altova/db/IP_Modes/SignalType$MemberAttribute_Direction
instanceKlass com/st/microxplorer/altova/db/IP_Modes/SignalType$MemberAttribute_IOMode
instanceKlass com/st/microxplorer/altova/db/IP_Modes/SignalType$MemberAttribute_Name
instanceKlass com/st/microxplorer/altova/db/IP_Modes/SignalLogicalOpType$MemberElement_Signal$MemberElement_Signal_Iterator
instanceKlass com/st/microxplorer/altova/db/IP_Modes/SignalLogicalOpType$MemberElement_Signal
instanceKlass com/st/microxplorer/altova/db/IP_Modes/SignalLogicalOpType$MemberAttribute_Name
instanceKlass com/st/microxplorer/altova/db/IP_Modes/ModeType$MemberElement_ModeLogicOperator$MemberElement_ModeLogicOperator_Iterator
instanceKlass com/st/microxplorer/altova/db/IP_Modes/ModeType$MemberElement_SignalLogicalOp$MemberElement_SignalLogicalOp_Iterator
instanceKlass com/st/microxplorer/altova/db/IP_Modes/ModeType$MemberElement_ContextCondition
instanceKlass com/st/microxplorer/altova/db/IP_Modes/ModeType$MemberElement_Condition
instanceKlass com/st/microxplorer/altova/db/IP_Modes/ModeType$MemberElement_Semaphore
instanceKlass com/st/microxplorer/altova/db/IP_Modes/ModeType$MemberElement_SignalLogicalOp
instanceKlass com/st/microxplorer/altova/db/IP_Modes/ModeType$MemberElement_ModeLogicOperator
instanceKlass com/st/microxplorer/altova/db/IP_Modes/ModeType$MemberAttribute_ShrinkName
instanceKlass com/st/microxplorer/altova/db/IP_Modes/ModeType$MemberAttribute_RemoveCondition
instanceKlass com/st/microxplorer/altova/db/IP_Modes/ModeType$MemberAttribute_RemoveDisable
instanceKlass com/st/microxplorer/altova/db/IP_Modes/ModeType$MemberAttribute_Name
instanceKlass com/st/microxplorer/altova/db/IP_Modes/ModeType$MemberAttribute_UserName
instanceKlass com/st/microxplorer/altova/db/IP_Modes/ModeLogicOperatorType$MemberElement_Mode$MemberElement_Mode_Iterator
instanceKlass org/apache/commons/lang3/CharSequenceUtils
instanceKlass com/st/microxplorer/altova/db/IP_Modes/ModeLogicOperatorType$MemberElement_Mode
instanceKlass com/st/microxplorer/altova/db/IP_Modes/ModeLogicOperatorType$MemberAttribute_Name
instanceKlass com/st/microxplorer/altova/db/IP_Modes/IPType$MemberElement_ModeLogicOperator$MemberElement_ModeLogicOperator_Iterator
instanceKlass com/st/microxplorer/altova/db/IP_Modes/RefSignalType$MemberElement_SpecificParameter
instanceKlass com/st/microxplorer/altova/db/IP_Modes/RefSignalType$MemberAttribute_Virtual
instanceKlass com/st/microxplorer/altova/db/IP_Modes/RefSignalType$MemberAttribute_Direction
instanceKlass com/st/microxplorer/altova/db/IP_Modes/RefSignalType$MemberAttribute_ExclusiveGroupName
instanceKlass com/st/microxplorer/altova/db/IP_Modes/RefSignalType$MemberAttribute_ShareableGroupName
instanceKlass com/st/microxplorer/altova/db/IP_Modes/RefSignalType$MemberAttribute_IOMode
instanceKlass com/st/microxplorer/altova/db/IP_Modes/RefSignalType$MemberAttribute_Name
instanceKlass com/st/microxplorer/altova/db/IP_Modes/IPType$MemberElement_RefSignal$MemberElement_RefSignal_Iterator
instanceKlass com/st/microxplorer/altova/db/IP_Modes/AboutType$MemberAttribute_Description
instanceKlass com/st/microxplorer/altova/db/IP_Modes/IPType$MemberElement_Condition
instanceKlass com/st/microxplorer/altova/db/IP_Modes/IPType$MemberElement_Semaphore
instanceKlass com/st/microxplorer/altova/db/IP_Modes/IPType$MemberElement_GPIO_Port
instanceKlass com/st/microxplorer/altova/db/IP_Modes/IPType$MemberElement_GPIO_Pin
instanceKlass com/st/microxplorer/altova/db/IP_Modes/IPType$MemberElement_RefSignal
instanceKlass com/st/microxplorer/altova/db/IP_Modes/IPType$MemberElement_ModeLogicOperator
instanceKlass com/st/microxplorer/altova/db/IP_Modes/IPType$MemberElement_RefMode
instanceKlass com/st/microxplorer/altova/db/IP_Modes/IPType$MemberElement_RefParameter
instanceKlass com/st/microxplorer/altova/db/IP_Modes/IPType$MemberElement_IPDependencies
instanceKlass com/st/microxplorer/altova/db/IP_Modes/IPType$MemberElement_About
instanceKlass com/st/microxplorer/altova/db/IP_Modes/IPType$MemberAttribute_IpGroup
instanceKlass com/st/microxplorer/altova/db/IP_Modes/IPType$MemberAttribute_ImportFile
instanceKlass com/st/microxplorer/altova/db/IP_Modes/IPType$MemberAttribute_DBVersion
instanceKlass com/st/microxplorer/altova/db/IP_Modes/IPType$MemberAttribute_IPType2
instanceKlass com/st/microxplorer/altova/db/IP_Modes/IPType$MemberAttribute_Version
instanceKlass com/st/microxplorer/altova/db/IP_Modes/IPType$MemberAttribute_Name
instanceKlass com/st/microxplorer/altova/db/IP_Modes/IP_Modes2$MemberElement_SpecificParameter
instanceKlass com/st/microxplorer/altova/db/IP_Modes/IP_Modes2$MemberElement_RefSignal
instanceKlass com/st/microxplorer/altova/db/IP_Modes/IP_Modes2$MemberElement_RefParameter
instanceKlass com/st/microxplorer/altova/db/IP_Modes/IP_Modes2$MemberElement_RefMode
instanceKlass com/st/microxplorer/altova/db/IP_Modes/IP_Modes2$MemberElement_ParameterGroup
instanceKlass com/st/microxplorer/altova/db/IP_Modes/IP_Modes2$MemberElement_Parameter
instanceKlass com/st/microxplorer/altova/db/IP_Modes/IP_Modes2$MemberElement_ModeLogicOperator
instanceKlass com/st/microxplorer/altova/db/IP_Modes/IP_Modes2$MemberElement_Mode
instanceKlass com/st/microxplorer/altova/db/IP_Modes/IP_Modes2$MemberElement_IP
instanceKlass com/st/microxplorer/altova/db/IP_Modes/IP_Modes2$MemberElement_Dependency
instanceKlass com/st/microxplorer/altova/db/IP_Modes/IP_Modes2$MemberElement_DMA_Flow
instanceKlass com/st/microxplorer/altova/db/IP_Modes/IP_Modes2$MemberElement_ContextCondition
instanceKlass com/st/microxplorer/altova/db/IP_Modes/IP_Modes_TypeInfo$MemberInfoCreator
instanceKlass com/st/microxplorer/altova/db/IP_Modes/IP_Modes_TypeInfo$TypeInfoCreator
instanceKlass com/st/microxplorer/altova/db/IP_Modes/IP_Modes_TypeInfo$InfoBinder
instanceKlass com/st/microxplorer/altova/db/IP_Modes/IP_Modes_TypeInfo
instanceKlass com/st/microxplorer/altova/db/IP_Modes/IP_Modes2$MemberElement_Condition
instanceKlass java/text/AttributedString$AttributedStringIterator
instanceKlass java/text/AttributedCharacterIterator
instanceKlass java/text/AttributedString
instanceKlass sun/awt/im/CompositionAreaHandler
instanceKlass java/awt/KeyboardFocusManager$3
instanceKlass com/st/microxplorer/mcu/bootpath/IBootPathService
instanceKlass javax/swing/Autoscroller
instanceKlass com/st/microxplorer/mcu/rif/IRIFService
instanceKlass java/awt/KeyboardFocusManager$LightweightFocusRequest
instanceKlass com/st/microxplorer/plugins/pinoutandconfiguration/PinoutAndConfigurationView$4$1
instanceKlass java/awt/KeyboardFocusManager$HeavyweightFocusRequest
instanceKlass sun/awt/KeyboardFocusManagerPeerImpl$KfmAccessor
instanceKlass com/st/microxplorer/mcu/Mode
instanceKlass com/st/microxplorer/db/ApiDbIP
instanceKlass javax/swing/plaf/metal/MetalUtils
instanceKlass com/st/microxplorer/altova/db/Mcu/IPType$MemberElement_ContextSplit
instanceKlass com/st/microxplorer/altova/db/Mcu/IPType$MemberElement_SpecificParameter
instanceKlass com/st/microxplorer/altova/db/Mcu/IPType$MemberAttribute_IPContextCoupling
instanceKlass com/st/microxplorer/altova/db/Mcu/IPType$MemberAttribute_PowerDomain
instanceKlass com/st/microxplorer/altova/db/Mcu/IPType$MemberAttribute_AccessControl
instanceKlass com/st/microxplorer/altova/db/Mcu/IPType$MemberAttribute_ConfigFile
instanceKlass com/st/microxplorer/altova/db/Mcu/IPType$MemberAttribute_ClockEnableMode
instanceKlass com/st/microxplorer/altova/db/Mcu/IPType$MemberAttribute_Version
instanceKlass com/st/microxplorer/altova/db/Mcu/IPType$MemberAttribute_Name
instanceKlass com/st/microxplorer/altova/db/Mcu/IPType$MemberAttribute_InstanceName
instanceKlass com/st/microxplorer/altova/db/Mcu/McuType$MemberElement_IP$MemberElement_IP_Iterator
instanceKlass java/text/DigitList$1
instanceKlass com/st/microxplorer/db/McuAttributeClassification$McuAttributeItem
instanceKlass jdk/internal/math/FDBigInteger
instanceKlass java/text/FieldPosition$Delegate
instanceKlass com/st/microxplorer/db/McuAttributeClassification$McuCategoryItem
instanceKlass com/st/microxplorer/db/McuAttributeClassification
instanceKlass sun/swing/MenuItemLayoutHelper$ColumnAlignment
instanceKlass sun/swing/MenuItemLayoutHelper$LayoutResult
instanceKlass com/st/microxplorer/db/ApiDbMcu$1
instanceKlass sun/java2d/marlin/ArrayCacheConst
instanceKlass sun/java2d/marlin/Helpers
instanceKlass java/awt/geom/LineIterator
instanceKlass sun/java2d/marlin/DPQSSorterContext
instanceKlass sun/java2d/marlin/MarlinUtils
instanceKlass sun/java2d/marlin/MergeSort
instanceKlass sun/java2d/marlin/Dasher$LengthIterator
instanceKlass sun/java2d/marlin/Dasher
instanceKlass sun/java2d/marlin/Stroker
instanceKlass sun/java2d/marlin/MarlinTileGenerator
instanceKlass sun/java2d/pipe/AATileGenerator
instanceKlass sun/java2d/marlin/Renderer
instanceKlass com/st/microxplorer/altova/db/Mcu/ConditionType$MemberAttribute_Diagnostic
instanceKlass com/st/microxplorer/altova/db/Mcu/ConditionType$MemberAttribute_Expression
instanceKlass sun/java2d/marlin/ArrayCacheIntClean$Reference
instanceKlass  @bci sun/java2d/marlin/OffHeapArray <init> (Ljava/lang/Object;J)V 52 <appendix> member <vmtarget> ; # sun/java2d/marlin/OffHeapArray$$Lambda+0x000000080085a4f0
instanceKlass sun/java2d/marlin/OffHeapArray
instanceKlass sun/java2d/marlin/MarlinCache
instanceKlass sun/java2d/marlin/ArrayCacheInt$Reference
instanceKlass sun/java2d/marlin/Helpers$IndexStack
instanceKlass sun/java2d/marlin/TransformingPathConsumer2D$PathClipFilter
instanceKlass sun/java2d/marlin/TransformingPathConsumer2D$StartFlagPathConsumer2D
instanceKlass sun/java2d/marlin/ArrayCacheByte$Reference
instanceKlass sun/java2d/marlin/ArrayCacheDouble$Reference
instanceKlass sun/java2d/marlin/Helpers$PolyStack
instanceKlass sun/java2d/marlin/TransformingPathConsumer2D$ClosedPathDetector
instanceKlass sun/java2d/marlin/TransformingPathConsumer2D$PathTracer
instanceKlass sun/java2d/marlin/TransformingPathConsumer2D$DeltaTransformFilter
instanceKlass sun/java2d/marlin/TransformingPathConsumer2D$DeltaScaleFilter
instanceKlass sun/java2d/marlin/TransformingPathConsumer2D$Path2DWrapper
instanceKlass com/st/microxplorer/altova/db/Mcu/SignalType$MemberAttribute_IOModes
instanceKlass sun/java2d/marlin/TransformingPathConsumer2D
instanceKlass com/st/microxplorer/altova/db/Mcu/SignalType$MemberAttribute_Name
instanceKlass sun/java2d/marlin/TransformingPathConsumer2D$CurveClipSplitter
instanceKlass com/st/microxplorer/altova/db/Mcu/PinType$MemberElement_Signal$MemberElement_Signal_Iterator
instanceKlass sun/java2d/marlin/TransformingPathConsumer2D$CurveBasicMonotonizer
instanceKlass sun/java2d/marlin/DMarlinRenderingEngine$NormalizingPathIterator
instanceKlass com/st/microxplorer/altova/db/Mcu/PinType$MemberElement_Condition$MemberElement_Condition_Iterator
instanceKlass sun/java2d/marlin/RendererContext$PathConsumer2DAdapter
instanceKlass sun/java2d/marlin/ArrayCacheByte
instanceKlass sun/java2d/marlin/ArrayCacheDouble
instanceKlass sun/java2d/marlin/ArrayCacheInt
instanceKlass sun/java2d/marlin/ArrayCacheIntClean
instanceKlass sun/java2d/marlin/PathSimplifier
instanceKlass sun/java2d/marlin/CollinearSimplifier
instanceKlass sun/java2d/marlin/DPathConsumer2D
instanceKlass sun/java2d/marlin/Curve
instanceKlass com/st/microxplorer/mcu/Pin
instanceKlass sun/java2d/ReentrantContext
instanceKlass com/st/microxplorer/altova/db/Mcu/PinType$MemberElement_Condition
instanceKlass java/awt/geom/Line2D
instanceKlass com/st/microxplorer/altova/db/Mcu/PinType$MemberElement_Signal
instanceKlass com/st/microxplorer/altova/db/Mcu/PinType$MemberAttribute_RequestToSecureIP
instanceKlass com/st/microxplorer/altova/db/Mcu/PinType$MemberAttribute_Type
instanceKlass com/st/microxplorer/altova/db/Mcu/PinType$MemberAttribute_Variant
instanceKlass sun/java2d/loops/FontInfo
instanceKlass com/st/microxplorer/altova/db/Mcu/PinType$MemberAttribute_Name
instanceKlass com/st/microxplorer/altova/db/Mcu/PinType$MemberAttribute_Position
instanceKlass java/awt/PrintGraphics
instanceKlass java/awt/print/PrinterGraphics
instanceKlass com/st/microxplorer/altova/db/Mcu/McuType$MemberElement_Pin$MemberElement_Pin_Iterator
instanceKlass com/st/microxplorer/altova/db/Mcu/McuType$MemberElement_GentypeFirmware$MemberElement_GentypeFirmware_Iterator
instanceKlass com/st/microxplorer/altova/db/Mcu/McuType$MemberElement_ContextProject$MemberElement_ContextProject_Iterator
instanceKlass com/st/microxplorer/altova/db/Mcu/McuType$MemberElement_Context$MemberElement_Context_Iterator
instanceKlass java/awt/geom/RectIterator
instanceKlass java/awt/geom/PathIterator
instanceKlass com/st/microxplorer/altova/db/Mcu/TemperatureType$MemberAttribute_Max
instanceKlass com/st/microxplorer/altova/db/Mcu/TemperatureType$MemberAttribute_Min
instanceKlass  @bci javax/swing/border/LineBorder paintBorder (Ljava/awt/Component;Ljava/awt/Graphics;IIII)V 10 <appendix> member <vmtarget> ; # javax/swing/border/LineBorder$$Lambda+0x00000008008549d0
instanceKlass  @cpi javax/swing/border/LineBorder 159 form vmentry <vmtarget> ; # java/lang/invoke/LambdaForm$DMH+0x0000000800890000
instanceKlass com/st/microxplorer/altova/db/Mcu/McuType$MemberElement_Temperature$MemberElement_Temperature_Iterator
instanceKlass com/st/microxplorer/altova/db/Mcu/CurrentType$MemberAttribute_Run
instanceKlass com/st/microxplorer/altova/db/Mcu/CurrentType$MemberAttribute_Lowest
instanceKlass com/sun/java/swing/SwingUtilities3$UnscaledBorderPainter
instanceKlass com/st/microxplorer/altova/db/Mcu/McuType$MemberElement_Current$MemberElement_Current_Iterator
instanceKlass com/st/microxplorer/altova/db/Mcu/VoltageType$MemberAttribute_Max
instanceKlass com/st/microxplorer/altova/db/Mcu/VoltageType$MemberAttribute_Min
instanceKlass com/st/microxplorer/altova/db/Mcu/McuType$MemberElement_Voltage$MemberElement_Voltage_Iterator
instanceKlass com/st/microxplorer/altova/db/Mcu/McuType$MemberElement_Flash$MemberElement_Flash_Iterator
instanceKlass com/st/microxplorer/altova/db/Mcu/McuType$MemberElement_Die$MemberElement_Die_Iterator
instanceKlass com/st/microxplorer/altova/db/Mcu/McuType$MemberElement_BootPath$MemberElement_BootPath_Iterator
instanceKlass com/st/microxplorer/altova/db/Mcu/McuType$MemberElement_LPBAM$MemberElement_LPBAM_Iterator
instanceKlass com/st/microxplorer/altova/db/Mcu/McuType$MemberElement_TrustZone$MemberElement_TrustZone_Iterator
instanceKlass com/st/microxplorer/altova/db/Mcu/McuType$MemberElement_MemoryMap$MemberElement_MemoryMap_Iterator
instanceKlass com/st/microxplorer/altova/db/Mcu/McuType$MemberElement_CCMRam$MemberElement_CCMRam_Iterator
instanceKlass com/st/microxplorer/altova/db/Mcu/McuType$MemberElement_Ram$MemberElement_Ram_Iterator
instanceKlass com/st/microxplorer/altova/db/Mcu/McuType$MemberElement_IONb$MemberElement_IONb_Iterator
instanceKlass com/st/microxplorer/altova/db/Mcu/McuType$MemberElement_E2prom$MemberElement_E2prom_Iterator
instanceKlass com/st/microxplorer/altova/db/Mcu/McuType$MemberElement_Frequency$MemberElement_Frequency_Iterator
instanceKlass com/st/microxplorer/altova/db/Mcu/McuType$MemberElement_Core$MemberElement_Core_Iterator
instanceKlass com/altova/CoreTypes
instanceKlass com/st/microxplorer/codegenerator/IPConfigManager
instanceKlass com/st/microxplorer/altova/db/Mcu/McuType$MemberElement_MemoryMap
instanceKlass com/st/microxplorer/altova/db/Mcu/McuType$MemberElement_BootPath
instanceKlass com/st/microxplorer/altova/db/Mcu/McuType$MemberElement_LPBAM
instanceKlass com/st/microxplorer/altova/db/Mcu/McuType$MemberElement_GentypeFirmware
instanceKlass com/st/microxplorer/altova/db/Mcu/McuType$MemberElement_ContextProject
instanceKlass com/st/microxplorer/altova/db/Mcu/McuType$MemberElement_TrustZone
instanceKlass com/st/microxplorer/altova/db/Mcu/McuType$MemberElement_Context
instanceKlass com/st/microxplorer/altova/db/Mcu/McuType$MemberElement_Die
instanceKlass com/st/microxplorer/altova/db/Mcu/McuType$MemberElement_Temperature
instanceKlass com/st/microxplorer/altova/db/Mcu/McuType$MemberElement_Current
instanceKlass com/st/microxplorer/altova/db/Mcu/McuType$MemberElement_Voltage
instanceKlass com/st/microxplorer/altova/db/Mcu/McuType$MemberElement_IONb
instanceKlass com/st/microxplorer/altova/db/Mcu/McuType$MemberElement_CCMRam
instanceKlass com/st/microxplorer/altova/db/Mcu/McuType$MemberElement_Ram
instanceKlass com/st/microxplorer/altova/db/Mcu/McuType$MemberElement_E2prom
instanceKlass com/st/microxplorer/altova/db/Mcu/McuType$MemberElement_FPU
instanceKlass com/st/microxplorer/altova/db/Mcu/McuType$MemberElement_Frequency
instanceKlass com/st/microxplorer/altova/db/Mcu/McuType$MemberElement_Core
instanceKlass com/st/microxplorer/altova/db/Mcu/McuType$MemberElement_Flash
instanceKlass com/st/microxplorer/altova/db/Mcu/McuType$MemberElement_Pin
instanceKlass com/st/microxplorer/altova/db/Mcu/McuType$MemberElement_IP
instanceKlass com/st/microxplorer/altova/db/Mcu/McuType$MemberAttribute_ClockTree
instanceKlass com/st/microxplorer/altova/db/Mcu/McuType$MemberAttribute_FwLibrary
instanceKlass com/st/microxplorer/altova/db/Mcu/McuType$MemberAttribute_IOType
instanceKlass com/st/microxplorer/altova/db/Mcu/McuType$MemberAttribute_DBVersion
instanceKlass com/st/microxplorer/altova/db/Mcu/McuType$MemberAttribute_HasPowerPad
instanceKlass com/st/microxplorer/altova/db/Mcu/McuType$MemberAttribute_Package2
instanceKlass com/st/microxplorer/altova/db/Mcu/McuType$MemberAttribute_Line
instanceKlass com/st/microxplorer/altova/db/Mcu/McuType$MemberAttribute_Family
instanceKlass com/st/microxplorer/altova/db/Mcu/McuType$MemberAttribute_RPN
instanceKlass com/st/microxplorer/altova/db/Mcu/McuType$MemberAttribute_RefName
instanceKlass com/st/microxplorer/altova/db/Mcu/Mcu2$MemberElement_SpecificParameter
instanceKlass com/st/microxplorer/altova/db/Mcu/Mcu2$MemberElement_Mcu3
instanceKlass com/st/microxplorer/altova/db/Mcu/Mcu2$MemberElement_Context
instanceKlass com/altova/typeinfo/MemberInfo
instanceKlass com/st/microxplorer/altova/db/Mcu/Mcu_TypeInfo$MemberInfoCreator
instanceKlass com/altova/xml/XmlFormatter
instanceKlass com/altova/typeinfo/ValueFormatter
instanceKlass com/altova/xml/Xs
instanceKlass com/altova/typeinfo/FacetInfo
instanceKlass com/altova/typeinfo/TypeInfo
instanceKlass com/st/microxplorer/altova/db/Mcu/Mcu_TypeInfo$TypeInfoCreator
instanceKlass javax/swing/RepaintManager$3
instanceKlass com/altova/typeinfo/NamespaceInfo
instanceKlass com/st/microxplorer/altova/db/Mcu/Mcu_TypeInfo$InfoBinder
instanceKlass java/awt/LightweightDispatcher$2
instanceKlass com/altova/typeinfo/InfoBinderInterface
instanceKlass com/st/microxplorer/altova/db/Mcu/Mcu_TypeInfo
instanceKlass com/st/microxplorer/altova/db/Mcu/Mcu2$MemberElement_Condition
instanceKlass java/awt/Window$1DisposeAction
instanceKlass com/altova/xml/XmlTreeOperations
instanceKlass com/st/components/util/NaturalOrderComparatorNZ
instanceKlass com/st/microxplorer/plugins/pinoutandconfiguration/PinoutAndConfigurationView$15
instanceKlass com/altova/xml/TypeBase
instanceKlass java/awt/WaitDispatchSupport$4
instanceKlass java/awt/WaitDispatchSupport$2
instanceKlass java/awt/WaitDispatchSupport$1
instanceKlass java/awt/WaitDispatchSupport$5
instanceKlass java/awt/WaitDispatchSupport
instanceKlass java/awt/SecondaryLoop
instanceKlass javax/swing/Timer$1
instanceKlass  @bci java/awt/Dialog show ()V 205 <appendix> argL0 ; # java/awt/Dialog$$Lambda+0x0000000800852fd0
instanceKlass  @cpi java/awt/Dialog 857 form vmentry <vmtarget> ; # java/lang/invoke/LambdaForm$DMH+0x0000000800880400
instanceKlass  @bci java/awt/Dialog show ()V 189 <appendix> member <vmtarget> ; # java/awt/Dialog$$Lambda+0x0000000800852da8
instanceKlass java/awt/ModalEventFilter$1
instanceKlass java/awt/DefaultKeyboardFocusManager$TypeAheadMarker
instanceKlass java/awt/peer/FileDialogPeer
instanceKlass com/st/microxplorer/db/DbFinder
instanceKlass javax/swing/SwingWorker$SwingWorkerPropertyChangeSupport$1
instanceKlass javax/swing/SwingWorker$6
instanceKlass javax/swing/SwingWorker$5
instanceKlass javax/swing/SwingWorker$1
instanceKlass sun/swing/AccumulativeRunnable
instanceKlass com/st/microxplorer/util/MXSemaphore
instanceKlass com/st/microxplorer/util/SemaphoreTrue
instanceKlass org/apache/commons/lang3/ArrayUtils
instanceKlass com/st/microxplorer/plugins/thirdparty/ThirdPartyDownloadManager
instanceKlass javax/swing/text/DefaultCaret$1
instanceKlass javax/swing/event/UndoableEditListener
instanceKlass javax/swing/text/AbstractDocument$UndoRedoDocumentEvent
instanceKlass com/st/components/util/UtilVersion
instanceKlass javax/swing/TimerQueue$DelayedTimer
instanceKlass java/awt/event/MouseEvent$1
instanceKlass sun/awt/AWTAccessor$MouseEventAccessor
instanceKlass com/st/microxplorer/plugins/pinoutandconfiguration/PinoutAndConfigurationView$8
instanceKlass com/st/microxplorer/plugins/pinoutandconfiguration/PinoutAndConfigurationView$7
instanceKlass com/st/microxplorer/plugins/pinoutandconfiguration/PinoutAndConfigurationView$6
instanceKlass com/st/microxplorer/plugins/pinoutandconfiguration/PinoutAndConfigurationView$5
instanceKlass com/st/microxplorer/plugins/thirdparty/ThirdPartyMcuManager
instanceKlass com/st/components/pdscmanager/xml/requirements/Language
instanceKlass com/st/microxplorer/plugins/thirdparty/db/solver/getter/device/DeviceEndiannessGetter
instanceKlass com/st/microxplorer/plugins/thirdparty/db/solver/getter/toolchain/ToolchainOptionsGetter
instanceKlass com/st/components/pdscmanager/xml/requirements/Compiler
# instanceKlass java/lang/invoke/LambdaForm$DMH+0x0000000800880000
# instanceKlass java/lang/invoke/LambdaForm$DMH+0x000000080083fc00
instanceKlass com/st/microxplorer/plugins/thirdparty/db/solver/getter/component/ComponentVendorGetter
instanceKlass com/st/microxplorer/plugins/thirdparty/db/solver/getter/device/DeviceFpuGetter
instanceKlass  @bci com/st/library/analyticscore/initialization/configuration/ConfigurationHolder toString ()Ljava/lang/String; 34 <appendix> form vmentry <vmtarget> ; # java/lang/invoke/LambdaForm$MH+0x000000080083f800
# instanceKlass java/lang/invoke/LambdaForm$MH+0x000000080083f400
# instanceKlass java/lang/invoke/LambdaForm$MH+0x000000080083f000
# instanceKlass java/lang/invoke/LambdaForm$MH+0x000000080083ec00
# instanceKlass java/lang/invoke/LambdaForm$MH+0x000000080083e800
# instanceKlass java/lang/invoke/LambdaForm$MH+0x000000080083e400
# instanceKlass java/lang/invoke/LambdaForm$MH+0x000000080083e000
instanceKlass com/st/ipmodeconfigmanager/xmlManager/ipmode/IPModeFileManage$FileParser
instanceKlass com/sun/org/apache/xml/internal/serializer/ToStream$CharacterBuffer$GenericCharacters
instanceKlass com/st/ipmodeconfigmanager/util/XmlFileManage
instanceKlass com/st/microxplorer/plugins/thirdparty/db/solver/getter/component/ComponentApiVersionGetter
instanceKlass com/st/components/pdscmanager/xml/apis/Api
instanceKlass com/st/microxplorer/plugins/thirdparty/db/solver/getter/device/DeviceSecureGetter
instanceKlass com/st/components/pdscmanager/xml/examples/ProjectComponent
instanceKlass com/st/components/pdscmanager/xml/examples/Attributes
instanceKlass com/st/microxplorer/plugins/usernotification/DTO/UserInfoDTO$Builder
instanceKlass com/st/components/pdscmanager/xml/examples/ProjectEnvironment
instanceKlass com/st/microxplorer/plugins/usernotification/DTO/UserInfoDTO
instanceKlass com/st/components/pdscmanager/xml/examples/ExampleBoard
instanceKlass com/st/components/pdscmanager/xml/examples/Example
instanceKlass sun/net/www/protocol/http/HttpURLConnection$10
instanceKlass java/util/concurrent/LinkedTransferQueue$DualNode
instanceKlass java/util/concurrent/TransferQueue
instanceKlass com/st/microxplorer/plugins/usernotification/util/httpUtil/HttpUtil
instanceKlass org/apache/commons/io/Charsets
instanceKlass com/fasterxml/jackson/databind/deser/impl/PropertyValue
instanceKlass com/fasterxml/jackson/databind/deser/impl/PropertyValueBuffer
instanceKlass com/fasterxml/jackson/databind/deser/impl/PropertyBasedCreator
instanceKlass com/fasterxml/jackson/databind/BeanProperty$Std
instanceKlass com/fasterxml/jackson/databind/deser/impl/CreatorCandidate$Param
instanceKlass com/fasterxml/jackson/databind/deser/impl/CreatorCandidate
instanceKlass com/fasterxml/jackson/databind/jdk14/JDK14Util$RawTypeName
instanceKlass com/fasterxml/jackson/databind/introspect/PotentialCreator
instanceKlass com/fasterxml/jackson/annotation/JsonCreator
instanceKlass com/st/microxplorer/plugins/projectmanager/util/OSValidator
# instanceKlass com/fasterxml/jackson/databind/jdk14/JDK14Util$RecordAccessor$$InjectedInvoker+0x0000000800833c00
instanceKlass java/lang/invoke/MethodHandleImpl$BindCaller$InjectedInvokerHolder
instanceKlass org/apache/commons/collections4/map/AbstractHashedMap$HashEntry
instanceKlass org/apache/commons/collections4/KeyValue
instanceKlass java/lang/invoke/MethodHandleImpl$BindCaller
instanceKlass org/apache/commons/collections4/MapIterator
# instanceKlass java/lang/invoke/LambdaForm$MH+0x0000000800833800
# instanceKlass java/lang/invoke/LambdaForm$MH+0x0000000800833400
instanceKlass  @bci com/st/library/analyticscore/initialization/configuration/ConfigurationRetriever getFullHeader ()Ljava/lang/String; 15 <adapter> ; # java/lang/invoke/LambdaForm$MH+0x0000000800833000
instanceKlass  @bci com/st/library/analyticscore/initialization/configuration/ConfigurationRetriever getFullHeader ()Ljava/lang/String; 15 <appendix> form vmentry <vmtarget> ; # java/lang/invoke/LambdaForm$MH+0x0000000800832c00
instanceKlass com/fasterxml/jackson/databind/jdk14/JDK14Util$RecordAccessor
# instanceKlass java/lang/invoke/LambdaForm$MH+0x0000000800832800
instanceKlass  @bci com/st/library/analyticscore/initialization/configuration/ConfigurationRetriever getFullHeader ()Ljava/lang/String; 15 <appendix> form names 8 function resolvedHandle form vmentry <vmtarget> ; # java/lang/invoke/LambdaForm$DMH+0x0000000800832400
instanceKlass org/apache/commons/collections4/IterableMap
instanceKlass  @bci com/st/library/analyticscore/initialization/configuration/ConfigurationRetriever getFullHeader ()Ljava/lang/String; 15 <appendix> argL3 form vmentry <vmtarget> ; # java/lang/invoke/LambdaForm$MH+0x0000000800832000
instanceKlass com/fasterxml/jackson/databind/jdk14/JDK14Util
instanceKlass org/apache/commons/collections4/IterableGet
# instanceKlass java/lang/invoke/LambdaForm$MH+0x0000000800831c00
instanceKlass org/apache/commons/collections4/Get
# instanceKlass java/lang/invoke/LambdaForm$MH+0x0000000800831800
# instanceKlass java/lang/invoke/LambdaForm$MH+0x0000000800831400
# instanceKlass java/lang/invoke/LambdaForm$MH+0x0000000800831000
instanceKlass org/apache/commons/collections4/Put
instanceKlass com/st/microxplorer/plugins/thirdparty/db/solver/getter/component/ComponentVersionGetter
instanceKlass  @bci com/st/library/analyticscore/initialization/configuration/ConfigurationRetriever getFullHeader ()Ljava/lang/String; 15 <appendix> form names 12 function resolvedHandle form vmentry <vmtarget> ; # java/lang/invoke/LambdaForm$DMH+0x0000000800830c00
instanceKlass  @bci com/st/library/analyticscore/initialization/configuration/ConfigurationRetriever getFullHeader ()Ljava/lang/String; 15 <appendix> argL1 form vmentry <vmtarget> ; # java/lang/invoke/LambdaForm$MH+0x0000000800830800
# instanceKlass java/lang/invoke/LambdaForm$MH+0x0000000800830400
# instanceKlass java/lang/invoke/LambdaForm$MH+0x0000000800830000
# instanceKlass java/lang/invoke/LambdaForm$MH+0x000000080082dc00
instanceKlass com/st/microxplorer/plugins/thirdparty/db/solver/matcher/VersionMatcher
# instanceKlass java/lang/invoke/LambdaForm$MH+0x000000080082d800
# instanceKlass java/lang/invoke/LambdaForm$MH+0x000000080082d400
# instanceKlass java/lang/invoke/LambdaForm$DMH+0x000000080082d000
instanceKlass com/st/microxplorer/plugins/projectmanager/security/securityInterface/IMxScratch
instanceKlass com/st/microxplorer/plugins/projectmanager/security/securityInterface/IRotMmtServices
instanceKlass com/st/microxplorer/plugins/projectmanager/security/BootPathManager
instanceKlass java/util/concurrent/Executors$RunnableAdapter
instanceKlass java/util/concurrent/FutureTask$WaitNode
instanceKlass java/util/concurrent/FutureTask
instanceKlass com/st/microxplorer/util/UserConstant
instanceKlass  @bci com/st/microxplorer/util/FastPollingNetworkMonitor$InternalThread startWithScheduler ()V 13 <appendix> member <vmtarget> ; # com/st/microxplorer/util/FastPollingNetworkMonitor$InternalThread$$Lambda+0x0000000800822e68
instanceKlass java/util/concurrent/RunnableScheduledFuture
instanceKlass java/util/concurrent/ScheduledFuture
instanceKlass java/util/concurrent/Delayed
instanceKlass java/util/concurrent/Executors$DelegatedExecutorService
instanceKlass com/st/microxplorer/plugins/usernotification/util/prmis/PrmisJsonParser
instanceKlass com/st/microxplorer/util/FastPollingNetworkMonitor$InternalThread
instanceKlass com/st/microxplorer/util/FastPollingNetworkMonitor
instanceKlass  @bci com/st/microxplorer/maingui/MainFrame initialization ()V 452 <appendix> argL0 ; # com/st/microxplorer/maingui/MainFrame$$Lambda+0x0000000800822508
instanceKlass  @bci com/st/microxplorer/maingui/MainFrame initialization ()V 437 <appendix> argL0 ; # com/st/microxplorer/maingui/MainFrame$$Lambda+0x00000008008222e8
instanceKlass com/st/microxplorer/plugins/thirdparty/xml/XmlThirdPartyPack$1
instanceKlass com/st/ipmodeconfigmanager/util/XmlIPModeFileManage
instanceKlass com/st/ipmodeconfigmanager/xmlManager/ipmode/IpModeCondition
instanceKlass com/st/ipmodeconfigmanager/xmlManager/ipconfig/RefConfigFile
instanceKlass com/st/ipmodeconfigmanager/xmlManager/ipmode/Signal
instanceKlass com/st/ipmodeconfigmanager/xmlManager/ipmode/SignalLogicalOp
instanceKlass com/st/ipmodeconfigmanager/xmlManager/ipmode/Mode
instanceKlass com/st/ipmodeconfigmanager/xmlManager/ipmode/ModeLogicOperator
instanceKlass com/st/ipmodeconfigmanager/util/SemaphoreTrue
instanceKlass com/st/ipmodeconfigmanager/util/IMXSemaphore
instanceKlass com/st/ipmodeconfigmanager/xmlManager/ipconfig/Files
instanceKlass sun/font/StandardGlyphVector$GlyphStrike
instanceKlass com/st/ipmodeconfigmanager/xmlManager/ipconfig/RefComponent$SubComponent
instanceKlass sun/font/FontSubstitution
instanceKlass java/awt/font/GlyphVector
instanceKlass com/st/ipmodeconfigmanager/xmlManager/ipconfig/RefComponent
instanceKlass com/st/ipmodeconfigmanager/xmlManager/ipconfig/RefConfig$SimpleComponent
instanceKlass com/st/ipmodeconfigmanager/xmlManager/ipconfig/RefConfig
instanceKlass com/st/ipmodeconfigmanager/xmlManager/ipmode/RefSignal
instanceKlass com/st/ipmodeconfigmanager/xmlManager/ipmode/PossibleValue
instanceKlass com/st/ipmodeconfigmanager/xmlManager/ipmode/RefParameter
instanceKlass com/st/ipmodeconfigmanager/xmlManager/ipmode/Parameter
instanceKlass com/st/ipmodeconfigmanager/xmlManager/ipmode/RefMode$ConfigForMode
instanceKlass com/st/ipmodeconfigmanager/xmlManager/ipmode/RefMode
instanceKlass com/st/ipmodeconfigmanager/engine/Viewable
instanceKlass com/st/ipmodeconfigmanager/xmlManager/ipconfig/IPConfigFileManage
instanceKlass com/st/ipmodeconfigmanager/xmlManager/ipmode/IPModeFileManage
instanceKlass com/st/microxplorer/plugins/thirdparty/db/solver/getter/device/DeviceVendorGetter
instanceKlass com/st/microxplorer/plugins/thirdparty/db/solver/matcher/DeviceVendorMatcher
instanceKlass com/st/microxplorer/plugins/thirdparty/db/solver/getter/component/ComponentBundleGetter
instanceKlass com/st/microxplorer/plugins/thirdparty/db/solver/getter/component/ComponentSubGroupGetter
instanceKlass com/st/microxplorer/plugins/thirdparty/db/solver/getter/device/DeviceCoreGetter
instanceKlass com/st/microxplorer/plugins/thirdparty/db/solver/matcher/StrictInListMatcher
instanceKlass com/st/microxplorer/plugins/thirdparty/db/solver/getter/toolchain/ToolchainCompilerGetter
instanceKlass com/st/microxplorer/plugins/thirdparty/db/solver/getter/toolchain/ToolchainAttributeGetter$1
instanceKlass com/st/microxplorer/plugins/thirdparty/db/solver/getter/toolchain/ToolchainAttributeGetter
instanceKlass com/st/components/pdscmanager/xml/common/Description
instanceKlass javax/swing/JTable$4
instanceKlass javax/swing/JTable$2
instanceKlass javax/swing/JTable$Resizable3
instanceKlass javax/swing/JTable$Resizable2
instanceKlass  @bci javax/swing/JComponent revalidate ()V 44 <appendix> member <vmtarget> ; # javax/swing/JComponent$$Lambda+0x0000000800845ba0
instanceKlass sun/awt/im/InputMethodAdapter
instanceKlass java/awt/im/spi/InputMethod
instanceKlass java/awt/im/spi/InputMethodContext
instanceKlass java/awt/im/InputMethodRequests
instanceKlass java/awt/im/InputContext
instanceKlass com/st/microxplorer/maingui/MainPanel$28
instanceKlass com/st/microxplorer/maingui/MainPanel$27
instanceKlass com/st/microxplorer/maingui/MainPanel$26
instanceKlass com/st/microxplorer/maingui/MainPanel$25
instanceKlass com/st/microxplorer/maingui/MainPanel$24
instanceKlass com/st/microxplorer/maingui/MainPanel$23
instanceKlass com/st/microxplorer/maingui/MainPanel$22
instanceKlass com/st/microxplorer/maingui/MainPanel$21
instanceKlass com/st/microxplorer/maingui/MainPanel$20
instanceKlass com/st/microxplorer/maingui/MainPanel$19
instanceKlass com/st/microxplorer/maingui/MainPanel$18
instanceKlass com/st/microxplorer/maingui/MainPanel$17
instanceKlass com/st/microxplorer/maingui/MainPanel$16
instanceKlass com/st/microxplorer/maingui/MainPanel$15
instanceKlass com/st/microxplorer/maingui/MainPanel$14
instanceKlass com/st/microxplorer/maingui/MainPanel$13
instanceKlass com/st/microxplorer/maingui/MainPanel$12
instanceKlass com/st/microxplorer/maingui/MainPanel$11
instanceKlass com/st/microxplorer/maingui/MainPanel$10
instanceKlass com/st/microxplorer/maingui/MainPanel$9
instanceKlass com/st/microxplorer/maingui/MainPanel$8
instanceKlass com/st/microxplorer/maingui/MainPanel$7
instanceKlass com/st/microxplorer/maingui/MainPanel$6
instanceKlass com/st/microxplorer/maingui/MainPanel$5
instanceKlass com/st/microxplorer/maingui/MainPanel$4
instanceKlass com/st/microxplorer/maingui/MainPanel$3
instanceKlass com/st/microxplorer/maingui/MainPanel$2
instanceKlass com/st/microxplorer/maingui/HomePanel$2
instanceKlass com/st/microxplorer/maingui/HomeMainPanel$2
instanceKlass com/st/microxplorer/maingui/HomeMainPanel$1
instanceKlass  @bci com/st/microxplorer/maingui/HomeMainPanel <init> (Ljavax/swing/JPanel;Ljavax/swing/JPanel;Ljavax/swing/JPanel;Ljavax/swing/JPanel;Lcom/st/microxplorer/externaltools/STToolsPanel;)V 417 <appendix> member <vmtarget> ; # com/st/microxplorer/maingui/HomeMainPanel$$Lambda+0x000000080081e4e8
instanceKlass  @bci com/st/microxplorer/maingui/HomeMainPanel <init> (Ljavax/swing/JPanel;Ljavax/swing/JPanel;Ljavax/swing/JPanel;Ljavax/swing/JPanel;Lcom/st/microxplorer/externaltools/STToolsPanel;)V 366 <appendix> member <vmtarget> ; # com/st/microxplorer/maingui/HomeMainPanel$$Lambda+0x000000080081e2c0
instanceKlass  @cpi com/st/microxplorer/maingui/HomeMainPanel 328 form vmentry <vmtarget> ; # java/lang/invoke/LambdaForm$DMH+0x000000080081d000
instanceKlass java/awt/GridBagLayoutInfo
instanceKlass com/st/microxplorer/externaltools/STToolsPanel$1
# instanceKlass java/lang/invoke/LambdaForm$MH+0x000000080081cc00
instanceKlass java/awt/GridLayout
instanceKlass org/apache/commons/io/filefilter/IOFileFilter
instanceKlass org/apache/commons/io/FileUtils
instanceKlass  @bci com/st/microxplorer/plugins/thirdparty/ThirdPartyApiDb cleanupDatabaseFolder (Ljava/util/Map;)V 87 <appendix> argL0 ; # com/st/microxplorer/plugins/thirdparty/ThirdPartyApiDb$$Lambda+0x000000080058ab00
instanceKlass  @bci com/st/microxplorer/plugins/thirdparty/ThirdPartyApiDb cleanupDatabaseFolder (Ljava/util/Map;)V 43 <appendix> argL0 ; # com/st/microxplorer/plugins/thirdparty/ThirdPartyApiDb$$Lambda+0x000000080058a8e0
instanceKlass  @bci com/st/microxplorer/plugins/thirdparty/ThirdPartyApiDb cleanupDatabaseFolder (Ljava/util/Map;)V 4 <appendix> argL0 ; # com/st/microxplorer/plugins/thirdparty/ThirdPartyApiDb$$Lambda+0x000000080058a6c0
instanceKlass  @cpi com/st/microxplorer/plugins/thirdparty/ThirdPartyApiDb 477 form vmentry <vmtarget> ; # java/lang/invoke/LambdaForm$DMH+0x000000080081c800
instanceKlass com/st/microxplorer/plugins/thirdparty/engine/Engine$PackInfo
# instanceKlass java/lang/invoke/LambdaForm$MH+0x000000080081c400
instanceKlass java/io/ObjectOutputStream$ReplaceTable
instanceKlass java/io/ObjectOutputStream$HandleTable
instanceKlass java/util/UUID$Holder
instanceKlass java/awt/datatransfer/Transferable
instanceKlass com/st/microxplorer/util/ComparatorMD5DB
instanceKlass  @bci com/st/microxplorer/maingui/HomeAdPanel <init> ()V 920 <appendix> member <vmtarget> ; # com/st/microxplorer/maingui/HomeAdPanel$$Lambda+0x0000000800817920
instanceKlass  @bci com/st/microxplorer/maingui/HomeAdPanel <init> ()V 910 <appendix> member <vmtarget> ; # com/st/microxplorer/maingui/HomeAdPanel$$Lambda+0x00000008008176f8
instanceKlass  @bci com/st/microxplorer/maingui/HomeAdPanel createAdToggleButtons ()V 111 <appendix> member <vmtarget> ; # com/st/microxplorer/maingui/HomeAdPanel$$Lambda+0x00000008008174d0
instanceKlass  @bci com/st/microxplorer/maingui/HomeAdPanel createAdToggleButtons ()V 101 <appendix> member <vmtarget> ; # com/st/microxplorer/maingui/HomeAdPanel$$Lambda+0x00000008008172a8
instanceKlass com/st/microxplorer/mcufinder/gui/selector/DetailPanel$5
instanceKlass com/st/microxplorer/mcufinder/gui/mcuselector/McuDetailPanel$1
instanceKlass com/st/microxplorer/mcufinder/gui/McuFinderGUIConstants
instanceKlass  @bci java/util/regex/Pattern ALL ()Ljava/util/regex/Pattern$CharPredicate; 0 <appendix> argL0 ; # java/util/regex/Pattern$$Lambda+0x0000000800842e10
instanceKlass com/st/microxplorer/maingui/HomeAdPanel$1
instanceKlass  @bci sun/util/locale/provider/JRELocaleProviderAdapter getTimeZoneNameProvider ()Ljava/util/spi/TimeZoneNameProvider; 8 <appendix> member <vmtarget> ; # sun/util/locale/provider/JRELocaleProviderAdapter$$Lambda+0x0000000800842be8
instanceKlass sun/util/locale/provider/TimeZoneNameUtility$TimeZoneNameGetter
instanceKlass org/json/JSONTokener
instanceKlass org/json/JSONObject$Null
instanceKlass org/json/JSONArray
instanceKlass org/json/JSONObject
instanceKlass sun/security/provider/ByteArrayAccess$LE
instanceKlass sun/net/www/http/KeepAliveEntry
instanceKlass sun/net/www/http/KeepAliveCache$1
instanceKlass sun/net/www/http/KeepAliveStreamCleaner$2
instanceKlass sun/net/www/http/KeepAliveStreamCleaner$1
instanceKlass sun/net/www/http/Hurryable
instanceKlass sun/net/www/HeaderParser
instanceKlass sun/net/www/protocol/http/AuthCacheValue
instanceKlass sun/security/ssl/TransportContext$NotifyHandshake$1
instanceKlass sun/security/ssl/TransportContext$NotifyHandshake
instanceKlass sun/security/internal/spec/TlsPrfParameterSpec
instanceKlass sun/security/internal/spec/TlsKeyMaterialSpec
instanceKlass sun/security/internal/spec/TlsKeyMaterialParameterSpec
instanceKlass sun/security/ssl/SSLTrafficKeyDerivation$LegacyTrafficKeyDerivation
instanceKlass com/sun/crypto/provider/TlsMasterSecretGenerator$TlsMasterSecretKey
instanceKlass sun/security/internal/interfaces/TlsMasterSecret
instanceKlass sun/security/internal/spec/TlsMasterSecretParameterSpec
instanceKlass sun/security/ssl/SSLMasterKeyDerivation$LegacyMasterKeyDerivation
instanceKlass sun/security/ssl/SSLMasterKeyDerivation$1
instanceKlass sun/security/ssl/ECDHKeyExchange$1
instanceKlass sun/security/ssl/ECDHClientKeyExchange$ECDHEClientKeyExchangeProducer
instanceKlass sun/security/ssl/ECDHClientKeyExchange$ECDHEClientKeyExchangeConsumer
instanceKlass sun/security/ssl/ECDHClientKeyExchange$ECDHClientKeyExchangeProducer
instanceKlass sun/security/ssl/ECDHClientKeyExchange$ECDHClientKeyExchangeConsumer
instanceKlass sun/security/ssl/ECDHClientKeyExchange
instanceKlass sun/security/ssl/ECDHServerKeyExchange$ECDHServerKeyExchangeProducer
instanceKlass sun/security/ssl/ECDHServerKeyExchange$ECDHServerKeyExchangeConsumer
instanceKlass sun/security/ssl/ECDHServerKeyExchange
instanceKlass sun/security/util/HostnameChecker
# instanceKlass java/lang/invoke/LambdaForm$DMH+0x0000000800805c00
instanceKlass jdk/internal/icu/impl/NormalizerImpl$ReorderingBuffer
# instanceKlass java/lang/invoke/LambdaForm$MH+0x0000000800805800
# instanceKlass java/lang/invoke/LambdaForm$DMH+0x0000000800805400
# instanceKlass java/lang/invoke/LambdaForm$DMH+0x0000000800805000
# instanceKlass java/lang/invoke/LambdaForm$MH+0x0000000800804c00
# instanceKlass java/lang/invoke/LambdaForm$MH+0x0000000800804800
# instanceKlass java/lang/invoke/LambdaForm$MH+0x0000000800804400
instanceKlass sun/security/x509/RFC822Name
instanceKlass java/security/PKCS12Attribute
instanceKlass java/security/KeyStore$Entry$Attribute
instanceKlass sun/security/pkcs12/PKCS12KeyStore$Entry
instanceKlass sun/security/util/IOUtils
instanceKlass sun/security/util/AnchorCertificates$1
instanceKlass sun/security/util/AnchorCertificates
instanceKlass sun/security/ssl/SSLAuthentication
instanceKlass sun/security/ssl/SSLKeyExchange$SSLKeyExECDHERSAOrPSS
instanceKlass sun/security/ssl/SSLKeyExchange$1
instanceKlass sun/security/ssl/SessionTicketExtension$SessionTicketSpec
instanceKlass sun/security/ssl/RenegoInfoExtension$RenegotiationInfoSpec
instanceKlass sun/security/ssl/HandshakeHash$T12HandshakeHash
instanceKlass sun/net/www/http/KeepAliveKey
instanceKlass sun/net/NetworkClient$1
instanceKlass sun/net/NetworkClient
instanceKlass javax/net/ssl/HandshakeCompletedListener
instanceKlass sun/net/www/protocol/http/HttpURLConnection$7
instanceKlass java/net/ResponseCache
instanceKlass sun/net/www/protocol/http/HttpURLConnection$3
instanceKlass java/net/CookieHandler
instanceKlass sun/net/www/protocol/http/HttpURLConnection$2
instanceKlass sun/net/util/ProxyUtil
instanceKlass  @bci sun/net/www/protocol/http/AuthCacheImpl getAuthCacheFor (Ljava/net/Authenticator;)Lsun/net/www/protocol/http/AuthCacheImpl; 4 <appendix> argL0 ; # sun/net/www/protocol/http/AuthCacheImpl$$Lambda+0x00000008007b52e0
instanceKlass sun/net/www/protocol/http/AuthCacheImpl
instanceKlass sun/net/www/protocol/http/AuthCache
instanceKlass  @bci sun/net/www/protocol/http/HttpURLConnection getNetProperty (Ljava/lang/String;)Ljava/lang/String; 1 <appendix> member <vmtarget> ; # sun/net/www/protocol/http/HttpURLConnection$$Lambda+0x00000008007b4c60
instanceKlass javax/net/ssl/KeyManagerFactorySpi
instanceKlass  @bci javax/net/ssl/KeyManagerFactory getDefaultAlgorithm ()Ljava/lang/String; 0 <appendix> argL0 ; # javax/net/ssl/KeyManagerFactory$$Lambda+0x00000008007b30e0
instanceKlass javax/net/ssl/KeyManagerFactory
instanceKlass  @bci sun/security/util/KeyStoreDelegator <init> (Ljava/lang/String;Ljava/lang/Class;Ljava/lang/String;Ljava/lang/Class;)V 4 <appendix> argL0 ; # sun/security/util/KeyStoreDelegator$$Lambda+0x00000008007b2cb0
instanceKlass sun/security/ssl/SSLContextImpl$DefaultManagersHolder$1
instanceKlass sun/security/ssl/SSLContextImpl$DefaultManagersHolder
instanceKlass  @bci javax/net/ssl/SSLSocketFactory getSecurityProperty (Ljava/lang/String;)Ljava/lang/String; 1 <appendix> member <vmtarget> ; # javax/net/ssl/SSLSocketFactory$$Lambda+0x00000008007b14e0
instanceKlass javax/net/ssl/SSLSocketFactory$DefaultFactoryHolder
instanceKlass javax/net/ssl/HttpsURLConnection$DefaultHostnameVerifier
instanceKlass com/st/microxplorer/mcufinder/gui/WebUtils
instanceKlass com/st/microxplorer/externaltools/Constants
instanceKlass com/st/microxplorer/util/FileProperty
# instanceKlass java/lang/invoke/LambdaForm$MH+0x0000000800804000
instanceKlass com/st/microxplorer/maingui/MainPanel$1
instanceKlass javax/accessibility/AccessibleExtendedComponent
instanceKlass javax/swing/plaf/basic/BasicTabbedPaneUI$ScrollableTabSupport
instanceKlass com/st/microxplorer/plugins/power/PowerPluginView$12
instanceKlass com/st/microxplorer/plugins/analytics/AnalyticsUserPreferences$3
instanceKlass com/st/microxplorer/plugins/analytics/AnalyticsUserPreferences$2
instanceKlass com/st/microxplorer/plugins/analytics/AnalyticsUserPreferences$1
instanceKlass com/st/microxplorer/plugins/analytics/AnalyticsUserPreferences$5
instanceKlass com/st/microxplorer/plugins/analytics/PrivacyPageHelper
instanceKlass com/st/microxplorer/maingui/MainPanel$RunInThread
instanceKlass com/st/microxplorer/plugins/analytics/AnalyticsUserPreferences$4
instanceKlass java/text/BreakIterator
instanceKlass  @bci javax/swing/text/html/MuxingAttributeSet getAttribute (Ljava/lang/Object;)Ljava/lang/Object; 77 <appendix> argL0 ; # javax/swing/text/html/MuxingAttributeSet$$Lambda+0x00000008007f4fd8
instanceKlass  @bci javax/swing/text/html/MuxingAttributeSet getAttribute (Ljava/lang/Object;)Ljava/lang/Object; 67 <appendix> argL0 ; # javax/swing/text/html/MuxingAttributeSet$$Lambda+0x00000008007f4d88
instanceKlass  @bci javax/swing/text/html/MuxingAttributeSet getAttribute (Ljava/lang/Object;)Ljava/lang/Object; 57 <appendix> member <vmtarget> ; # javax/swing/text/html/MuxingAttributeSet$$Lambda+0x00000008007f4b40
instanceKlass javax/swing/text/GlyphView$GlyphPainter
instanceKlass javax/swing/text/html/CSSBorder$StrokePainter
instanceKlass javax/swing/text/html/CSSBorder$SolidPainter
instanceKlass javax/swing/text/html/CSSBorder$NullPainter
instanceKlass javax/swing/text/html/CSSBorder$BorderPainter
instanceKlass javax/swing/text/html/StyleSheet$BoxPainter
instanceKlass javax/swing/text/html/StyleSheet$SearchBuffer
instanceKlass javax/swing/text/html/MuxingAttributeSet
instanceKlass javax/swing/text/GapContent$UndoPosRef
instanceKlass javax/swing/event/DocumentEvent$ElementChange
instanceKlass javax/swing/text/DefaultStyledDocument$ElementBuffer$ElemChanges
instanceKlass javax/swing/text/DefaultStyledDocument$ElementSpec
instanceKlass javax/swing/text/html/parser/ContentModelState
instanceKlass javax/swing/text/html/parser/TagStack
instanceKlass javax/swing/text/html/parser/TagElement
instanceKlass javax/swing/text/html/parser/Parser
instanceKlass javax/swing/text/html/HTMLDocument$HTMLReader$TagAction
instanceKlass javax/swing/text/html/HTMLEditorKit$ParserCallback
instanceKlass javax/swing/text/html/parser/AttributeList
instanceKlass javax/swing/text/html/parser/ContentModel
instanceKlass javax/swing/text/html/parser/ParserDelegator$1
instanceKlass javax/swing/text/html/parser/Entity
instanceKlass javax/swing/text/html/parser/Element
instanceKlass javax/swing/text/html/parser/DTD
instanceKlass javax/swing/text/html/parser/DTDConstants
instanceKlass javax/swing/text/html/HTMLEditorKit$Parser
instanceKlass javax/swing/text/html/CSS$ShorthandMarginParser
instanceKlass javax/swing/text/html/CSS$LengthUnit
instanceKlass javax/swing/text/html/HTMLEditorKit$1
instanceKlass javax/swing/text/html/CSSParser
instanceKlass javax/swing/text/html/StyleSheet$CssParser
instanceKlass javax/swing/text/html/CSSParser$CSSParserCallback
instanceKlass javax/swing/text/html/StyleSheet$SelectorMapping
instanceKlass javax/swing/text/html/CSS$CssValue
instanceKlass javax/swing/text/html/CSS$Value
instanceKlass javax/swing/text/html/CSS$Attribute
instanceKlass javax/swing/text/html/CSS
instanceKlass javax/swing/text/html/HTML$Attribute
instanceKlass javax/swing/text/html/HTML
instanceKlass javax/swing/text/html/HTML$Tag
instanceKlass javax/swing/text/html/HTMLEditorKit$HTMLFactory
instanceKlass com/st/library/dynamicproxy/AbortIfNull
instanceKlass com/st/library/dynamicproxy/ContextValidator
instanceKlass com/st/microxplorer/plugins/analytics/AnalyticsUserPreferences
instanceKlass com/st/microxplorer/maingui/MainPanel$30
instanceKlass com/st/microxplorer/maingui/MenuBar$9
instanceKlass com/st/microxplorer/maingui/UserPreferencesView$5
instanceKlass com/st/microxplorer/maingui/UserPreferencesView$1
instanceKlass com/st/microxplorer/maingui/UserPreferencesView$4
instanceKlass java/awt/peer/DialogPeer
instanceKlass com/st/microxplorer/plugins/updater/xml/UpdateType
instanceKlass com/st/microxplorer/maingui/UserPreferencesView
instanceKlass com/st/microxplorer/plugins/tools/ToolsMainPanel$1
instanceKlass  @bci com/st/microxplorer/plugins/filemanager/iocCompare/IocComparePanel CreateUI2 (Z)Ljavax/swing/JPanel; 824 <appendix> member <vmtarget> ; # com/st/microxplorer/plugins/filemanager/iocCompare/IocComparePanel$$Lambda+0x00000008007a2a88
instanceKlass  @bci com/st/microxplorer/plugins/filemanager/iocCompare/IocComparePanel CreateUI2 (Z)Ljavax/swing/JPanel; 769 <appendix> member <vmtarget> ; # com/st/microxplorer/plugins/filemanager/iocCompare/IocComparePanel$$Lambda+0x00000008007a2860
instanceKlass  @bci com/st/microxplorer/plugins/filemanager/iocCompare/IocComparePanel CreateUI2 (Z)Ljavax/swing/JPanel; 700 <appendix> member <vmtarget> ; # com/st/microxplorer/plugins/filemanager/iocCompare/IocComparePanel$$Lambda+0x00000008007a2638
instanceKlass  @bci com/st/microxplorer/plugins/filemanager/iocCompare/IocComparePanel CreateUI2 (Z)Ljavax/swing/JPanel; 648 <appendix> member <vmtarget> ; # com/st/microxplorer/plugins/filemanager/iocCompare/IocComparePanel$$Lambda+0x00000008007a2410
instanceKlass  @bci com/st/microxplorer/plugins/filemanager/iocCompare/IocComparePanel CreateUI2 (Z)Ljavax/swing/JPanel; 596 <appendix> member <vmtarget> ; # com/st/microxplorer/plugins/filemanager/iocCompare/IocComparePanel$$Lambda+0x00000008007a21e8
instanceKlass  @bci com/st/microxplorer/plugins/filemanager/iocCompare/IocComparePanel CreateUI2 (Z)Ljavax/swing/JPanel; 442 <appendix> member <vmtarget> ; # com/st/microxplorer/plugins/filemanager/iocCompare/IocComparePanel$$Lambda+0x00000008007a1fc0
instanceKlass com/st/microxplorer/plugins/filemanager/iocCompare/IocComparePanel$2
instanceKlass  @bci org/sqlite/jdbc3/JDBC3ResultSet getInt (I)I 9 <appendix> form vmentry <vmtarget> ; # java/lang/invoke/LambdaForm$DMH+0x00000008007a6800
instanceKlass  @bci com/st/microxplorer/plugins/filemanager/iocCompare/IocComparePanel CreateUI2 (Z)Ljavax/swing/JPanel; 219 <appendix> member <vmtarget> ; # com/st/microxplorer/plugins/filemanager/iocCompare/IocComparePanel$$Lambda+0x00000008007a1b68
instanceKlass  @cpi com/st/microxplorer/plugins/filemanager/iocCompare/IocComparePanel 1328 form vmentry <vmtarget> ; # java/lang/invoke/LambdaForm$DMH+0x00000008007a6400
instanceKlass  @bci javax/swing/border/TitledBorder installPropertyChangeListeners ()V 32 <appendix> member <vmtarget> ; # javax/swing/border/TitledBorder$$Lambda+0x00000008007dd070
instanceKlass  @bci javax/swing/border/TitledBorder installPropertyChangeListeners ()V 10 <appendix> member <vmtarget> ; # javax/swing/border/TitledBorder$$Lambda+0x00000008007dce48
instanceKlass  @bci com/st/microxplorer/plugins/filemanager/iocCompare/IocComparePanel initCommands ()V 37 <appendix> member <vmtarget> ; # com/st/microxplorer/plugins/filemanager/iocCompare/IocComparePanel$$Lambda+0x00000008007a1940
instanceKlass  @bci com/st/microxplorer/plugins/filemanager/iocCompare/IocComparePanel initCommands ()V 22 <appendix> member <vmtarget> ; # com/st/microxplorer/plugins/filemanager/iocCompare/IocComparePanel$$Lambda+0x000000080079fc18
instanceKlass  @bci com/st/microxplorer/plugins/filemanager/iocCompare/IocComparePanel initCommands ()V 7 <appendix> member <vmtarget> ; # com/st/microxplorer/plugins/filemanager/iocCompare/IocComparePanel$$Lambda+0x00000008004b3d80
instanceKlass  @bci com/st/microxplorer/plugins/updater/xml/packcontrol/PackControlFlags readFile (Ljava/lang/String;)Z 76 <adapter> ; # java/lang/invoke/LambdaForm$MH+0x00000008007a6000
instanceKlass  @bci com/st/microxplorer/plugins/updater/xml/packcontrol/PackControlFlags readFile (Ljava/lang/String;)Z 76 <appendix> form vmentry <vmtarget> ; # java/lang/invoke/LambdaForm$MH+0x00000008007a5c00
# instanceKlass java/lang/invoke/LambdaForm$MH+0x00000008007a5800
instanceKlass  @bci com/st/microxplorer/plugins/updater/xml/packcontrol/PackControlFlags readFile (Ljava/lang/String;)Z 76 <appendix> form names 6 function resolvedHandle form vmentry <vmtarget> ; # java/lang/invoke/LambdaForm$DMH+0x00000008007a5400
instanceKlass  @bci com/st/microxplorer/plugins/updater/xml/packcontrol/PackControlFlags readFile (Ljava/lang/String;)Z 76 <appendix> argL3 form vmentry <vmtarget> ; # java/lang/invoke/LambdaForm$MH+0x00000008007a5000
# instanceKlass java/lang/invoke/LambdaForm$MH+0x00000008007a4c00
# instanceKlass java/lang/invoke/LambdaForm$MH+0x00000008007a4800
# instanceKlass java/lang/invoke/LambdaForm$MH+0x00000008007a4400
# instanceKlass java/lang/invoke/LambdaForm$MH+0x00000008007a4000
instanceKlass  @bci com/st/microxplorer/plugins/updater/xml/packcontrol/PackControlFlags readFile (Ljava/lang/String;)Z 76 <appendix> form names 10 function resolvedHandle form vmentry <vmtarget> ; # java/lang/invoke/LambdaForm$DMH+0x0000000800795c00
instanceKlass  @bci com/st/microxplorer/plugins/updater/xml/packcontrol/PackControlFlags readFile (Ljava/lang/String;)Z 76 <appendix> argL1 form vmentry <vmtarget> ; # java/lang/invoke/LambdaForm$MH+0x0000000800795800
# instanceKlass java/lang/invoke/LambdaForm$MH+0x0000000800795400
# instanceKlass java/lang/invoke/LambdaForm$MH+0x0000000800795000
# instanceKlass java/lang/invoke/LambdaForm$MH+0x0000000800794c00
instanceKlass com/st/microxplorer/plugins/updater/xml/packcontrol/Flag
instanceKlass com/st/microxplorer/plugins/updater/xml/packcontrol/FlagList
instanceKlass com/st/microxplorer/plugins/updater/xml/packcontrol/Pack
instanceKlass org/apache/poi/ss/usermodel/Row
instanceKlass org/apache/poi/ss/usermodel/CellStyle
instanceKlass org/apache/poi/ss/usermodel/Workbook
instanceKlass com/st/microxplorer/plugins/filemanager/engine/SaveFileManager$1
instanceKlass com/st/microxplorer/plugins/filemanager/engine/SaveFileManager
instanceKlass com/st/microxplorer/plugins/filemanager/engine/OpenFileManager$1
instanceKlass com/st/microxplorer/plugins/filemanager/engine/OpenFileManager
instanceKlass com/st/microxplorer/plugins/pinoutandconfiguration/PinoutAndConfigurationView$3$1
instanceKlass jdk/internal/math/MathUtils
instanceKlass jdk/internal/math/DoubleToDecimal
instanceKlass  @bci com/st/microxplorer/plugins/pinoutandconfiguration/PinoutAndConfigurationView$1 propertyChange (Ljava/beans/PropertyChangeEvent;)V 22 <appendix> form vmentry <vmtarget> ; # java/lang/invoke/LambdaForm$MH+0x0000000800794800
# instanceKlass java/lang/invoke/LambdaForm$MH+0x0000000800794400
instanceKlass com/st/microxplorer/plugins/pinoutandconfiguration/PinoutAndConfigurationView$1
instanceKlass sun/swing/MenuItemLayoutHelper$RectSize
instanceKlass com/st/microxplorer/plugins/pinoutandconfiguration/PinoutAndConfigurationView$2
instanceKlass com/st/microxplorer/plugins/pinoutandconfiguration/PinoutAndConfigurationView$4
# instanceKlass java/lang/invoke/LambdaForm$MH+0x0000000800794000
instanceKlass javax/swing/plaf/basic/BasicSplitPaneDivider$OneTouchActionHandler
instanceKlass com/st/microxplorer/plugins/pinoutandconfiguration/PinoutAndConfigurationView$3
instanceKlass com/st/microxplorer/plugins/updater/cli/UpdaterCli$14
instanceKlass com/st/microxplorer/plugins/updater/cli/UpdaterCli$13
instanceKlass com/st/microxplorer/plugins/updater/cli/UpdaterCli$12
instanceKlass com/st/microxplorer/plugins/updater/cli/UpdaterCli$11
instanceKlass com/st/microxplorer/plugins/updater/cli/UpdaterCli$10
instanceKlass com/st/microxplorer/plugins/updater/cli/UpdaterCli$9
instanceKlass com/st/microxplorer/plugins/updater/cli/UpdaterCli$8
instanceKlass com/st/microxplorer/plugins/updater/cli/UpdaterCli$7
instanceKlass com/st/microxplorer/plugins/updater/cli/UpdaterCli$6
instanceKlass com/st/microxplorer/plugins/updater/cli/UpdaterCli$5
instanceKlass com/st/microxplorer/plugins/updater/cli/UpdaterCli$4
instanceKlass com/st/microxplorer/plugins/updater/cli/UpdaterCli$3
instanceKlass com/st/microxplorer/plugins/updater/cli/UpdaterCli$2
instanceKlass com/st/microxplorer/plugins/updater/cli/UpdaterCli$1
instanceKlass com/st/microxplorer/plugins/updater/cli/UpdaterCli
instanceKlass sun/security/ssl/Alert$AlertConsumer
instanceKlass  @bci com/st/microxplorer/plugins/updater/engine/CheckConnectionManager getHttpFileSize (Ljava/lang/String;)J 163 <adapter> ; # java/lang/invoke/LambdaForm$MH+0x000000080078f000
# instanceKlass java/lang/invoke/LambdaForm$DMH+0x000000080078ec00
instanceKlass  @bci com/st/microxplorer/plugins/updater/engine/CheckConnectionManager getHttpFileSize (Ljava/lang/String;)J 163 <appendix> form vmentry <vmtarget> ; # java/lang/invoke/LambdaForm$MH+0x000000080078e800
# instanceKlass java/lang/invoke/LambdaForm$MH+0x000000080078e400
instanceKlass  @bci com/st/microxplorer/plugins/updater/engine/CheckConnectionManager getHttpFileSize (Ljava/lang/String;)J 163 <appendix> argL3 form vmentry <vmtarget> ; # java/lang/invoke/LambdaForm$MH+0x000000080078e000
# instanceKlass java/lang/invoke/LambdaForm$MH+0x000000080078dc00
# instanceKlass java/lang/invoke/LambdaForm$MH+0x000000080078d800
# instanceKlass java/lang/invoke/LambdaForm$MH+0x000000080078d400
# instanceKlass java/lang/invoke/LambdaForm$MH+0x000000080078d000
instanceKlass  @bci com/st/microxplorer/plugins/updater/engine/CheckConnectionManager getHttpFileSize (Ljava/lang/String;)J 163 <appendix> argL1 form vmentry <vmtarget> ; # java/lang/invoke/LambdaForm$MH+0x000000080078cc00
# instanceKlass java/lang/invoke/LambdaForm$MH+0x000000080078c800
# instanceKlass java/lang/invoke/LambdaForm$MH+0x000000080078c400
# instanceKlass java/lang/invoke/LambdaForm$MH+0x000000080078c000
instanceKlass org/apache/http/entity/HttpEntityWrapper
instanceKlass org/apache/http/conn/EofSensorWatcher
instanceKlass org/apache/http/impl/execchain/HttpResponseProxy
instanceKlass org/apache/http/message/TokenParser
instanceKlass org/apache/http/NameValuePair
instanceKlass org/apache/http/HeaderElement
instanceKlass org/apache/http/message/BasicHeaderValueParser
instanceKlass org/apache/http/message/HeaderValueParser
instanceKlass org/apache/http/message/BasicHeaderElementIterator
instanceKlass org/apache/http/message/BasicHeaderIterator
instanceKlass org/apache/http/message/BasicTokenIterator
instanceKlass org/apache/http/entity/AbstractHttpEntity
instanceKlass org/apache/http/message/BufferedHeader
instanceKlass org/apache/http/message/BasicStatusLine
instanceKlass org/apache/http/protocol/HTTP
instanceKlass org/apache/http/message/ParserCursor
instanceKlass org/apache/http/FormattedHeader
instanceKlass org/apache/http/message/BasicListHeaderIterator
instanceKlass org/apache/http/impl/auth/HttpAuthenticator$1
instanceKlass org/apache/http/conn/ssl/DefaultHostnameVerifier$1
instanceKlass org/apache/http/conn/ssl/SubjectName
instanceKlass org/apache/http/conn/util/InetAddressUtils
instanceKlass com/sun/crypto/provider/GaloisCounterMode$EncryptOp
instanceKlass sun/security/ssl/SSLBasicKeyDerivation$SecretSizeSpec
instanceKlass sun/security/ssl/SSLBasicKeyDerivation
instanceKlass sun/security/ssl/Finished$1
instanceKlass sun/security/ssl/Finished$T13VerifyDataGenerator
instanceKlass sun/security/ssl/Finished$T12VerifyDataGenerator
instanceKlass sun/security/ssl/Finished$T10VerifyDataGenerator
instanceKlass sun/security/ssl/Finished$S30VerifyDataGenerator
instanceKlass sun/security/ssl/Finished$VerifyDataGenerator
instanceKlass sun/security/rsa/MGF1
instanceKlass sun/security/ssl/X509Authentication$X509Credentials
instanceKlass sun/security/ssl/SSLConfiguration$1
instanceKlass javax/net/ssl/SSLParameters
instanceKlass sun/security/validator/CamerfirmaTLSPolicy
instanceKlass sun/security/validator/EntrustTLSPolicy
instanceKlass sun/security/validator/SymantecTLSPolicy
instanceKlass sun/security/validator/CADistrustPolicy$4
instanceKlass java/security/cert/PKIXCertPathValidatorResult
instanceKlass java/security/cert/CertPathValidatorResult
instanceKlass sun/security/rsa/RSAPadding
instanceKlass sun/security/rsa/RSACore
instanceKlass java/security/interfaces/RSAPrivateCrtKey
instanceKlass java/security/interfaces/RSAPrivateKey
instanceKlass sun/security/util/SignatureUtil
instanceKlass java/security/interfaces/DSAPublicKey
instanceKlass java/security/interfaces/DSAKey
instanceKlass sun/security/provider/certpath/CertPathConstraintsParameters
instanceKlass sun/security/util/ConstraintsParameters
instanceKlass sun/security/provider/certpath/PKIXMasterCertPathValidator
instanceKlass sun/security/provider/certpath/PolicyNodeImpl
instanceKlass java/security/cert/PolicyNode
instanceKlass sun/security/util/DisabledAlgorithmConstraints$CertPathHolder
instanceKlass  @bci sun/security/x509/X509CertImpl getFingerprint (Ljava/lang/String;Lsun/security/util/Debug;)Ljava/lang/String; 7 <appendix> member <vmtarget> ; # sun/security/x509/X509CertImpl$$Lambda+0x00000008007d3218
instanceKlass sun/security/util/UntrustedCertificates$1
instanceKlass sun/security/util/UntrustedCertificates
instanceKlass java/security/cert/X509CertSelector
instanceKlass java/security/cert/CertSelector
instanceKlass sun/security/provider/certpath/PKIX$ValidatorParams
instanceKlass sun/security/provider/certpath/PKIX
instanceKlass java/security/cert/CertPath
instanceKlass java/security/cert/CertPathValidatorSpi
instanceKlass java/security/cert/CertPathValidator
instanceKlass java/security/cert/PKIXCertPathChecker
instanceKlass java/security/cert/CertPathChecker
instanceKlass java/security/Timestamp
instanceKlass sun/security/ssl/SSLAlgorithmConstraints$SupportedSignatureAlgorithmConstraints
instanceKlass jdk/internal/icu/impl/Norm2AllModes$NFKCSingleton
instanceKlass jdk/internal/icu/text/NormalizerBase$ModeImpl
instanceKlass jdk/internal/icu/text/NormalizerBase$NFKDModeImpl
instanceKlass jdk/internal/icu/text/NormalizerBase$1
instanceKlass java/text/Normalizer
instanceKlass sun/security/pkcs/SignerInfo
instanceKlass sun/security/pkcs/PKCS9Attribute
instanceKlass sun/security/x509/AVAKeyword
instanceKlass java/security/cert/PKIXParameters
instanceKlass java/security/cert/CertPathParameters
instanceKlass sun/security/provider/certpath/CertPathHelper
instanceKlass java/security/cert/TrustAnchor
instanceKlass sun/security/x509/NetscapeCertTypeExtension$MapEntry
instanceKlass sun/security/validator/EndEntityChecker
instanceKlass sun/security/validator/Validator
instanceKlass javax/net/ssl/SSLEngine
instanceKlass sun/security/util/MemoryCache$CacheEntry
instanceKlass sun/security/util/Cache$EqualByteArray
instanceKlass sun/security/ssl/CertificateMessage$CertificateEntry
instanceKlass sun/security/ssl/ServerNameExtension$SHServerNamesSpec
instanceKlass com/sun/crypto/provider/GaloisCounterMode$DecryptOp
instanceKlass com/sun/crypto/provider/GaloisCounterMode$GCMOperation
instanceKlass com/sun/crypto/provider/GHASH
instanceKlass com/sun/crypto/provider/GCM
instanceKlass com/sun/crypto/provider/GaloisCounterMode$GCMEngine
instanceKlass javax/crypto/spec/GCMParameterSpec
instanceKlass sun/security/ssl/ChangeCipherSpec$T13ChangeCipherSpecConsumer
instanceKlass sun/security/ssl/ChangeCipherSpec$T10ChangeCipherSpecProducer
instanceKlass sun/security/ssl/ChangeCipherSpec$T10ChangeCipherSpecConsumer
instanceKlass sun/security/ssl/ChangeCipherSpec
instanceKlass javax/crypto/spec/IvParameterSpec
instanceKlass sun/security/ssl/SSLTrafficKeyDerivation$T13TrafficKeyDerivation
instanceKlass sun/security/ssl/SSLTrafficKeyDerivation$1
instanceKlass sun/security/ssl/SSLTrafficKeyDerivation$T13TrafficKeyDerivationGenerator
instanceKlass sun/security/ssl/SSLTrafficKeyDerivation$T12TrafficKeyDerivationGenerator
instanceKlass sun/security/ssl/SSLTrafficKeyDerivation$T10TrafficKeyDerivationGenerator
instanceKlass sun/security/ssl/SSLTrafficKeyDerivation$S30TrafficKeyDerivationGenerator
instanceKlass sun/security/ssl/SSLKeyDerivationGenerator
instanceKlass sun/security/ssl/SSLSecretDerivation
instanceKlass javax/crypto/MacSpi
instanceKlass javax/crypto/Mac
instanceKlass sun/security/ssl/HKDF
instanceKlass  @bci javax/crypto/spec/SecretKeySpec <clinit> ()V 0 <appendix> argL0 ; # javax/crypto/spec/SecretKeySpec$$Lambda+0x00000008007c6350
instanceKlass jdk/internal/access/JavaxCryptoSpecAccess
instanceKlass javax/crypto/spec/SecretKeySpec
instanceKlass  @bci sun/security/ec/XDHKeyAgreement engineDoPhase (Ljava/security/Key;Z)Ljava/security/Key; 70 <appendix> argL0 ; # sun/security/ec/XDHKeyAgreement$$Lambda+0x0000000800785278
instanceKlass  @bci sun/security/ec/XDHKeyAgreement initImpl (Ljava/security/Key;)V 66 <appendix> argL0 ; # sun/security/ec/XDHKeyAgreement$$Lambda+0x0000000800785058
instanceKlass  @bci sun/security/ec/XDHKeyAgreement initImpl (Ljava/security/Key;)V 38 <appendix> argL0 ; # sun/security/ec/XDHKeyAgreement$$Lambda+0x0000000800784e18
instanceKlass  @bci sun/security/ec/XDHKeyAgreement initImpl (Ljava/security/Key;)V 22 <appendix> argL0 ; # sun/security/ec/XDHKeyAgreement$$Lambda+0x0000000800784bd8
instanceKlass javax/crypto/SecretKey
instanceKlass javax/crypto/KeyAgreementSpi
instanceKlass sun/security/ssl/KAKeyDerivation
instanceKlass sun/security/ssl/XDHKeyExchange$XDHEKAGenerator
instanceKlass sun/security/ssl/XDHKeyExchange
instanceKlass  @bci sun/security/ec/XDHKeyFactory generatePublicImpl (Ljava/security/spec/KeySpec;)Ljava/security/PublicKey; 65 <appendix> argL0 ; # sun/security/ec/XDHKeyFactory$$Lambda+0x0000000800784758
instanceKlass  @bci sun/security/ec/XDHKeyFactory generatePublicImpl (Ljava/security/spec/KeySpec;)Ljava/security/PublicKey; 51 <appendix> argL0 ; # sun/security/ec/XDHKeyFactory$$Lambda+0x0000000800784518
instanceKlass java/security/spec/XECPublicKeySpec
instanceKlass sun/security/ssl/XDHKeyExchange$XDHECredentials
instanceKlass sun/security/ssl/NamedGroupCredentials
instanceKlass sun/security/ssl/KeyShareExtension$SHKeyShareSpec
instanceKlass sun/security/ssl/HandshakeHash$CloneableHash
instanceKlass sun/security/ssl/HandshakeHash$T13HandshakeHash
instanceKlass sun/security/ssl/SupportedVersionsExtension$SHSupportedVersionsSpec
instanceKlass sun/security/ssl/TransportContext$1
instanceKlass sun/security/ssl/Plaintext
instanceKlass sun/security/ssl/OutputRecord$T13PaddingHolder
instanceKlass sun/security/ssl/KeyShareExtension$CHKeyShareSpec
instanceKlass sun/security/util/math/IntegerModuloP$MultiplicativeInverser$Secp256R1
instanceKlass sun/security/ec/ECOperations$PointMultiplier$Default
instanceKlass sun/security/ec/ECOperations$PointMultiplier$Secp256R1GeneratorMultiplier$P256
instanceKlass sun/security/ec/ECOperations$PointMultiplier$Secp256R1GeneratorMultiplier
instanceKlass sun/security/ec/ECOperations$PointMultiplier
instanceKlass  @bci sun/security/ec/ECPrivateKeyImpl calculatePublicKey ()Ljava/security/PublicKey; 9 <appendix> argL0 ; # sun/security/ec/ECPrivateKeyImpl$$Lambda+0x00000008007825c8
instanceKlass sun/security/util/ArrayUtil
instanceKlass java/security/interfaces/ECPrivateKey
instanceKlass sun/security/ec/ECOperations
instanceKlass sun/security/ssl/ECDHKeyExchange$ECDHEPossession
instanceKlass sun/security/ssl/KeyShareExtension$KeyShareEntry
instanceKlass sun/security/ssl/XDHKeyExchange$1
instanceKlass sun/security/pkcs/PKCS8Key
instanceKlass sun/security/util/InternalPrivateKey
instanceKlass java/security/interfaces/XECPrivateKey
instanceKlass java/security/interfaces/XECPublicKey
instanceKlass java/security/interfaces/XECKey
instanceKlass java/security/KeyPair
instanceKlass java/math/MutableBigInteger
instanceKlass sun/security/util/math/IntegerModuloP$MultiplicativeInverser$Default
instanceKlass sun/security/util/math/IntegerModuloP$MultiplicativeInverser
instanceKlass sun/security/util/math/MutableIntegerModuloP
instanceKlass sun/security/jca/JCAUtil$CachedSecureRandomHolder
instanceKlass sun/security/ec/XECOperations
instanceKlass sun/security/ec/XECParameters
instanceKlass  @bci sun/security/ec/XDHKeyPairGenerator initialize (Ljava/security/spec/AlgorithmParameterSpec;Ljava/security/SecureRandom;)V 0 <appendix> argL0 ; # sun/security/ec/XDHKeyPairGenerator$$Lambda+0x0000000800781358
instanceKlass sun/security/ssl/XDHKeyExchange$XDHEPossession
instanceKlass sun/security/ssl/ECDHKeyExchange$ECDHEXDHKAGenerator
instanceKlass sun/security/ssl/ECDHKeyExchange$ECDHEKAGenerator
instanceKlass sun/security/ssl/ECDHKeyExchange$ECDHKAGenerator
instanceKlass sun/security/ssl/ECDHKeyExchange$ECDHEPossessionGenerator
instanceKlass sun/security/ssl/ECDHKeyExchange
instanceKlass sun/security/ssl/DHKeyExchange$DHEKAGenerator
instanceKlass sun/security/ssl/DHKeyExchange$DHEPossessionGenerator
instanceKlass sun/security/ssl/DHKeyExchange
instanceKlass sun/security/ssl/RSAKeyExchange$RSAKAGenerator
instanceKlass sun/security/ssl/RSAKeyExchange$EphemeralRSAPossessionGenerator
instanceKlass sun/security/ssl/RSAKeyExchange
instanceKlass sun/security/ssl/SSLKeyExchange$T13KeyAgreement
instanceKlass sun/security/ssl/SSLKeyAgreement
instanceKlass sun/security/ssl/SSLPossessionGenerator
instanceKlass sun/security/ssl/SSLKeyExchange
instanceKlass sun/security/ssl/SSLHandshakeBinding
instanceKlass sun/security/ssl/SSLKeyAgreementGenerator
instanceKlass sun/security/ssl/PskKeyExchangeModesExtension$PskKeyExchangeModesSpec
instanceKlass sun/security/ssl/SupportedVersionsExtension$CHSupportedVersionsSpec
instanceKlass sun/security/ssl/SignatureAlgorithmsExtension$SignatureSchemesSpec
instanceKlass  @bci sun/security/util/DisabledAlgorithmConstraints permits (Ljava/lang/String;Ljava/util/Set;)Z 20 <appendix> member <vmtarget> ; # sun/security/util/DisabledAlgorithmConstraints$$Lambda+0x000000080077ae98
instanceKlass sun/security/ssl/ExtendedMasterSecretExtension$ExtendedMasterSecretSpec
instanceKlass sun/security/ssl/CertStatusExtension$CertStatusRequestV2Spec
instanceKlass sun/security/ssl/ECPointFormatsExtension$ECPointFormatsSpec
instanceKlass sun/security/ssl/SupportedGroupsExtension$SupportedGroupsSpec
instanceKlass sun/security/ssl/CertStatusExtension$CertStatusRequest
instanceKlass sun/security/ssl/CertStatusExtension$CertStatusRequestSpec
instanceKlass sun/security/ssl/ServerNameExtension$CHServerNamesSpec
instanceKlass sun/security/ssl/SSLExtension$SSLExtensionSpec
instanceKlass sun/security/ssl/SSLExtension$ClientExtensions
instanceKlass sun/security/ssl/PreSharedKeyExtension$SHPreSharedKeyStringizer
instanceKlass sun/security/ssl/PreSharedKeyExtension$SHPreSharedKeyAbsence
instanceKlass sun/security/ssl/PreSharedKeyExtension$SHPreSharedKeyConsumer
instanceKlass sun/security/ssl/PreSharedKeyExtension$SHPreSharedKeyProducer
instanceKlass sun/security/ssl/PreSharedKeyExtension$CHPreSharedKeyStringizer
instanceKlass sun/security/ssl/PreSharedKeyExtension$CHPreSharedKeyOnTradeAbsence
instanceKlass sun/security/ssl/PreSharedKeyExtension$CHPreSharedKeyUpdate
instanceKlass sun/security/ssl/PreSharedKeyExtension$CHPreSharedKeyOnLoadAbsence
instanceKlass sun/security/ssl/PreSharedKeyExtension$CHPreSharedKeyConsumer
instanceKlass sun/security/ssl/PreSharedKeyExtension$CHPreSharedKeyProducer
instanceKlass sun/security/ssl/PreSharedKeyExtension
instanceKlass sun/security/ssl/RenegoInfoExtension$RenegotiationInfoStringizer
instanceKlass sun/security/ssl/RenegoInfoExtension$SHRenegotiationInfoAbsence
instanceKlass sun/security/ssl/RenegoInfoExtension$SHRenegotiationInfoConsumer
instanceKlass sun/security/ssl/RenegoInfoExtension$SHRenegotiationInfoProducer
instanceKlass sun/security/ssl/RenegoInfoExtension$CHRenegotiationInfoAbsence
instanceKlass sun/security/ssl/RenegoInfoExtension$CHRenegotiationInfoConsumer
instanceKlass sun/security/ssl/RenegoInfoExtension$CHRenegotiationInfoProducer
instanceKlass sun/security/ssl/RenegoInfoExtension
instanceKlass sun/security/ssl/KeyShareExtension$HRRKeyShareStringizer
instanceKlass sun/security/ssl/KeyShareExtension$HRRKeyShareReproducer
instanceKlass sun/security/ssl/KeyShareExtension$HRRKeyShareConsumer
instanceKlass sun/security/ssl/KeyShareExtension$HRRKeyShareProducer
instanceKlass sun/security/ssl/KeyShareExtension$SHKeyShareStringizer
instanceKlass sun/security/ssl/KeyShareExtension$SHKeyShareAbsence
instanceKlass sun/security/ssl/KeyShareExtension$SHKeyShareConsumer
instanceKlass sun/security/ssl/KeyShareExtension$SHKeyShareProducer
instanceKlass sun/security/ssl/KeyShareExtension$CHKeyShareStringizer
instanceKlass sun/security/ssl/KeyShareExtension$CHKeyShareOnTradeAbsence
instanceKlass sun/security/ssl/KeyShareExtension$CHKeyShareConsumer
instanceKlass sun/security/ssl/KeyShareExtension$CHKeyShareProducer
instanceKlass sun/security/ssl/KeyShareExtension
instanceKlass sun/security/ssl/CertSignAlgsExtension$CertSignatureSchemesStringizer
instanceKlass sun/security/ssl/CertSignAlgsExtension$CRCertSignatureSchemesUpdate
instanceKlass sun/security/ssl/CertSignAlgsExtension$CRCertSignatureSchemesConsumer
instanceKlass sun/security/ssl/CertSignAlgsExtension$CRCertSignatureSchemesProducer
instanceKlass sun/security/ssl/CertSignAlgsExtension$CHCertSignatureSchemesUpdate
instanceKlass sun/security/ssl/CertSignAlgsExtension$CHCertSignatureSchemesConsumer
instanceKlass sun/security/ssl/CertSignAlgsExtension$CHCertSignatureSchemesProducer
instanceKlass sun/security/ssl/CertSignAlgsExtension
instanceKlass sun/security/ssl/CertificateAuthoritiesExtension$CertificateAuthoritiesStringizer
instanceKlass sun/security/ssl/CertificateAuthoritiesExtension$CRCertificateAuthoritiesConsumer
instanceKlass sun/security/ssl/CertificateAuthoritiesExtension$CRCertificateAuthoritiesProducer
instanceKlass sun/security/ssl/CertificateAuthoritiesExtension$CHCertificateAuthoritiesConsumer
instanceKlass sun/security/ssl/CertificateAuthoritiesExtension$CHCertificateAuthoritiesProducer
instanceKlass sun/security/ssl/CertificateAuthoritiesExtension
instanceKlass sun/security/ssl/PskKeyExchangeModesExtension$PskKeyExchangeModesStringizer
instanceKlass sun/security/ssl/PskKeyExchangeModesExtension$PskKeyExchangeModesOnTradeAbsence
instanceKlass sun/security/ssl/PskKeyExchangeModesExtension$PskKeyExchangeModesOnLoadAbsence
instanceKlass sun/security/ssl/PskKeyExchangeModesExtension$PskKeyExchangeModesConsumer
instanceKlass sun/security/ssl/PskKeyExchangeModesExtension$PskKeyExchangeModesProducer
instanceKlass sun/security/ssl/PskKeyExchangeModesExtension
instanceKlass sun/security/ssl/CookieExtension$CookieStringizer
instanceKlass sun/security/ssl/CookieExtension$HRRCookieReproducer
instanceKlass sun/security/ssl/CookieExtension$HRRCookieConsumer
instanceKlass sun/security/ssl/CookieExtension$HRRCookieProducer
instanceKlass sun/security/ssl/CookieExtension$CHCookieUpdate
instanceKlass sun/security/ssl/CookieExtension$CHCookieConsumer
instanceKlass sun/security/ssl/CookieExtension$CHCookieProducer
instanceKlass sun/security/ssl/CookieExtension
instanceKlass sun/security/ssl/SupportedVersionsExtension$HRRSupportedVersionsReproducer
instanceKlass sun/security/ssl/SupportedVersionsExtension$HRRSupportedVersionsConsumer
instanceKlass sun/security/ssl/SupportedVersionsExtension$HRRSupportedVersionsProducer
instanceKlass sun/security/ssl/SupportedVersionsExtension$SHSupportedVersionsStringizer
instanceKlass sun/security/ssl/SupportedVersionsExtension$SHSupportedVersionsConsumer
instanceKlass sun/security/ssl/SupportedVersionsExtension$SHSupportedVersionsProducer
instanceKlass sun/security/ssl/SupportedVersionsExtension$CHSupportedVersionsStringizer
instanceKlass sun/security/ssl/SupportedVersionsExtension$CHSupportedVersionsConsumer
instanceKlass sun/security/ssl/SupportedVersionsExtension$CHSupportedVersionsProducer
instanceKlass sun/security/ssl/SupportedVersionsExtension
instanceKlass sun/security/ssl/SignatureAlgorithmsExtension$SignatureSchemesStringizer
instanceKlass sun/security/ssl/SignatureAlgorithmsExtension$CRSignatureSchemesUpdate
instanceKlass sun/security/ssl/SignatureAlgorithmsExtension$CRSignatureSchemesAbsence
instanceKlass sun/security/ssl/SignatureAlgorithmsExtension$CRSignatureSchemesConsumer
instanceKlass sun/security/ssl/SignatureAlgorithmsExtension$CRSignatureSchemesProducer
instanceKlass sun/security/ssl/SignatureAlgorithmsExtension$CHSignatureSchemesOnTradeAbsence
instanceKlass sun/security/ssl/SignatureAlgorithmsExtension$CHSignatureSchemesUpdate
instanceKlass sun/security/ssl/SignatureAlgorithmsExtension$CHSignatureSchemesOnLoadAbsence
instanceKlass sun/security/ssl/SignatureAlgorithmsExtension$CHSignatureSchemesConsumer
instanceKlass sun/security/ssl/SignatureAlgorithmsExtension$CHSignatureSchemesProducer
instanceKlass sun/security/ssl/SignatureAlgorithmsExtension
instanceKlass sun/security/ssl/SessionTicketExtension$SessionTicketStringizer
instanceKlass sun/security/ssl/SessionTicketExtension$T12SHSessionTicketConsumer
instanceKlass sun/security/ssl/SessionTicketExtension$T12SHSessionTicketProducer
instanceKlass sun/security/ssl/SessionTicketExtension$T12CHSessionTicketConsumer
instanceKlass sun/security/ssl/SessionTicketExtension$T12CHSessionTicketProducer
instanceKlass sun/security/ssl/SessionTicketExtension
instanceKlass sun/security/ssl/ExtendedMasterSecretExtension$ExtendedMasterSecretStringizer
instanceKlass sun/security/ssl/ExtendedMasterSecretExtension$SHExtendedMasterSecretAbsence
instanceKlass sun/security/ssl/ExtendedMasterSecretExtension$SHExtendedMasterSecretConsumer
instanceKlass sun/security/ssl/ExtendedMasterSecretExtension$SHExtendedMasterSecretProducer
instanceKlass sun/security/ssl/ExtendedMasterSecretExtension$CHExtendedMasterSecretAbsence
instanceKlass sun/security/ssl/ExtendedMasterSecretExtension$CHExtendedMasterSecretConsumer
instanceKlass sun/security/ssl/ExtendedMasterSecretExtension$CHExtendedMasterSecretProducer
instanceKlass sun/security/ssl/ExtendedMasterSecretExtension
instanceKlass  @bci sun/security/ssl/AlpnExtension <clinit> ()V 100 <appendix> argL0 ; # sun/security/ssl/AlpnExtension$$Lambda+0x000000080076c0a8
instanceKlass sun/security/ssl/AlpnExtension$AlpnStringizer
instanceKlass sun/security/ssl/AlpnExtension$SHAlpnAbsence
instanceKlass sun/security/ssl/AlpnExtension$SHAlpnConsumer
instanceKlass sun/security/ssl/AlpnExtension$SHAlpnProducer
instanceKlass sun/security/ssl/AlpnExtension$CHAlpnAbsence
instanceKlass sun/security/ssl/AlpnExtension$CHAlpnConsumer
instanceKlass sun/security/ssl/AlpnExtension$CHAlpnProducer
instanceKlass sun/security/ssl/AlpnExtension
instanceKlass sun/security/ssl/ECPointFormatsExtension$ECPointFormatsStringizer
instanceKlass sun/security/ssl/ECPointFormatsExtension$SHECPointFormatsConsumer
instanceKlass sun/security/ssl/ECPointFormatsExtension$CHECPointFormatsConsumer
instanceKlass sun/security/ssl/ECPointFormatsExtension$CHECPointFormatsProducer
instanceKlass sun/security/ssl/ECPointFormatsExtension
instanceKlass sun/security/ssl/SupportedGroupsExtension$EESupportedGroupsConsumer
instanceKlass sun/security/ssl/SupportedGroupsExtension$EESupportedGroupsProducer
instanceKlass sun/security/ssl/SupportedGroupsExtension$SupportedGroupsStringizer
instanceKlass sun/security/ssl/SupportedGroupsExtension$CHSupportedGroupsOnTradeAbsence
instanceKlass sun/security/ssl/SupportedGroupsExtension$CHSupportedGroupsConsumer
instanceKlass sun/security/ssl/SupportedGroupsExtension$CHSupportedGroupsProducer
instanceKlass sun/security/ssl/SupportedGroupsExtension
instanceKlass sun/security/ssl/CertStatusExtension$CertStatusRespStringizer
instanceKlass sun/security/ssl/CertStatusExtension$CertStatusRequestsStringizer
instanceKlass sun/security/ssl/CertStatusExtension$SHCertStatusReqV2Consumer
instanceKlass sun/security/ssl/CertStatusExtension$SHCertStatusReqV2Producer
instanceKlass sun/security/ssl/CertStatusExtension$CHCertStatusReqV2Consumer
instanceKlass sun/security/ssl/CertStatusExtension$CHCertStatusReqV2Producer
instanceKlass sun/security/ssl/CertStatusExtension$CertStatusRequestStringizer
instanceKlass sun/security/ssl/CertStatusExtension$CTCertStatusResponseConsumer
instanceKlass sun/security/ssl/CertStatusExtension$CTCertStatusResponseProducer
instanceKlass sun/security/ssl/CertStatusExtension$SHCertStatusReqConsumer
instanceKlass sun/security/ssl/CertStatusExtension$SHCertStatusReqProducer
instanceKlass sun/security/ssl/CertStatusExtension$CHCertStatusReqConsumer
instanceKlass sun/security/ssl/CertStatusExtension$CHCertStatusReqProducer
instanceKlass sun/security/ssl/CertStatusExtension
instanceKlass sun/security/ssl/MaxFragExtension$MaxFragLenStringizer
instanceKlass sun/security/ssl/MaxFragExtension$EEMaxFragmentLengthUpdate
instanceKlass sun/security/ssl/MaxFragExtension$EEMaxFragmentLengthConsumer
instanceKlass sun/security/ssl/MaxFragExtension$EEMaxFragmentLengthProducer
instanceKlass sun/security/ssl/MaxFragExtension$SHMaxFragmentLengthUpdate
instanceKlass sun/security/ssl/MaxFragExtension$SHMaxFragmentLengthConsumer
instanceKlass sun/security/ssl/MaxFragExtension$SHMaxFragmentLengthProducer
instanceKlass sun/security/ssl/MaxFragExtension$CHMaxFragmentLengthConsumer
instanceKlass sun/security/ssl/MaxFragExtension$CHMaxFragmentLengthProducer
instanceKlass sun/security/ssl/MaxFragExtension
instanceKlass sun/security/ssl/ServerNameExtension$EEServerNameConsumer
instanceKlass sun/security/ssl/ServerNameExtension$EEServerNameProducer
instanceKlass sun/security/ssl/ServerNameExtension$SHServerNamesStringizer
instanceKlass sun/security/ssl/ServerNameExtension$SHServerNameConsumer
instanceKlass sun/security/ssl/ServerNameExtension$SHServerNameProducer
instanceKlass sun/security/ssl/ServerNameExtension$CHServerNamesStringizer
instanceKlass sun/security/ssl/ServerNameExtension$CHServerNameConsumer
instanceKlass sun/security/ssl/SSLExtension$ExtensionConsumer
instanceKlass sun/security/ssl/ServerNameExtension$CHServerNameProducer
instanceKlass sun/security/ssl/ServerNameExtension
instanceKlass sun/security/ssl/SSLStringizer
instanceKlass sun/security/ssl/SSLExtensions
instanceKlass sun/security/ssl/SSLHandshake$HandshakeMessage
instanceKlass sun/security/ssl/RandomCookie
instanceKlass sun/security/util/KeyUtil
instanceKlass sun/security/ssl/SSLKeyDerivation
instanceKlass sun/security/ssl/SSLCredentials
instanceKlass sun/security/ssl/NamedGroupPossession
instanceKlass sun/security/ssl/SSLPossession
instanceKlass sun/security/ssl/HandshakeContext
instanceKlass jdk/internal/icu/impl/Trie2$UTrie2Header
instanceKlass jdk/internal/icu/impl/Trie2$1
instanceKlass jdk/internal/icu/impl/Trie2$ValueMapper
instanceKlass jdk/internal/icu/impl/Trie2
instanceKlass jdk/internal/icu/impl/UCharacterProperty$IsAcceptable
instanceKlass jdk/internal/icu/impl/UCharacterProperty$IntProperty
instanceKlass jdk/internal/icu/impl/UCharacterProperty
instanceKlass jdk/internal/icu/impl/Trie
instanceKlass jdk/internal/icu/text/StringPrep$StringPrepTrieImpl
instanceKlass jdk/internal/icu/impl/Trie$DataManipulate
instanceKlass jdk/internal/icu/impl/StringPrepDataReader
instanceKlass jdk/internal/icu/text/StringPrep
instanceKlass java/net/IDN
instanceKlass javax/net/ssl/SNIServerName
instanceKlass sun/security/ssl/DTLSRecord
instanceKlass sun/security/ssl/SessionId
instanceKlass java/security/spec/MGF1ParameterSpec
instanceKlass sun/security/ec/ParametersMap$1
instanceKlass  @bci sun/security/ec/ed/EdDSAParameters <clinit> ()V 268 <appendix> argL0 ; # sun/security/ec/ed/EdDSAParameters$$Lambda+0x0000000800780788
instanceKlass sun/security/ec/ed/EdDSAParameters$SHAKE256DigesterFactory
instanceKlass sun/security/ec/point/ProjectivePoint
instanceKlass  @bci sun/security/ec/ed/EdDSAParameters <clinit> ()V 117 <appendix> argL0 ; # sun/security/ec/ed/EdDSAParameters$$Lambda+0x000000080071bd70
instanceKlass sun/security/ec/ed/EdDSAParameters$Digester
instanceKlass sun/security/ec/ed/EdDSAParameters$SHA512DigesterFactory
instanceKlass sun/security/ec/point/ExtendedHomogeneousPoint
instanceKlass sun/security/ec/point/AffinePoint
instanceKlass sun/security/util/math/intpoly/IntegerPolynomial$Limb
instanceKlass sun/security/util/math/SmallValue
instanceKlass sun/security/ec/point/MutablePoint
instanceKlass sun/security/ec/point/ImmutablePoint
instanceKlass sun/security/ec/point/Point
instanceKlass sun/security/util/math/intpoly/IntegerPolynomial$Element
instanceKlass sun/security/util/math/ImmutableIntegerModuloP
instanceKlass sun/security/util/math/IntegerModuloP
instanceKlass sun/security/util/math/intpoly/IntegerPolynomial
instanceKlass sun/security/ec/ParametersMap
instanceKlass sun/security/ec/ed/EdECOperations
instanceKlass sun/security/ec/ed/EdDSAParameters$DigesterFactory
instanceKlass sun/security/util/math/IntegerFieldModuloP
instanceKlass sun/security/ec/ed/EdDSAParameters
instanceKlass  @bci sun/security/ec/ed/EdDSASignature <init> (Ljava/security/spec/NamedParameterSpec;)V 27 <appendix> argL0 ; # sun/security/ec/ed/EdDSASignature$$Lambda+0x0000000800719b80
instanceKlass java/security/spec/EdDSAParameterSpec
instanceKlass sun/security/ec/ed/EdDSASignature$MessageAccumulator
instanceKlass javax/net/ssl/ExtendedSSLSession
instanceKlass javax/net/ssl/SSLSession
instanceKlass javax/crypto/spec/DHParameterSpec
instanceKlass sun/security/ssl/PredefinedDHParameterSpecs$1
instanceKlass sun/security/ssl/PredefinedDHParameterSpecs
instanceKlass sun/security/ssl/NamedGroup$SupportedGroups
instanceKlass sun/security/ssl/SSLConfiguration$CustomizedClientSignatureSchemes
instanceKlass javax/crypto/KeyGeneratorSpi
instanceKlass javax/crypto/KeyGenerator
instanceKlass sun/security/ssl/SSLConfiguration
instanceKlass sun/security/ssl/SSLCipher$SSLWriteCipher
instanceKlass sun/security/ssl/KeyUpdate$KeyUpdateProducer
instanceKlass sun/security/ssl/KeyUpdate$KeyUpdateConsumer
instanceKlass sun/security/ssl/KeyUpdate$KeyUpdateKickstartProducer
instanceKlass sun/security/ssl/KeyUpdate
instanceKlass sun/security/ssl/CertificateStatus$CertificateStatusAbsence
instanceKlass sun/security/ssl/HandshakeAbsence
instanceKlass sun/security/ssl/CertificateStatus$CertificateStatusProducer
instanceKlass sun/security/ssl/CertificateStatus$CertificateStatusConsumer
instanceKlass sun/security/ssl/CertificateStatus
instanceKlass sun/security/ssl/Finished$T13FinishedProducer
instanceKlass sun/security/ssl/Finished$T13FinishedConsumer
instanceKlass sun/security/ssl/Finished$T12FinishedProducer
instanceKlass sun/security/ssl/Finished$T12FinishedConsumer
instanceKlass sun/security/ssl/Finished
instanceKlass sun/security/ssl/ClientKeyExchange$ClientKeyExchangeProducer
instanceKlass sun/security/ssl/ClientKeyExchange$ClientKeyExchangeConsumer
instanceKlass sun/security/ssl/ClientKeyExchange
instanceKlass sun/security/ssl/CertificateVerify$T13CertificateVerifyProducer
instanceKlass sun/security/ssl/CertificateVerify$T13CertificateVerifyConsumer
instanceKlass sun/security/ssl/CertificateVerify$T12CertificateVerifyProducer
instanceKlass sun/security/ssl/CertificateVerify$T12CertificateVerifyConsumer
instanceKlass sun/security/ssl/CertificateVerify$T10CertificateVerifyProducer
instanceKlass sun/security/ssl/CertificateVerify$T10CertificateVerifyConsumer
instanceKlass sun/security/ssl/CertificateVerify$S30CertificateVerifyProducer
instanceKlass sun/security/ssl/CertificateVerify$S30CertificateVerifyConsumer
instanceKlass sun/security/ssl/CertificateVerify
instanceKlass sun/security/ssl/ServerHelloDone$ServerHelloDoneProducer
instanceKlass sun/security/ssl/ServerHelloDone$ServerHelloDoneConsumer
instanceKlass sun/security/ssl/ServerHelloDone
instanceKlass sun/security/ssl/CertificateRequest$T13CertificateRequestProducer
instanceKlass sun/security/ssl/CertificateRequest$T13CertificateRequestConsumer
instanceKlass sun/security/ssl/CertificateRequest$T12CertificateRequestProducer
instanceKlass sun/security/ssl/CertificateRequest$T12CertificateRequestConsumer
instanceKlass sun/security/ssl/CertificateRequest$T10CertificateRequestProducer
instanceKlass sun/security/ssl/CertificateRequest$T10CertificateRequestConsumer
instanceKlass sun/security/ssl/CertificateRequest
instanceKlass sun/security/ssl/ServerKeyExchange$ServerKeyExchangeProducer
instanceKlass sun/security/ssl/ServerKeyExchange$ServerKeyExchangeConsumer
instanceKlass sun/security/ssl/ServerKeyExchange
instanceKlass sun/security/ssl/CertificateMessage$T13CertificateProducer
instanceKlass sun/security/ssl/CertificateMessage$T13CertificateConsumer
instanceKlass sun/security/ssl/CertificateMessage$T12CertificateProducer
instanceKlass sun/security/ssl/CertificateMessage$T12CertificateConsumer
instanceKlass sun/security/ssl/CertificateMessage
instanceKlass sun/security/ssl/EncryptedExtensions$EncryptedExtensionsConsumer
instanceKlass sun/security/ssl/EncryptedExtensions$EncryptedExtensionsProducer
instanceKlass sun/security/ssl/EncryptedExtensions
instanceKlass sun/security/ssl/NewSessionTicket$T12NewSessionTicketProducer
instanceKlass sun/security/ssl/NewSessionTicket$T13NewSessionTicketProducer
instanceKlass sun/security/ssl/NewSessionTicket$T12NewSessionTicketConsumer
instanceKlass sun/security/ssl/NewSessionTicket$T13NewSessionTicketConsumer
instanceKlass sun/security/ssl/NewSessionTicket
instanceKlass sun/security/ssl/HelloVerifyRequest$HelloVerifyRequestProducer
instanceKlass sun/security/ssl/HelloVerifyRequest$HelloVerifyRequestConsumer
instanceKlass sun/security/ssl/HelloVerifyRequest
instanceKlass sun/security/ssl/ServerHello$T13HelloRetryRequestConsumer
instanceKlass sun/security/ssl/ServerHello$T13ServerHelloConsumer
instanceKlass sun/security/ssl/ServerHello$T12ServerHelloConsumer
instanceKlass sun/security/ssl/ServerHello$T13HelloRetryRequestReproducer
instanceKlass sun/security/ssl/ServerHello$T13HelloRetryRequestProducer
instanceKlass sun/security/ssl/ServerHello$T13ServerHelloProducer
instanceKlass sun/security/ssl/ServerHello$T12ServerHelloProducer
instanceKlass sun/security/ssl/ServerHello$ServerHelloConsumer
instanceKlass sun/security/ssl/ServerHello
instanceKlass sun/security/ssl/ClientHello$D13ClientHelloConsumer
instanceKlass sun/security/ssl/ClientHello$D12ClientHelloConsumer
instanceKlass sun/security/ssl/ClientHello$T13ClientHelloConsumer
instanceKlass sun/security/ssl/ClientHello$T12ClientHelloConsumer
instanceKlass sun/security/ssl/HandshakeConsumer
instanceKlass sun/security/ssl/ClientHello$ClientHelloProducer
instanceKlass sun/security/ssl/ClientHello$ClientHelloConsumer
instanceKlass sun/security/ssl/ClientHello$ClientHelloKickstartProducer
instanceKlass sun/security/ssl/ClientHello
instanceKlass sun/security/ssl/HelloRequest$HelloRequestProducer
instanceKlass sun/security/ssl/HelloRequest$HelloRequestConsumer
instanceKlass sun/security/ssl/HelloRequest$HelloRequestKickstartProducer
instanceKlass sun/security/ssl/SSLProducer
instanceKlass sun/security/ssl/HelloRequest
instanceKlass sun/security/ssl/HandshakeProducer
instanceKlass sun/security/ssl/SSLConsumer
instanceKlass sun/security/ssl/Authenticator$MacImpl
instanceKlass sun/security/ssl/Authenticator$MAC
instanceKlass sun/security/ssl/Authenticator
instanceKlass sun/security/ssl/SSLCipher$SSLReadCipher
instanceKlass sun/security/ssl/InputRecord
instanceKlass sun/security/ssl/SSLRecord
instanceKlass sun/security/ssl/Record
instanceKlass sun/security/ssl/TransportContext
instanceKlass sun/security/ssl/ConnectionContext
instanceKlass sun/security/ssl/HandshakeHash$CacheOnlyHash
instanceKlass sun/security/ssl/HandshakeHash$TranscriptHash
instanceKlass sun/security/ssl/HandshakeHash
instanceKlass sun/security/ssl/SSLTransport
instanceKlass sun/net/NetHooks
instanceKlass sun/net/spi/DefaultProxySelector$3
instanceKlass sun/net/spi/DefaultProxySelector$NonProxyInfo
instanceKlass sun/net/NetProperties$1
instanceKlass sun/net/NetProperties
instanceKlass sun/net/spi/DefaultProxySelector$1
instanceKlass java/net/Proxy
instanceKlass java/net/ProxySelector
instanceKlass java/net/SocksSocketImpl$3
instanceKlass java/net/InetSocketAddress$InetSocketAddressHolder
instanceKlass sun/nio/ch/ExtendedSocketOption$1
instanceKlass sun/nio/ch/ExtendedSocketOption
instanceKlass sun/nio/ch/OptionKey
instanceKlass sun/nio/ch/SocketOptionRegistry$LazyInitialization
instanceKlass sun/nio/ch/SocketOptionRegistry$RegistryKey
instanceKlass sun/nio/ch/SocketOptionRegistry
instanceKlass java/net/StandardSocketOptions$StdSocketOption
instanceKlass java/net/StandardSocketOptions
instanceKlass  @bci sun/nio/ch/NioSocketImpl closerFor (Ljava/io/FileDescriptor;Z)Ljava/lang/Runnable; 5 <appendix> member <vmtarget> ; # sun/nio/ch/NioSocketImpl$$Lambda+0x0000000800746648
instanceKlass jdk/net/ExtendedSocketOptions$2
instanceKlass jdk/net/ExtendedSocketOptions$PlatformSocketOptions
instanceKlass jdk/net/ExtendedSocketOptions$ExtSocketOption
instanceKlass java/net/SocketOption
instanceKlass jdk/net/ExtendedSocketOptions
instanceKlass sun/net/ext/ExtendedSocketOptions
instanceKlass sun/nio/ch/Net$1
instanceKlass java/net/ProtocolFamily
instanceKlass sun/nio/ch/Net
instanceKlass java/net/SocksConsts
instanceKlass sun/net/PlatformSocketImpl
instanceKlass java/net/SocketImpl
instanceKlass java/net/SocketOptions
instanceKlass org/apache/http/config/SocketConfig$Builder
instanceKlass org/apache/http/config/SocketConfig
instanceKlass org/apache/http/conn/routing/RouteTracker
instanceKlass org/apache/http/impl/execchain/ConnectionHolder
instanceKlass org/apache/http/conn/ConnectionReleaseTrigger
instanceKlass org/apache/http/impl/conn/CPoolProxy
instanceKlass org/apache/http/impl/conn/Wire
instanceKlass org/apache/http/impl/io/AbstractMessageParser
instanceKlass org/apache/http/util/CharArrayBuffer
instanceKlass org/apache/http/impl/io/AbstractMessageWriter
instanceKlass org/apache/http/impl/HttpConnectionMetricsImpl
instanceKlass org/apache/http/impl/io/SessionOutputBufferImpl
instanceKlass org/apache/http/util/ByteArrayBuffer
instanceKlass org/apache/http/config/MessageConstraints$Builder
instanceKlass org/apache/http/config/MessageConstraints
instanceKlass org/apache/http/impl/io/SessionInputBufferImpl
instanceKlass org/apache/http/io/BufferInfo
instanceKlass org/apache/http/impl/io/HttpTransportMetricsImpl
instanceKlass org/apache/http/io/SessionInputBuffer
instanceKlass org/apache/http/io/SessionOutputBuffer
instanceKlass org/apache/http/HttpConnectionMetrics
instanceKlass org/apache/http/io/HttpTransportMetrics
instanceKlass org/apache/http/config/ConnectionConfig$Builder
instanceKlass org/apache/http/config/ConnectionConfig
instanceKlass org/apache/http/impl/conn/PoolingHttpClientConnectionManager$1
instanceKlass org/apache/http/pool/AbstractConnPool$2
instanceKlass org/apache/http/util/Asserts
instanceKlass org/apache/http/impl/cookie/DefaultCookieSpec
instanceKlass org/apache/http/impl/cookie/BasicDomainHandler
instanceKlass org/apache/http/impl/cookie/RFC2109DomainHandler
instanceKlass org/apache/http/impl/cookie/RFC2965DiscardAttributeHandler
instanceKlass org/apache/http/impl/cookie/RFC2965CommentUrlAttributeHandler
instanceKlass org/apache/http/impl/cookie/AbstractCookieAttributeHandler
instanceKlass org/apache/http/impl/cookie/RFC2965PortAttributeHandler
instanceKlass org/apache/http/impl/cookie/PublicSuffixDomainFilter
instanceKlass org/apache/http/impl/cookie/RFC2965DomainAttributeHandler
instanceKlass org/apache/http/impl/cookie/RFC2965VersionAttributeHandler
instanceKlass org/apache/http/cookie/SetCookie
instanceKlass org/apache/http/cookie/Cookie
instanceKlass org/apache/http/impl/cookie/AbstractCookieSpec
instanceKlass org/apache/http/cookie/CookieOrigin
instanceKlass org/apache/http/message/BasicHeader
instanceKlass org/apache/http/client/utils/URIBuilder
instanceKlass org/apache/http/conn/routing/HttpRoute
instanceKlass org/apache/http/auth/AuthState
instanceKlass org/apache/http/protocol/HttpCoreContext
instanceKlass org/apache/http/protocol/BasicHttpContext
instanceKlass org/apache/http/message/BasicRequestLine
instanceKlass org/apache/http/params/HttpProtocolParams
instanceKlass org/apache/http/params/CoreProtocolPNames
instanceKlass org/apache/http/params/AbstractHttpParams
instanceKlass org/apache/http/params/HttpParamsNames
instanceKlass org/apache/http/HttpEntityEnclosingRequest
instanceKlass org/apache/http/HttpHost
instanceKlass org/apache/http/client/utils/URIUtils
instanceKlass org/apache/http/message/HeaderGroup
instanceKlass org/apache/http/params/HttpParams
instanceKlass org/apache/http/message/AbstractHttpMessage
instanceKlass org/apache/http/client/methods/AbortableHttpRequest
instanceKlass org/apache/http/client/methods/HttpExecutionAware
instanceKlass org/apache/http/conn/ClientConnectionManager
instanceKlass org/apache/http/impl/client/HttpClientBuilder$2
instanceKlass org/apache/http/cookie/CookieIdentityComparator
instanceKlass org/apache/http/impl/client/BasicCookieStore
instanceKlass org/apache/http/impl/cookie/IgnoreSpecProvider
instanceKlass org/apache/http/impl/cookie/NetscapeDraftSpecProvider
instanceKlass org/apache/http/impl/cookie/RFC6265CookieSpecProvider
instanceKlass org/apache/http/cookie/CookieSpec
instanceKlass org/apache/http/impl/cookie/BasicPathHandler
instanceKlass org/apache/http/cookie/CommonCookieAttributeHandler
instanceKlass org/apache/http/cookie/CookieAttributeHandler
instanceKlass org/apache/http/impl/cookie/DefaultCookieSpecProvider
instanceKlass org/apache/http/cookie/CookieSpecProvider
instanceKlass org/apache/http/impl/client/CookieSpecRegistries
instanceKlass org/apache/http/impl/auth/KerberosSchemeFactory
instanceKlass org/apache/http/impl/auth/SPNegoSchemeFactory
instanceKlass org/apache/http/impl/auth/NTLMSchemeFactory
instanceKlass org/apache/http/impl/auth/DigestSchemeFactory
instanceKlass org/apache/http/auth/AuthScheme
instanceKlass org/apache/http/impl/auth/BasicSchemeFactory
instanceKlass org/apache/http/auth/AuthSchemeProvider
instanceKlass org/apache/http/auth/AuthSchemeFactory
instanceKlass org/apache/http/impl/execchain/RedirectExec
instanceKlass org/apache/http/impl/client/DefaultRedirectStrategy
instanceKlass org/apache/http/impl/conn/DefaultRoutePlanner
instanceKlass org/apache/http/impl/execchain/RetryExec
instanceKlass org/apache/http/impl/client/DefaultHttpRequestRetryHandler
instanceKlass org/apache/http/impl/execchain/ProtocolExec
instanceKlass org/apache/http/client/entity/DeflateInputStreamFactory
instanceKlass org/apache/http/client/entity/GZIPInputStreamFactory
instanceKlass org/apache/http/client/entity/InputStreamFactory
instanceKlass org/apache/http/client/protocol/ResponseContentEncoding
instanceKlass org/apache/http/client/protocol/ResponseProcessCookies
instanceKlass org/apache/http/client/protocol/RequestAuthCache
instanceKlass org/apache/http/client/protocol/RequestAcceptEncoding
instanceKlass org/apache/http/client/protocol/RequestAddCookies
instanceKlass org/apache/http/protocol/ChainBuilder
instanceKlass org/apache/http/client/protocol/RequestExpectContinue
instanceKlass org/apache/http/client/protocol/RequestClientConnControl
instanceKlass org/apache/http/protocol/RequestContent
instanceKlass org/apache/http/client/protocol/RequestDefaultHeaders
instanceKlass org/apache/http/protocol/HttpProcessorBuilder
instanceKlass org/apache/http/conn/routing/BasicRouteDirector
instanceKlass org/apache/http/impl/auth/HttpAuthenticator
instanceKlass org/apache/http/HttpEntity
instanceKlass org/apache/http/conn/routing/RouteInfo
instanceKlass org/apache/http/client/methods/CloseableHttpResponse
instanceKlass org/apache/http/conn/routing/HttpRouteDirector
instanceKlass org/apache/http/impl/execchain/MainClientExec
instanceKlass org/apache/http/protocol/RequestUserAgent
instanceKlass org/apache/http/protocol/RequestTargetHost
instanceKlass org/apache/http/protocol/ImmutableHttpProcessor
instanceKlass org/apache/http/util/VersionInfo
instanceKlass org/apache/http/impl/client/DefaultUserTokenHandler
instanceKlass org/apache/http/client/AuthCache
instanceKlass org/apache/http/impl/client/AuthenticationStrategyImpl
instanceKlass org/apache/http/HeaderElementIterator
instanceKlass org/apache/http/impl/client/DefaultConnectionKeepAliveStrategy
instanceKlass org/apache/http/HeaderIterator
instanceKlass org/apache/http/TokenIterator
instanceKlass org/apache/http/impl/DefaultConnectionReuseStrategy
instanceKlass org/apache/http/impl/entity/StrictContentLengthStrategy
instanceKlass org/apache/http/impl/entity/LaxContentLengthStrategy
instanceKlass org/apache/http/impl/EnglishReasonPhraseCatalog
instanceKlass org/apache/http/HttpResponse
instanceKlass org/apache/http/ReasonPhraseCatalog
instanceKlass org/apache/http/impl/DefaultHttpResponseFactory
instanceKlass org/apache/http/StatusLine
instanceKlass org/apache/http/RequestLine
instanceKlass org/apache/http/Header
instanceKlass org/apache/http/message/BasicLineParser
instanceKlass org/apache/http/io/HttpMessageParser
instanceKlass org/apache/http/HttpResponseFactory
instanceKlass org/apache/http/message/LineParser
instanceKlass org/apache/http/impl/conn/DefaultHttpResponseParserFactory
instanceKlass org/apache/http/message/BasicLineFormatter
instanceKlass org/apache/http/io/HttpMessageWriter
instanceKlass org/apache/http/message/LineFormatter
instanceKlass org/apache/http/impl/io/DefaultHttpRequestWriterFactory
instanceKlass org/apache/http/impl/BHttpConnectionBase
instanceKlass org/apache/http/conn/ManagedHttpClientConnection
instanceKlass org/apache/http/HttpInetConnection
instanceKlass org/apache/http/HttpClientConnection
instanceKlass org/apache/http/HttpConnection
instanceKlass org/apache/http/entity/ContentLengthStrategy
instanceKlass org/apache/http/io/HttpMessageParserFactory
instanceKlass org/apache/http/io/HttpMessageWriterFactory
instanceKlass org/apache/http/impl/conn/ManagedHttpClientConnectionFactory
instanceKlass org/apache/http/conn/HttpConnectionFactory
instanceKlass org/apache/http/impl/conn/PoolingHttpClientConnectionManager$InternalConnectionFactory
instanceKlass org/apache/http/pool/PoolEntryCallback
instanceKlass org/apache/http/pool/RouteSpecificPool
instanceKlass org/apache/http/pool/AbstractConnPool
instanceKlass org/apache/http/pool/ConnPool
instanceKlass org/apache/http/impl/conn/PoolingHttpClientConnectionManager$ConfigData
instanceKlass org/apache/http/impl/conn/SystemDefaultDnsResolver
instanceKlass org/apache/http/impl/conn/DefaultSchemePortResolver
instanceKlass org/apache/http/protocol/HttpContext
instanceKlass org/apache/http/conn/DnsResolver
instanceKlass org/apache/http/impl/conn/DefaultHttpClientConnectionOperator
instanceKlass org/apache/http/config/Registry
instanceKlass org/apache/http/util/TextUtils
instanceKlass org/apache/http/conn/socket/PlainConnectionSocketFactory
instanceKlass org/apache/http/config/RegistryBuilder
instanceKlass org/apache/http/conn/ConnectionRequest
instanceKlass org/apache/http/concurrent/Cancellable
instanceKlass org/apache/http/pool/PoolEntry
instanceKlass org/apache/http/pool/ConnFactory
instanceKlass org/apache/http/conn/HttpClientConnectionOperator
instanceKlass org/apache/http/impl/conn/PoolingHttpClientConnectionManager
instanceKlass org/apache/http/pool/ConnPoolControl
instanceKlass javax/net/SocketFactory
instanceKlass  @bci sun/security/ssl/SSLContextImpl engineInit ([Ljavax/net/ssl/KeyManager;[Ljavax/net/ssl/TrustManager;Ljava/security/SecureRandom;)V 57 <appendix> argL0 ; # sun/security/ssl/SSLContextImpl$$Lambda+0x0000000800741968
instanceKlass javax/net/ssl/X509ExtendedTrustManager
instanceKlass javax/net/ssl/X509TrustManager
instanceKlass javax/net/ssl/TrustManager
instanceKlass sun/security/mscapi/CKeyStore$1
instanceKlass sun/security/validator/TrustStoreUtil
instanceKlass sun/security/x509/AccessDescription
instanceKlass sun/security/x509/URIName
instanceKlass sun/security/x509/DistributionPoint
instanceKlass java/security/interfaces/ECPublicKey
instanceKlass sun/security/x509/DNSName
instanceKlass sun/security/x509/GeneralName
instanceKlass sun/security/x509/GeneralNames
instanceKlass sun/security/mscapi/CKey$NativeHandles
instanceKlass java/security/cert/PolicyQualifierInfo
instanceKlass sun/security/x509/CertificatePolicyId
instanceKlass sun/security/x509/PolicyInformation
instanceKlass sun/security/mscapi/CKeyStore$KeyEntry
instanceKlass jdk/internal/event/EventHelper$ThreadTrackHolder
instanceKlass java/util/jar/JarFile$ThreadTrackHolder
instanceKlass jdk/internal/event/EventHelper
instanceKlass sun/security/jca/JCAUtil
instanceKlass sun/security/x509/KeyIdentifier
instanceKlass sun/security/x509/OIDMap$OIDInfo
instanceKlass sun/security/x509/PKIXExtensions
instanceKlass sun/security/x509/OIDMap
instanceKlass sun/security/x509/Extension
instanceKlass java/security/cert/Extension
instanceKlass sun/security/x509/CertificateExtensions
instanceKlass sun/security/rsa/RSAUtil
instanceKlass java/security/interfaces/RSAPublicKey
instanceKlass java/security/interfaces/RSAKey
instanceKlass java/security/spec/PSSParameterSpec
instanceKlass java/security/spec/RSAPrivateKeySpec
instanceKlass java/security/spec/RSAPublicKeySpec
instanceKlass  @bci java/security/spec/EncodedKeySpec <clinit> ()V 0 <appendix> argL0 ; # java/security/spec/EncodedKeySpec$$Lambda+0x0000000800679a90
instanceKlass jdk/internal/access/JavaSecuritySpecAccess
instanceKlass java/security/spec/EncodedKeySpec
instanceKlass java/security/spec/KeySpec
instanceKlass sun/security/util/BitArray
instanceKlass sun/security/x509/X509Key
instanceKlass sun/security/x509/CertificateX509Key
instanceKlass sun/security/x509/CertificateValidity
instanceKlass sun/security/x509/AVA
instanceKlass sun/security/x509/RDN
instanceKlass javax/security/auth/x500/X500Principal
instanceKlass  @bci sun/security/x509/X500Name <clinit> ()V 153 <appendix> argL0 ; # sun/security/x509/X500Name$$Lambda+0x0000000800677988
instanceKlass sun/security/x509/X500Name
instanceKlass sun/security/x509/GeneralNameInterface
instanceKlass sun/security/x509/CertificateAlgorithmId
instanceKlass sun/security/x509/SerialNumber
instanceKlass sun/security/x509/CertificateSerialNumber
instanceKlass sun/security/x509/CertificateVersion
instanceKlass sun/security/x509/X509CertInfo
instanceKlass sun/security/x509/AlgorithmId
instanceKlass sun/security/util/DerValue
instanceKlass sun/security/pkcs/ContentInfo
instanceKlass sun/security/util/DerInputStream
instanceKlass sun/security/pkcs/PKCS7
instanceKlass java/security/cert/CertificateFactorySpi
instanceKlass java/security/cert/CertificateFactory
instanceKlass sun/security/action/OpenFileInputStreamAction
instanceKlass  @bci sun/security/mscapi/CKeyStore <init> (Ljava/lang/String;I)V 20 <appendix> argL0 ; # sun/security/mscapi/CKeyStore$$Lambda+0x0000000800717db8
instanceKlass java/security/cert/X509Extension
instanceKlass sun/security/mscapi/CKey
instanceKlass sun/security/util/Length
instanceKlass  @bci sun/security/provider/certpath/ldap/JdkLDAP <init> ()V 15 <appendix> member <vmtarget> ; # sun/security/provider/certpath/ldap/JdkLDAP$$Lambda+0x0000000800673420
instanceKlass com/sun/security/sasl/Provider$1
instanceKlass sun/security/mscapi/SunMSCAPI$2
instanceKlass sun/security/mscapi/SunMSCAPI$1
instanceKlass org/jcp/xml/dsig/internal/dom/XMLDSigRI$2
instanceKlass org/jcp/xml/dsig/internal/dom/XMLDSigRI$1
instanceKlass java/security/KeyStoreSpi
instanceKlass  @bci java/security/KeyStore getDefaultType ()Ljava/lang/String; 0 <appendix> argL0 ; # java/security/KeyStore$$Lambda+0x0000000800672150
instanceKlass java/security/KeyStore
instanceKlass sun/security/ssl/TrustStoreManager$TrustStoreDescriptor$1
instanceKlass sun/security/util/FilePaths
instanceKlass sun/security/ssl/TrustStoreManager$TrustStoreDescriptor
instanceKlass sun/security/ssl/TrustStoreManager$TrustAnchorManager
instanceKlass sun/security/ssl/TrustStoreManager
instanceKlass javax/net/ssl/TrustManagerFactorySpi
instanceKlass  @bci javax/net/ssl/TrustManagerFactory getDefaultAlgorithm ()Ljava/lang/String; 0 <appendix> argL0 ; # javax/net/ssl/TrustManagerFactory$$Lambda+0x0000000800670c28
instanceKlass javax/net/ssl/TrustManagerFactory
instanceKlass javax/net/ssl/X509ExtendedKeyManager
instanceKlass javax/net/ssl/X509KeyManager
instanceKlass javax/net/ssl/KeyManager
instanceKlass sun/security/util/Cache
instanceKlass sun/security/ssl/SSLSessionContextImpl
instanceKlass javax/net/ssl/SSLSessionContext
instanceKlass sun/security/ssl/EphemeralKeyManager$EphemeralKeyPair
instanceKlass sun/security/ssl/EphemeralKeyManager
instanceKlass sun/security/ssl/SSLContextImpl$CustomizedSSLProtocols
instanceKlass java/security/spec/NamedParameterSpec
instanceKlass sun/security/util/ECKeySizeParameterSpec
instanceKlass java/security/AlgorithmParametersSpi
instanceKlass java/security/AlgorithmParameters
instanceKlass sun/security/util/ECUtil
instanceKlass java/security/KeyPairGeneratorSpi
instanceKlass java/security/PublicKey
instanceKlass java/security/PrivateKey
instanceKlass javax/security/auth/Destroyable
instanceKlass java/security/KeyFactorySpi
instanceKlass java/security/KeyFactory
instanceKlass javax/crypto/KeyAgreement
instanceKlass java/security/interfaces/ECKey
instanceKlass java/security/Signature$1
instanceKlass jdk/internal/access/JavaSecuritySignatureAccess
instanceKlass java/security/SignatureSpi
instanceKlass sun/security/ssl/JsseJce$EcAvailability
instanceKlass sun/security/ssl/SSLAlgorithmDecomposer$1
instanceKlass sun/security/ssl/Utilities
instanceKlass sun/security/ssl/JsseJce
instanceKlass sun/security/ssl/NamedGroup$XDHScheme
instanceKlass sun/security/ssl/NamedGroup$FFDHEScheme
instanceKlass sun/security/ssl/NamedGroup$ECDHEScheme
instanceKlass sun/security/ssl/NamedGroup$NamedGroupScheme
instanceKlass sun/security/ssl/SSLCipher$1
instanceKlass sun/security/ssl/SSLCipher$T13CC20P1305WriteCipherGenerator
instanceKlass sun/security/ssl/SSLCipher$T12CC20P1305WriteCipherGenerator
instanceKlass sun/security/ssl/SSLCipher$T13CC20P1305ReadCipherGenerator
instanceKlass sun/security/ssl/SSLCipher$T12CC20P1305ReadCipherGenerator
instanceKlass sun/security/ssl/SSLCipher$T13GcmWriteCipherGenerator
instanceKlass sun/security/ssl/SSLCipher$T13GcmReadCipherGenerator
instanceKlass sun/security/ssl/SSLCipher$T12GcmWriteCipherGenerator
instanceKlass sun/security/ssl/SSLCipher$T12GcmReadCipherGenerator
instanceKlass com/sun/crypto/provider/AESConstants
instanceKlass java/util/Vector$1
instanceKlass  @bci javax/crypto/JceSecurityManager <clinit> ()V 67 <appendix> argL0 ; # javax/crypto/JceSecurityManager$$Lambda+0x0000000800665a78
instanceKlass  @bci javax/crypto/JceSecurityManager <clinit> ()V 49 <appendix> argL0 ; # javax/crypto/JceSecurityManager$$Lambda+0x0000000800665858
instanceKlass javax/crypto/JceSecurityManager
instanceKlass sun/security/ssl/SSLCipher$T11BlockWriteCipherGenerator
instanceKlass sun/security/ssl/SSLCipher$T11BlockReadCipherGenerator
instanceKlass com/sun/crypto/provider/PKCS5Padding
instanceKlass com/sun/crypto/provider/Padding
instanceKlass com/sun/crypto/provider/FeedbackCipher
instanceKlass com/sun/crypto/provider/SymmetricCipher
instanceKlass com/sun/crypto/provider/DESConstants
instanceKlass com/sun/crypto/provider/CipherCore
instanceKlass sun/security/ssl/SSLCipher$T10BlockWriteCipherGenerator
instanceKlass sun/security/ssl/SSLCipher$T10BlockReadCipherGenerator
instanceKlass javax/crypto/CipherSpi
instanceKlass javax/crypto/ProviderVerifier
instanceKlass java/lang/Class$Holder
instanceKlass javax/crypto/JceSecurity$3
instanceKlass javax/crypto/JceSecurity$2
instanceKlass java/util/Vector$Itr
instanceKlass javax/crypto/CryptoPolicyParser$CryptoPermissionEntry
instanceKlass javax/crypto/CryptoPolicyParser$GrantEntry
instanceKlass java/io/StreamTokenizer
instanceKlass javax/crypto/CryptoPolicyParser
instanceKlass java/nio/file/Files$1
instanceKlass sun/nio/fs/WindowsFileSystem$2
instanceKlass java/nio/file/PathMatcher
instanceKlass sun/nio/fs/Globs
instanceKlass sun/nio/fs/WindowsFileSystemProvider$1
instanceKlass javax/crypto/JceSecurity$1
instanceKlass javax/crypto/JceSecurity
instanceKlass sun/security/jca/ProviderList$ServiceList$1
instanceKlass sun/security/jca/ServiceId
instanceKlass javax/crypto/Cipher$Transform
instanceKlass javax/crypto/Cipher
instanceKlass sun/security/ssl/SSLCipher$StreamWriteCipherGenerator
instanceKlass sun/security/ssl/SSLCipher$StreamReadCipherGenerator
instanceKlass sun/security/ssl/SSLCipher$NullWriteCipherGenerator
instanceKlass sun/security/ssl/SSLCipher$WriteCipherGenerator
instanceKlass sun/security/ssl/SSLCipher$NullReadCipherGenerator
instanceKlass sun/security/ssl/SSLCipher$ReadCipherGenerator
instanceKlass  @bci sun/security/util/DisabledAlgorithmConstraints checkDisabledPatterns (Ljava/lang/String;)Z 17 <appendix> member <vmtarget> ; # sun/security/util/DisabledAlgorithmConstraints$$Lambda+0x000000080065d488
instanceKlass sun/security/util/DisabledAlgorithmConstraints$Constraints$Holder
instanceKlass sun/security/util/DisabledAlgorithmConstraints$Constraint
instanceKlass sun/security/util/DisabledAlgorithmConstraints$Constraints
instanceKlass sun/security/util/AbstractAlgorithmConstraints$1
instanceKlass sun/security/util/AlgorithmDecomposer
instanceKlass sun/security/util/AbstractAlgorithmConstraints
instanceKlass sun/security/ssl/SSLAlgorithmConstraints
instanceKlass java/security/AlgorithmConstraints
instanceKlass sun/security/ssl/SSLLogger
instanceKlass  @bci sun/security/ssl/SunJSSE registerAlgorithms ()V 1 <appendix> member <vmtarget> ; # sun/security/ssl/SunJSSE$$Lambda+0x0000000800658d40
instanceKlass java/security/spec/ECFieldF2m
instanceKlass sun/security/util/ObjectIdentifier
instanceKlass sun/security/util/ByteArrayTagOrder
instanceKlass sun/security/util/ByteArrayLexOrder
instanceKlass sun/security/util/DerEncoder
instanceKlass java/security/spec/ECParameterSpec
instanceKlass java/security/spec/ECPoint
instanceKlass java/security/spec/EllipticCurve
instanceKlass java/security/spec/ECFieldFp
instanceKlass java/security/spec/ECField
instanceKlass sun/security/util/CurveDB
instanceKlass sun/security/ec/SunEC$1
instanceKlass  @bci sun/security/jgss/SunProvider <init> ()V 15 <appendix> member <vmtarget> ; # sun/security/jgss/SunProvider$$Lambda+0x00000008006ffc18
instanceKlass sun/security/smartcardio/SunPCSC$1
instanceKlass com/sun/security/sasl/gsskerb/JdkSASL$1
instanceKlass  @bci sun/security/pkcs11/SunPKCS11 register (Lsun/security/pkcs11/SunPKCS11$Descriptor;)V 27 <appendix> argL0 ; # sun/security/pkcs11/SunPKCS11$$Lambda+0x00000008006fe098
instanceKlass sun/security/pkcs11/SunPKCS11$Descriptor
instanceKlass javax/security/auth/callback/CallbackHandler
instanceKlass sun/security/jca/ProviderConfig$ProviderLoader
instanceKlass sun/security/jca/ProviderConfig$3
instanceKlass sun/security/rsa/SunRsaSignEntries
instanceKlass javax/net/ssl/SSLContextSpi
instanceKlass javax/net/ssl/SSLContext
instanceKlass org/apache/http/ssl/SSLContexts
instanceKlass org/apache/http/conn/ssl/AbstractVerifier
instanceKlass java/net/Socket
instanceKlass org/apache/http/conn/ssl/X509HostnameVerifier
instanceKlass org/apache/http/conn/ssl/SSLConnectionSocketFactory
instanceKlass org/slf4j/spi/LocationAwareLogger
instanceKlass org/slf4j/spi/LoggingEventBuilder
instanceKlass org/slf4j/helpers/NamedLoggerBase
instanceKlass org/slf4j/helpers/Reporter
instanceKlass org/slf4j/MDC
instanceKlass org/slf4j/nop/NOPServiceProvider
instanceKlass org/slf4j/helpers/Util
instanceKlass org/slf4j/helpers/NOPMDCAdapter
instanceKlass org/slf4j/helpers/NOPLoggerFactory
instanceKlass org/slf4j/helpers/NOP_FallbackServiceProvider
instanceKlass org/slf4j/helpers/ThreadLocalMapOfStacks
instanceKlass org/slf4j/helpers/BasicMDCAdapter
instanceKlass org/slf4j/Marker
instanceKlass org/slf4j/helpers/BasicMarkerFactory
instanceKlass org/slf4j/Logger
instanceKlass org/slf4j/helpers/SubstituteLoggerFactory
instanceKlass org/slf4j/ILoggerFactory
instanceKlass org/slf4j/spi/MDCAdapter
instanceKlass org/slf4j/IMarkerFactory
instanceKlass org/slf4j/helpers/SubstituteServiceProvider
instanceKlass org/slf4j/event/LoggingEvent
instanceKlass org/slf4j/spi/SLF4JServiceProvider
instanceKlass org/slf4j/LoggerFactory
instanceKlass org/apache/commons/logging/impl/SLF4JLog
instanceKlass org/apache/commons/logging/impl/SLF4JLocationAwareLog
instanceKlass org/apache/commons/logging/Log
instanceKlass org/apache/commons/logging/LogFactory
instanceKlass org/apache/http/conn/ssl/DefaultHostnameVerifier
instanceKlass org/apache/http/ProtocolVersion
instanceKlass org/apache/http/protocol/HttpRequestExecutor
instanceKlass org/apache/http/conn/util/PublicSuffixMatcher
instanceKlass org/apache/http/conn/util/PublicSuffixList
instanceKlass org/apache/http/Consts
instanceKlass org/apache/http/conn/util/PublicSuffixListParser
instanceKlass org/apache/http/conn/util/PublicSuffixMatcherLoader
instanceKlass org/apache/http/client/methods/Configurable
instanceKlass org/apache/http/client/CookieStore
instanceKlass org/apache/http/client/RedirectStrategy
instanceKlass org/apache/http/conn/routing/HttpRoutePlanner
instanceKlass org/apache/http/conn/SchemePortResolver
instanceKlass org/apache/http/client/HttpRequestRetryHandler
instanceKlass org/apache/http/impl/execchain/ClientExecChain
instanceKlass org/apache/http/config/Lookup
instanceKlass org/apache/http/protocol/HttpProcessor
instanceKlass org/apache/http/HttpResponseInterceptor
instanceKlass org/apache/http/HttpRequestInterceptor
instanceKlass org/apache/http/client/UserTokenHandler
instanceKlass org/apache/http/client/AuthenticationStrategy
instanceKlass org/apache/http/conn/ConnectionKeepAliveStrategy
instanceKlass org/apache/http/ConnectionReuseStrategy
instanceKlass org/apache/http/conn/socket/LayeredConnectionSocketFactory
instanceKlass org/apache/http/conn/socket/ConnectionSocketFactory
instanceKlass javax/net/ssl/HostnameVerifier
instanceKlass org/apache/http/impl/client/HttpClientBuilder
instanceKlass org/apache/http/impl/client/CloseableHttpClient
instanceKlass org/apache/http/client/HttpClient
instanceKlass org/apache/http/conn/HttpClientConnectionManager
instanceKlass org/apache/http/impl/client/HttpClients
instanceKlass org/apache/http/client/config/RequestConfig$Builder
instanceKlass org/apache/http/client/config/RequestConfig
instanceKlass org/apache/http/util/LangUtils
instanceKlass org/apache/http/auth/BasicUserPrincipal
instanceKlass org/apache/http/util/Args
instanceKlass org/apache/http/auth/UsernamePasswordCredentials
instanceKlass org/apache/http/auth/AuthScope
instanceKlass org/apache/http/impl/client/BasicCredentialsProvider
instanceKlass org/apache/http/client/methods/HttpUriRequest
instanceKlass org/apache/http/HttpRequest
instanceKlass org/apache/http/HttpMessage
instanceKlass org/apache/http/auth/Credentials
instanceKlass org/apache/http/client/CredentialsProvider
instanceKlass com/st/microxplorer/plugins/updater/engine/CheckConnectionManager
instanceKlass org/apache/commons/net/SocketClient
instanceKlass org/apache/commons/net/ftp/Configurable
instanceKlass java/net/Authenticator
instanceKlass com/st/microxplorer/plugins/updater/engine/ServerAccessManage
instanceKlass org/apache/commons/io/FilenameUtils
instanceKlass java/net/spi/URLStreamHandlerProvider
instanceKlass java/net/URL$1
instanceKlass java/net/URL$2
instanceKlass java/net/URL$ThreadTrackHolder
instanceKlass com/st/microxplorer/plugins/updater/xml/ThirdPartyIndex
instanceKlass com/st/microxplorer/plugins/updater/xml/manifest/ManifestFirmware
instanceKlass com/st/microxplorer/plugins/updater/xml/manifest/Manifest
instanceKlass com/st/microxplorer/plugins/updater/xml/manifest/ManifestRelease
instanceKlass com/st/microxplorer/plugins/updater/xml/Software$DataBaseRelease
instanceKlass com/st/microxplorer/plugins/updater/xml/OsSpecific
instanceKlass com/st/microxplorer/plugins/updater/xml/OS
instanceKlass com/st/microxplorer/plugins/updater/xml/UpdaterFile$SiteAccess
instanceKlass com/sun/org/apache/xml/internal/serializer/WriterChain
instanceKlass com/sun/org/apache/xalan/internal/xsltc/trax/DOM2TO
instanceKlass javax/xml/transform/stax/StAXSource
instanceKlass javax/xml/transform/sax/SAXSource
instanceKlass sun/nio/cs/Surrogate
instanceKlass sun/nio/cs/Surrogate$Parser
instanceKlass com/sun/org/apache/xml/internal/serializer/NamespaceMappings$MappingRecord
instanceKlass com/sun/org/apache/xml/internal/serializer/NamespaceMappings
instanceKlass java/nio/charset/Charset$1
instanceKlass java/nio/charset/Charset$2
instanceKlass jdk/internal/misc/ThreadTracker
instanceKlass java/nio/charset/Charset$ThreadTrackHolder
instanceKlass java/nio/charset/Charset$ExtendedProviderHolder$1
instanceKlass java/nio/charset/Charset$ExtendedProviderHolder
instanceKlass  @bci jdk/xml/internal/SecuritySupport getResourceAsStream (Ljava/lang/String;)Ljava/io/InputStream; 1 <appendix> member <vmtarget> ; # jdk/xml/internal/SecuritySupport$$Lambda+0x000000080064b5e8
instanceKlass com/sun/org/apache/xml/internal/serializer/Encodings$EncodingInfos
instanceKlass com/sun/org/apache/xml/internal/serializer/Encodings
instanceKlass com/sun/org/apache/xml/internal/serializer/ToStream$CharacterBuffer
instanceKlass com/sun/org/apache/xml/internal/serializer/EncodingInfo
instanceKlass com/sun/org/apache/xml/internal/serializer/ToStream$BoolStack
instanceKlass com/sun/org/apache/xml/internal/serializer/ElemContext
instanceKlass org/xml/sax/helpers/AttributesImpl
instanceKlass com/sun/org/apache/xml/internal/serializer/CharInfo$CharKey
instanceKlass com/sun/org/apache/xml/internal/serializer/CharInfo
instanceKlass com/sun/org/apache/xml/internal/serializer/SerializerBase
instanceKlass com/sun/org/apache/xml/internal/serializer/SerializerConstants
instanceKlass com/sun/org/apache/xml/internal/serializer/SerializationHandler
instanceKlass com/sun/org/apache/xml/internal/serializer/Serializer
instanceKlass com/sun/org/apache/xml/internal/serializer/DOMSerializer
instanceKlass com/sun/org/apache/xml/internal/serializer/XSLOutputAttributes
instanceKlass com/sun/org/apache/xml/internal/serializer/ExtendedLexicalHandler
instanceKlass com/sun/org/apache/xml/internal/serializer/ExtendedContentHandler
instanceKlass javax/xml/transform/dom/DOMResult
instanceKlass javax/xml/transform/stax/StAXResult
instanceKlass javax/xml/transform/sax/SAXResult
instanceKlass com/sun/org/apache/xalan/internal/xsltc/runtime/output/TransletOutputHandlerFactory
instanceKlass com/sun/org/apache/xml/internal/utils/XMLReaderManager
instanceKlass com/sun/org/apache/xml/internal/serializer/OutputPropertiesFactory
instanceKlass javax/xml/transform/Transformer
instanceKlass com/sun/org/apache/xalan/internal/xsltc/DOMCache
instanceKlass  @bci javax/xml/catalog/CatalogFeatures setProperties (Ljavax/xml/catalog/CatalogFeatures$Builder;)V 5 <appendix> member <vmtarget> ; # javax/xml/catalog/CatalogFeatures$$Lambda+0x0000000800645390
instanceKlass javax/xml/catalog/CatalogMessages
instanceKlass javax/xml/catalog/Util
instanceKlass jdk/xml/internal/JdkXmlUtils
instanceKlass  @bci javax/xml/transform/FactoryFinder newInstance (Ljava/lang/Class;Ljava/lang/String;Ljava/lang/ClassLoader;Z)Ljava/lang/Object; 107 <appendix> member <vmtarget> ; # javax/xml/transform/FactoryFinder$$Lambda+0x0000000800644060
instanceKlass jdk/xml/internal/JdkProperty
instanceKlass com/sun/org/apache/xalan/internal/utils/FeaturePropertyBase
instanceKlass jdk/xml/internal/JdkConstants
instanceKlass javax/xml/catalog/CatalogFeatures$Builder
instanceKlass javax/xml/catalog/CatalogFeatures
instanceKlass jdk/xml/internal/TransformErrorListener
instanceKlass javax/xml/transform/ErrorListener
instanceKlass com/sun/org/apache/xalan/internal/xsltc/compiler/SourceLoader
instanceKlass  @bci javax/xml/transform/FactoryFinder find (Ljava/lang/Class;Ljava/lang/String;)Ljava/lang/Object; 123 <appendix> member <vmtarget> ; # javax/xml/transform/FactoryFinder$$Lambda+0x0000000800641ed0
instanceKlass javax/xml/transform/FactoryFinder$1
instanceKlass  @bci javax/xml/transform/FactoryFinder find (Ljava/lang/Class;Ljava/lang/String;)Ljava/lang/Object; 24 <appendix> member <vmtarget> ; # javax/xml/transform/FactoryFinder$$Lambda+0x0000000800641a78
instanceKlass javax/xml/transform/FactoryFinder
instanceKlass javax/xml/transform/TransformerFactory
instanceKlass javax/xml/transform/stream/StreamResult
instanceKlass javax/xml/transform/dom/DOMSource
instanceKlass java/util/Collections$ReverseComparator
instanceKlass com/st/microxplorer/plugins/updater/xml/Note
instanceKlass com/st/microxplorer/plugins/updater/util/AbstractXmlFileManage
instanceKlass com/st/microxplorer/plugins/updater/xml/PackageFile
instanceKlass com/st/microxplorer/plugins/updater/xml/FileInformation
instanceKlass com/st/microxplorer/plugins/updater/xml/ComputerFile
instanceKlass com/st/microxplorer/plugins/updater/xml/CheckUpdatesFile
instanceKlass com/st/microxplorer/plugins/updater/xml/packcontrol/Packs
instanceKlass com/st/microxplorer/plugins/updater/xml/packcontrol/PackControlFlags
instanceKlass com/st/microxplorer/plugins/updater/xml/UpdaterFile
instanceKlass  @bci java/lang/reflect/Executable sharedToString (IZ[Ljava/lang/Class;[Ljava/lang/Class;)Ljava/lang/String; 29 <appendix> argL0 ; # java/lang/reflect/Executable$$Lambda+0x00000008005ff6d0
instanceKlass com/st/microxplorer/plugins/updater/util/WinRegistry
instanceKlass com/st/microxplorer/plugins/updater/util/Utils$9
instanceKlass com/st/microxplorer/plugins/updater/util/Utils$8
instanceKlass com/st/microxplorer/plugins/updater/util/Utils$7
instanceKlass com/st/microxplorer/plugins/updater/util/Utils$6
instanceKlass com/st/microxplorer/plugins/updater/util/Utils$5
instanceKlass com/st/microxplorer/plugins/updater/util/Utils$4
instanceKlass com/st/microxplorer/plugins/updater/util/Utils$3
instanceKlass com/st/microxplorer/plugins/updater/util/Utils$2
instanceKlass com/st/microxplorer/plugins/updater/util/Utils
instanceKlass com/st/microxplorer/plugins/updater/util/UserPreferencesManager
instanceKlass com/st/microxplorer/plugins/updater/util/ParameterSetting
instanceKlass com/st/microxplorer/plugins/updater/engine/MainUpdater$4
instanceKlass com/st/microxplorer/plugins/updater/engine/MainUpdater$3
instanceKlass com/st/microxplorer/plugins/updater/engine/MainUpdater$2
instanceKlass com/st/microxplorer/plugins/updater/engine/MainUpdater$1
instanceKlass com/st/microxplorer/plugin/IPluginWinMgrCallbacks
instanceKlass com/st/microxplorer/plugins/updater/xml/PackDescription
instanceKlass com/st/microxplorer/plugins/updater/gui/ILicenseAgreementAcceptance
instanceKlass com/st/microxplorer/plugins/updater/gui/IPdscErrorDisplay
instanceKlass com/st/microxplorer/plugins/updater/engine/MainUpdater
instanceKlass com/st/microxplorer/plugins/updater/engine/UpdaterConstants
instanceKlass com/st/microxplorer/plugins/updater/gui/GuiConstants
instanceKlass com/st/microxplorer/maingui/MicroXplorer$3
instanceKlass java/awt/GridBagLayout
instanceKlass com/st/microxplorer/plugins/ipmanager/gui/BlockDiagram$2
instanceKlass com/st/microxplorer/plugins/ipmanager/gui/IPsOverviews$IPperValue
instanceKlass com/st/microxplorer/plugins/ip/usbx/gui/UsbxConstants
instanceKlass com/st/microxplorer/plugins/ip/usart/gui/UsartConstants
instanceKlass com/st/microxplorer/plugins/ip/spi/gui/SpiConstants
instanceKlass com/st/microxplorer/plugins/ip/sai/gui/SaiConstants
instanceKlass  @bci com/st/microxplorer/plugins/ip/plateformsettings/gui/PlatformSettingsCli addCommands ()V 34 <appendix> member <vmtarget> ; # com/st/microxplorer/plugins/ip/plateformsettings/gui/PlatformSettingsCli$$Lambda+0x00000008006c9538
instanceKlass  @bci com/st/microxplorer/plugins/ip/plateformsettings/gui/PlatformSettingsCli addCommands ()V 20 <appendix> member <vmtarget> ; # com/st/microxplorer/plugins/ip/plateformsettings/gui/PlatformSettingsCli$$Lambda+0x00000008006c9310
instanceKlass  @bci com/st/microxplorer/plugins/ip/plateformsettings/gui/PlatformSettingsCli addCommands ()V 6 <appendix> member <vmtarget> ; # com/st/microxplorer/plugins/ip/plateformsettings/gui/PlatformSettingsCli$$Lambda+0x00000008006c90e8
instanceKlass com/st/microxplorer/plugins/ip/plateformsettings/gui/PlatformSettingsCli
instanceKlass java/awt/EventQueue$1AWTInvocationLock
instanceKlass com/st/microxplorer/plugins/ip/plateformsettings/model/Resource
instanceKlass com/st/microxplorer/plugins/ip/plateformsettings/model/Observer
instanceKlass com/st/microxplorer/plugins/ip/plateformsettings/controller/AbstractController
instanceKlass com/st/microxplorer/plugins/ip/plateformsettings/model/AbstractModel
instanceKlass com/st/microxplorer/plugins/ip/plateformsettings/model/Observable
instanceKlass com/st/microxplorer/plugins/ipmanager/util/DuplicationUtils
instanceKlass com/st/microxplorer/plugins/ip/openamp/model/OpenampConstants
instanceKlass com/st/microxplorer/plugins/ip/nvic/NvicCellListener
instanceKlass com/st/microxplorer/mcu/UserDMARequest
instanceKlass com/st/microxplorer/plugins/ip/ipddr/gui/DdrConstants
instanceKlass com/st/microxplorer/plugins/ip/i3c/gui/I3cConstants
instanceKlass com/st/microxplorer/plugins/ip/i2s/gui/I2sConstants
instanceKlass com/st/microxplorer/plugins/ip/i2c/gui/I2cConstants
instanceKlass com/st/microxplorer/plugins/ip/hsp_engine/gui/HspConstants
instanceKlass com/st/microxplorer/mcu/hsp/HspRefParameterConstants
instanceKlass com/st/microxplorer/plugins/ip/gic/GicCellListener
instanceKlass com/st/microxplorer/plugins/ipmanager/generictreatment/model/ParamTabInterface
instanceKlass com/st/microxplorer/plugins/ip/fmc/FmcConstants
instanceKlass com/st/microxplorer/util/CommonComponent
instanceKlass com/st/microxplorer/plugins/ip/dma/GuiConstants
instanceKlass com/st/microxplorer/plugins/ip/dfsdm/gui/DfsdmConstants
instanceKlass com/st/microxplorer/plugins/ip/ddr_ctrl_phy/gui/Constants
instanceKlass com/st/microxplorer/util/CommonComponentProvider
instanceKlass com/st/microxplorer/plugins/ip/can/gui/CanConstants
instanceKlass com/st/microxplorer/plugins/ipmanager/generictreatment/model/ParamManager
instanceKlass com/st/microxplorer/plugins/ip/adc/gui/ADCConstants
instanceKlass com/l2fprod/common/propertysheet/PropertySheet
instanceKlass com/st/microxplorer/plugins/ipmanager/pluginmanagement/IPUIPlugin
instanceKlass com/st/microxplorer/plugins/ipmanager/pluginmanagement/PluginManager$1
instanceKlass com/st/microxplorer/plugins/ipmanager/pluginmanagement/PluginManager
instanceKlass com/st/microxplorer/plugins/ipmanager/pluginmanagement/ButtonStateConstants
instanceKlass com/st/microxplorer/plugins/ipmanager/pluginmanagement/IpPluginManagement
instanceKlass com/st/microxplorer/plugins/power/util/peripheral/PeripheralService
instanceKlass com/st/microxplorer/plugins/power/util/SharedServices
instanceKlass com/lowagie/text/Document
instanceKlass com/lowagie/text/DocListener
instanceKlass com/lowagie/text/ElementListener
instanceKlass com/st/microxplorer/plugins/power/PowerPluginView$2
instanceKlass com/st/microxplorer/plugins/power/PowerPluginView$1
instanceKlass com/st/microxplorer/plugins/power/util/Traces
instanceKlass com/st/microxplorer/plugins/power/PowerMsg
instanceKlass com/st/microxplorer/plugins/memorymap/gui/RegColor
instanceKlass java/awt/GridBagConstraints
instanceKlass com/st/microxplorer/plugins/memorymap/gui/ListenerEvent
instanceKlass com/st/microxplorer/plugins/memorymap/gui/ListenerRoot
instanceKlass javax/swing/JFormattedTextField$AbstractFormatter
instanceKlass com/st/microxplorer/stobjects/STTabbedPane$1
instanceKlass com/st/microxplorer/plugins/clock/ClockTreeView$1
instanceKlass javax/swing/ActionPropertyChangeListener
instanceKlass com/st/microxplorer/plugins/clock/utils/ImageLoader
instanceKlass com/st/microxplorer/plugins/clock/gui/ClockTreeUI
instanceKlass com/st/microxplorer/plugins/clock/ClockConfigurationView$1
instanceKlass javax/swing/plaf/basic/BasicSplitPaneUI$Handler
instanceKlass javax/swing/plaf/basic/BasicSplitPaneUI$BasicHorizontalLayoutManager
instanceKlass javax/swing/plaf/basic/BasicSplitPaneDivider$DividerLayout
instanceKlass com/st/microxplorer/plugins/pinoutconfig/gui/PinOutPanel$6
instanceKlass com/st/microxplorer/plugins/pinoutconfig/gui/PinOutPanel$5
instanceKlass com/st/microxplorer/plugins/pinoutconfig/gui/PinOutPanel$4
instanceKlass com/st/microxplorer/plugins/pinoutconfig/gui/PinOutPanel$3
instanceKlass com/st/microxplorer/plugins/pinoutconfig/gui/PinOutPanel$2
instanceKlass com/st/microxplorer/plugins/pinoutconfig/gui/PinOutPanel$1
instanceKlass sun/java2d/loops/GraphicsPrimitive$GeneralBinaryOp
instanceKlass java/awt/Cursor$CursorDisposer
instanceKlass java/awt/image/PixelGrabber
instanceKlass sun/awt/image/OffScreenImageSource
instanceKlass java/awt/image/FilteredImageSource
instanceKlass java/awt/image/ImageFilter
instanceKlass com/st/microxplorer/plugins/pinoutconfig/gui/PinOutPanel$PinOutMouseListener
instanceKlass com/st/microxplorer/plugins/pinoutconfig/gui/PinOutPanel$ShowUserLabelActionListener
instanceKlass com/st/microxplorer/plugins/pinoutconfig/gui/FindPanel$1
instanceKlass com/st/microxplorer/ctxdoc/ToolTipSelection
instanceKlass com/st/microxplorer/plugins/pinoutconfig/gui/PinOutPanel$InputLabel$2
instanceKlass com/st/microxplorer/plugins/pinoutconfig/gui/PinOutPanel$InputLabel$1
instanceKlass com/st/microxplorer/plugins/pinoutconfig/gui/PinOutPanel$19
instanceKlass com/st/microxplorer/plugins/pinoutconfig/gui/PinOutPanel$18
instanceKlass com/st/microxplorer/plugins/pinoutconfig/gui/PinOutPanel$17
instanceKlass com/st/microxplorer/plugins/pinoutconfig/gui/PinOutPanel$16
instanceKlass com/st/microxplorer/plugins/pinoutconfig/gui/PinOutPanel$15
instanceKlass com/st/microxplorer/plugins/pinoutconfig/gui/PinOutPanel$14
instanceKlass com/st/microxplorer/plugins/pinoutconfig/gui/PinOutPanel$13
instanceKlass com/st/microxplorer/plugins/pinoutconfig/engine/AbstractPackage
instanceKlass com/st/microxplorer/plugins/pinoutconfig/guiV5/PeripheralsSelectionPanel$DisableAllModesListener
instanceKlass com/st/microxplorer/plugins/pinoutconfig/guiV5/PeripheralsSelectionPanel$TabbedPaneListener
instanceKlass com/st/microxplorer/plugins/pinoutconfig/guiV5/SinglePeripheralPanel$1
# instanceKlass java/lang/invoke/LambdaForm$MH+0x00000008005ec000
instanceKlass com/st/microxplorer/plugins/pinoutconfig/gui/PeripheralSearchPanel$PeriphSearchActionListener
instanceKlass com/st/components/swing/AutocompleteComboBox$ComboMultiListener
instanceKlass com/st/components/swing/AutocompleteComboBox$4
instanceKlass com/st/components/swing/AutocompleteComboBox$2
instanceKlass javax/swing/plaf/basic/BasicComboBoxUI$DefaultKeySelectionManager
instanceKlass javax/swing/JComboBox$KeySelectionManager
instanceKlass javax/swing/plaf/basic/BasicComboBoxUI$Handler
instanceKlass javax/swing/plaf/basic/BasicComboBoxEditor
instanceKlass javax/swing/ComboBoxEditor
instanceKlass javax/swing/plaf/basic/BasicComboPopup$Handler
instanceKlass javax/swing/plaf/basic/BasicListUI$Handler
instanceKlass javax/swing/plaf/basic/BasicComboPopup$EmptyListModelClass
instanceKlass javax/swing/plaf/basic/ComboPopup
instanceKlass javax/swing/AncestorNotifier
instanceKlass javax/swing/JComboBox$1
instanceKlass javax/swing/AbstractListModel
instanceKlass javax/swing/MutableComboBoxModel
instanceKlass com/st/components/util/StringSearchable
instanceKlass com/st/components/util/Searchable
instanceKlass com/st/microxplorer/plugins/pinoutconfig/guiV5/PeripheralsSelectionPanel$DynaInitCheckBoxListener
instanceKlass com/st/microxplorer/plugins/pinoutconfig/guiV5/PeripheralsSelectionPanel$PowerDomainCheckBoxListener
instanceKlass com/st/microxplorer/plugins/pinoutconfig/guiV5/PeripheralsSelectionPanel$1
instanceKlass com/st/microxplorer/plugins/pinoutconfig/guiV5/PeripheralsSelectionPanel$ContextCheckBoxListener
instanceKlass com/st/microxplorer/plugins/pinoutconfig/guiV5/PeripheralsSelectionPanel$OptionPopupMenuFocusListener
instanceKlass com/st/microxplorer/plugins/pinoutconfig/guiV5/PeripheralsSelectionPanel$OptionButtonActionListener
instanceKlass com/st/microxplorer/ctxdoc/PanelToolTipUI$6
instanceKlass com/st/microxplorer/ctxdoc/PanelToolTipUI$5
instanceKlass com/st/microxplorer/ctxdoc/PanelToolTipUI$1
instanceKlass com/st/microxplorer/ctxdoc/db/CtxDocDbReaderDefault$1
# instanceKlass java/lang/invoke/LambdaForm$DMH+0x00000008005d3400
instanceKlass com/st/microxplorer/ctxdoc/db/CtxDocDbReader
instanceKlass com/st/microxplorer/ctxdoc/db/ICtxDocDbReader
instanceKlass com/st/microxplorer/ctxdoc/CtxDoc
instanceKlass com/st/microxplorer/ctxdoc/IPopupToolTip
instanceKlass com/st/microxplorer/peripheralpanel/IPContextTable$IPContextTableModelListener
instanceKlass com/st/microxplorer/plugins/pinoutconfig/guiV5/CategoriesPane$CollapseAllCategoriesListener
instanceKlass com/st/microxplorer/plugins/pinoutconfig/guiV5/CategoriesPane$ExpandAllCategoriesListener
# instanceKlass java/lang/invoke/LambdaForm$DMH+0x00000008005d3000
instanceKlass com/st/microxplorer/plugins/pinoutconfig/gui/PeripheralFindDoer
instanceKlass com/st/microxplorer/plugins/lpbam/MulticonfigView$3
instanceKlass com/st/microxplorer/plugins/lpbam/LPBAMQueueSynoptic$SynopticMouseListener
instanceKlass com/st/microxplorer/plugins/lpbam/LPBAMQueueSynoptic$SynopticMouseMotionListener
instanceKlass com/st/microxplorer/plugins/lpbam/LPBAMQueueSynoptic$3
instanceKlass com/st/microxplorer/plugins/lpbam/LPBAMQueueSynoptic$2
instanceKlass com/st/microxplorer/plugins/lpbam/LPBAMQueueSynoptic$1
instanceKlass javax/swing/plaf/basic/BasicToolTipUI$PropertyChangeHandler
instanceKlass com/st/microxplorer/plugins/lpbam/LPBAMQueueSynoptic$UIFunction
instanceKlass  @bci com/st/components/swing/EachRowEditor setEditorAt (IILjavax/swing/JComponent;)V 271 <adapter> ; # java/lang/invoke/LambdaForm$MH+0x00000008005d2c00
# instanceKlass java/lang/invoke/LambdaForm$DMH+0x00000008005d2800
instanceKlass  @bci com/st/components/swing/EachRowEditor setEditorAt (IILjavax/swing/JComponent;)V 271 <appendix> form vmentry <vmtarget> ; # java/lang/invoke/LambdaForm$MH+0x00000008005d2400
# instanceKlass java/lang/invoke/LambdaForm$MH+0x00000008005d2000
instanceKlass  @bci com/st/components/swing/EachRowEditor setEditorAt (IILjavax/swing/JComponent;)V 271 <appendix> form names 7 function resolvedHandle form vmentry <vmtarget> ; # java/lang/invoke/LambdaForm$DMH+0x00000008005d1c00
instanceKlass  @bci com/st/components/swing/EachRowEditor setEditorAt (IILjavax/swing/JComponent;)V 271 <appendix> argL3 form vmentry <vmtarget> ; # java/lang/invoke/LambdaForm$MH+0x00000008005d1800
# instanceKlass java/lang/invoke/LambdaForm$MH+0x00000008005d1400
# instanceKlass java/lang/invoke/LambdaForm$MH+0x00000008005d1000
# instanceKlass java/lang/invoke/LambdaForm$MH+0x00000008005d0c00
# instanceKlass java/lang/invoke/LambdaForm$MH+0x00000008005d0800
instanceKlass  @bci com/st/components/swing/EachRowEditor setEditorAt (IILjavax/swing/JComponent;)V 271 <appendix> form names 11 function resolvedHandle form vmentry <vmtarget> ; # java/lang/invoke/LambdaForm$DMH+0x00000008005d0400
instanceKlass  @bci com/st/components/swing/EachRowEditor setEditorAt (IILjavax/swing/JComponent;)V 271 <appendix> argL1 form vmentry <vmtarget> ; # java/lang/invoke/LambdaForm$MH+0x00000008005d0000
# instanceKlass java/lang/invoke/LambdaForm$MH+0x00000008005c0c00
# instanceKlass java/lang/invoke/LambdaForm$MH+0x00000008005c0800
# instanceKlass java/lang/invoke/LambdaForm$MH+0x00000008005c0400
instanceKlass javax/swing/text/Utilities
instanceKlass javax/swing/text/Segment
instanceKlass java/text/CharacterIterator
instanceKlass javax/swing/text/SegmentCache
instanceKlass javax/swing/SizeRequirements
instanceKlass com/st/microxplorer/plugins/lpbam/LPBAMFunctionSettings$3
instanceKlass com/st/microxplorer/plugins/lpbam/LPBAMFunctionSettings$2
instanceKlass com/st/microxplorer/plugins/lpbam/LPBAMFunctionSettings$1
instanceKlass com/st/microxplorer/plugins/lpbam/LPBAMConfigurationSettings$TaskPanePropertyChangeListener
instanceKlass org/jdesktop/swingx/JXTaskPane$1
instanceKlass org/jdesktop/swingx/plaf/basic/BasicTaskPaneUI$ChangeListener
instanceKlass org/jdesktop/swingx/plaf/basic/BasicTaskPaneUI$ContentPaneBorder
instanceKlass org/jdesktop/swingx/icon/EmptyIcon
instanceKlass org/jdesktop/swingx/plaf/basic/BasicTaskPaneUI$PaneBorder
instanceKlass org/jdesktop/swingx/plaf/basic/BasicTaskPaneUI$RepaintOnFocus
instanceKlass  @bci javax/swing/TimerQueue startIfNeeded ()V 33 <appendix> member <vmtarget> ; # javax/swing/TimerQueue$$Lambda+0x0000000800575268
instanceKlass javax/swing/TimerQueue
instanceKlass org/jdesktop/swingx/JXCollapsiblePane$AnimationListener
instanceKlass org/jdesktop/swingx/JXCollapsiblePane$AnimationParams
instanceKlass com/st/microxplorer/plugins/lpbam/LPBAMConfigurationSettings$4
instanceKlass com/st/microxplorer/plugins/lpbam/LPBAMConfigurationSettings$3
instanceKlass com/st/microxplorer/plugins/lpbam/LPBAMConfigurationSettings$2
instanceKlass javax/swing/JTree$TreeSelectionRedirector
instanceKlass javax/swing/DefaultCellEditor$EditorDelegate
instanceKlass javax/swing/tree/DefaultTreeCellEditor
instanceKlass javax/swing/JTree$TreeModelHandler
instanceKlass javax/swing/tree/AbstractLayoutCache$NodeDimensions
instanceKlass javax/swing/tree/AbstractLayoutCache
instanceKlass javax/swing/tree/RowMapper
instanceKlass  @bci sun/swing/SwingUtilities2 lambda$makeIcon$1 (ZLjava/lang/Class;Ljava/lang/Class;Ljava/lang/String;Ljavax/swing/UIDefaults;)Ljava/lang/Object; 7 <appendix> member <vmtarget> ; # sun/swing/SwingUtilities2$$Lambda+0x000000080056f4f8
instanceKlass javax/swing/plaf/basic/BasicTreeUI$Handler
instanceKlass javax/swing/event/TreeModelListener
instanceKlass javax/swing/event/TreeExpansionListener
instanceKlass javax/swing/plaf/metal/MetalTreeUI$LineListener
instanceKlass javax/swing/tree/TreePath
instanceKlass javax/swing/tree/DefaultTreeSelectionModel
instanceKlass javax/swing/tree/TreeSelectionModel
instanceKlass com/st/microxplorer/plugins/lpbam/LPBAMConfigurationSettings$5
instanceKlass javax/swing/tree/DefaultTreeModel
instanceKlass javax/swing/event/TreeSelectionListener
instanceKlass javax/swing/tree/TreeModel
instanceKlass javax/swing/tree/DefaultMutableTreeNode
instanceKlass javax/swing/tree/MutableTreeNode
instanceKlass javax/swing/tree/TreeCellRenderer
instanceKlass java/awt/event/ContainerAdapter
instanceKlass org/jdesktop/swingx/VerticalLayout
# instanceKlass java/lang/invoke/LambdaForm$MH+0x00000008005c0000
instanceKlass org/jdesktop/swingx/painter/effects/AreaEffect
instanceKlass java/awt/image/BufferedImageOp
instanceKlass java/beans/VetoableChangeSupport
instanceKlass java/awt/GradientPaint
instanceKlass org/jdesktop/beans/AbstractBean
instanceKlass org/jdesktop/swingx/plaf/PainterUIResource
instanceKlass javax/swing/plaf/BorderUIResource
instanceKlass  @bci java/awt/Color toString ()Ljava/lang/String; 19 <adapter> ; # java/lang/invoke/LambdaForm$MH+0x00000008005bfc00
# instanceKlass java/lang/invoke/LambdaForm$DMH+0x00000008005bf800
instanceKlass  @bci java/awt/Color toString ()Ljava/lang/String; 19 <appendix> form vmentry <vmtarget> ; # java/lang/invoke/LambdaForm$MH+0x00000008005bf400
# instanceKlass java/lang/invoke/LambdaForm$MH+0x00000008005bf000
instanceKlass  @bci java/awt/Color toString ()Ljava/lang/String; 19 <appendix> form names 8 function resolvedHandle form vmentry <vmtarget> ; # java/lang/invoke/LambdaForm$DMH+0x00000008005bec00
instanceKlass  @bci java/awt/Color toString ()Ljava/lang/String; 19 <appendix> argL3 form vmentry <vmtarget> ; # java/lang/invoke/LambdaForm$MH+0x00000008005be800
instanceKlass  @bci java/awt/Component paramString ()Ljava/lang/String; 84 <appendix> argL4 form vmentry <vmtarget> ; # java/lang/invoke/LambdaForm$MH+0x00000008005be400
instanceKlass  @bci java/awt/Color toString ()Ljava/lang/String; 19 <appendix> argL3 form names 7 function resolvedHandle form vmentry <vmtarget> ; # java/lang/invoke/LambdaForm$DMH+0x00000008005be000
# instanceKlass java/lang/invoke/LambdaForm$MH+0x00000008005bdc00
# instanceKlass java/lang/invoke/LambdaForm$MH+0x00000008005bd800
# instanceKlass java/lang/invoke/LambdaForm$MH+0x00000008005bd400
instanceKlass  @bci java/awt/Color toString ()Ljava/lang/String; 19 <appendix> form names 12 function resolvedHandle form vmentry <vmtarget> ; # java/lang/invoke/LambdaForm$DMH+0x00000008005bd000
instanceKlass  @bci java/awt/Color toString ()Ljava/lang/String; 19 <appendix> argL1 form vmentry <vmtarget> ; # java/lang/invoke/LambdaForm$MH+0x00000008005bcc00
# instanceKlass java/lang/invoke/LambdaForm$MH+0x00000008005bc800
# instanceKlass java/lang/invoke/LambdaForm$MH+0x00000008005bc400
# instanceKlass java/lang/invoke/LambdaForm$MH+0x00000008005bc000
instanceKlass org/jdesktop/swingx/util/Contract
instanceKlass org/jdesktop/swingx/plaf/DefaultsList
instanceKlass org/jdesktop/swingx/plaf/LookAndFeelAddons$UpdateAddon
instanceKlass org/jdesktop/swingx/plaf/UIManagerExt$UIDefaultsExt
instanceKlass org/jdesktop/swingx/plaf/UIManagerExt
instanceKlass org/jdesktop/swingx/util/OS
instanceKlass org/jdesktop/swingx/plaf/LookAndFeelAddons
instanceKlass org/jdesktop/swingx/painter/Painter
instanceKlass org/jdesktop/swingx/plaf/AbstractComponentAddon
instanceKlass org/jdesktop/swingx/plaf/ComponentAddon
instanceKlass org/jdesktop/swingx/JXCollapsiblePane$CollapsiblePaneContainer
instanceKlass com/st/microxplorer/plugins/lpbam/QueueSettingsPanel$4
instanceKlass com/st/microxplorer/plugins/lpbam/QueueSettingsPanel$3
instanceKlass com/st/microxplorer/plugins/lpbam/QueueSettingsPanel$2
instanceKlass javax/swing/JTextField$ScrollRepainter
instanceKlass javax/swing/text/PlainView$1
instanceKlass javax/swing/text/PlainView$FPMethodItem
instanceKlass com/st/microxplorer/plugins/lpbam/QueueSettingsPanel$1
instanceKlass com/st/microxplorer/mcu/RefParameter
instanceKlass com/st/microxplorer/plugin/PluginManage$4
instanceKlass java/security/Key
instanceKlass java/security/spec/AlgorithmParameterSpec
instanceKlass com/st/microxplorer/plugins/usernotification/util/StringCryptAES
instanceKlass com/st/microxplorer/plugins/usernotification/util/fileUtil/PrefFileManager
instanceKlass  @bci com/st/microxplorer/plugins/pinoutconfig/engine/AbstractGPin getMappedSignalModeConfigs ()Ljava/util/Set; 284 <appendix> form vmentry <vmtarget> ; # java/lang/invoke/LambdaForm$MH+0x00000008005af800
# instanceKlass java/lang/invoke/LambdaForm$MH+0x00000008005af400
# instanceKlass java/lang/invoke/LambdaForm$MH+0x00000008005af000
# instanceKlass java/lang/invoke/LambdaForm$MH+0x00000008005aec00
# instanceKlass java/lang/invoke/LambdaForm$MH+0x00000008005ae800
# instanceKlass java/lang/invoke/LambdaForm$MH+0x00000008005ae400
# instanceKlass java/lang/invoke/LambdaForm$MH+0x00000008005ae000
instanceKlass com/st/microxplorer/plugins/usernotification/util/fileUtil/IniFileManager
instanceKlass com/st/microxplorer/plugins/usernotification/util/jsonUtil/JsonUtils
instanceKlass com/st/microxplorer/plugins/usernotification/UserNotificationConstants
instanceKlass com/st/microxplorer/plugins/updater/Updater$6
instanceKlass com/st/microxplorer/plugins/updater/util/UpdaterResources
instanceKlass  @bci com/st/microxplorer/plugins/updater/Updater initMenuToolBar ()V 357 <appendix> member <vmtarget> ; # com/st/microxplorer/plugins/updater/Updater$$Lambda+0x00000008005ac460
instanceKlass com/st/microxplorer/plugins/updater/Updater$5
instanceKlass com/st/microxplorer/plugins/updater/Updater$4
instanceKlass com/st/microxplorer/plugins/updater/Updater$3
instanceKlass com/st/microxplorer/plugins/updater/Updater$2
instanceKlass com/st/microxplorer/plugins/updater/Updater$1
instanceKlass com/st/microxplorer/plugin/IPluginUserPreferencesChange
instanceKlass com/st/microxplorer/plugins/updater/xml/UpdtXmlConstants
instanceKlass com/st/microxplorer/plugins/updater/engine/EngineConstants
instanceKlass com/fasterxml/jackson/core/util/InternalJacksonUtil
# instanceKlass java/lang/invoke/LambdaForm$MH+0x00000008005aac00
# instanceKlass java/lang/invoke/LambdaForm$MH+0x00000008005aa800
# instanceKlass java/lang/invoke/LambdaForm$MH+0x00000008005aa400
# instanceKlass java/lang/invoke/LambdaForm$BMH+0x00000008005aa000
# instanceKlass java/lang/invoke/LambdaForm$DMH+0x00000008005a9c00
# instanceKlass java/lang/invoke/LambdaForm$MH+0x00000008005a9800
# instanceKlass java/lang/invoke/LambdaForm$DMH+0x00000008005a9400
# instanceKlass java/lang/invoke/LambdaForm$DMH+0x00000008005a9000
instanceKlass com/fasterxml/jackson/core/io/NumberInput
instanceKlass com/st/microxplorer/plugins/tutovideos/model/ExtraServerVideo
instanceKlass com/fasterxml/jackson/databind/deser/std/NumberDeserializers
instanceKlass com/fasterxml/jackson/databind/deser/impl/ReadableObjectId$Referring
instanceKlass com/fasterxml/jackson/databind/deser/impl/BeanPropertyMap
instanceKlass com/fasterxml/jackson/annotation/JsonAlias
instanceKlass com/fasterxml/jackson/databind/introspect/POJOPropertyBuilder$1
instanceKlass com/fasterxml/jackson/databind/introspect/POJOPropertyBuilder$4
instanceKlass com/fasterxml/jackson/databind/introspect/POJOPropertyBuilder$2
instanceKlass com/fasterxml/jackson/annotation/JsonIgnoreType
instanceKlass com/fasterxml/jackson/databind/deser/BeanDeserializerBuilder
instanceKlass com/fasterxml/jackson/databind/deser/impl/CreatorCollector
instanceKlass com/st/microxplorer/plugins/tutovideos/model/TutoVideo
instanceKlass com/st/microxplorer/plugins/tutovideos/model/TutoVideoGetters
instanceKlass com/fasterxml/jackson/databind/PropertyMetadata
instanceKlass com/fasterxml/jackson/annotation/JsonPropertyDescription
instanceKlass com/fasterxml/jackson/annotation/JsonPropertyOrder
instanceKlass com/fasterxml/jackson/databind/annotation/JsonNaming
instanceKlass com/fasterxml/jackson/annotation/JacksonInject
instanceKlass com/fasterxml/jackson/databind/introspect/POJOPropertyBuilder$6
instanceKlass com/fasterxml/jackson/databind/introspect/POJOPropertyBuilder$5
instanceKlass com/fasterxml/jackson/databind/cfg/ConstructorDetector
instanceKlass com/fasterxml/jackson/annotation/JsonGetter
instanceKlass com/fasterxml/jackson/databind/introspect/AnnotatedMethodMap
instanceKlass com/fasterxml/jackson/annotation/JacksonAnnotationsInside
instanceKlass com/fasterxml/jackson/databind/introspect/AnnotatedMethodCollector$MethodBuilder
instanceKlass com/fasterxml/jackson/databind/introspect/MemberKey
instanceKlass com/fasterxml/jackson/databind/introspect/POJOPropertyBuilder$Linked
instanceKlass com/fasterxml/jackson/databind/AnnotationIntrospector$ReferenceProperty
instanceKlass com/fasterxml/jackson/databind/introspect/POJOPropertyBuilder$WithMember
instanceKlass com/fasterxml/jackson/annotation/JsonIgnore
instanceKlass com/fasterxml/jackson/annotation/JsonAutoDetect$1
instanceKlass com/fasterxml/jackson/annotation/JsonProperty
instanceKlass com/fasterxml/jackson/annotation/JsonSetter
instanceKlass com/fasterxml/jackson/annotation/JsonAnySetter
instanceKlass com/fasterxml/jackson/annotation/JsonAnyGetter
instanceKlass com/fasterxml/jackson/annotation/JsonValue
instanceKlass com/fasterxml/jackson/annotation/JsonKey
instanceKlass com/fasterxml/jackson/databind/introspect/AnnotatedFieldCollector$FieldBuilder
instanceKlass com/st/microxplorer/plugins/tutovideos/model/VideoServerDB
instanceKlass com/fasterxml/jackson/databind/introspect/TypeResolutionContext$Basic
instanceKlass com/fasterxml/jackson/databind/introspect/AnnotationMap
instanceKlass com/fasterxml/jackson/databind/introspect/CollectorBase
instanceKlass com/fasterxml/jackson/databind/introspect/PotentialCreators
instanceKlass com/fasterxml/jackson/databind/util/BeanUtil
instanceKlass com/fasterxml/jackson/databind/jsontype/impl/SubTypeValidator
instanceKlass java/net/SocketAddress
instanceKlass com/fasterxml/jackson/databind/deser/std/JdkDeserializers
instanceKlass com/fasterxml/jackson/databind/ext/Java7Handlers
instanceKlass com/fasterxml/jackson/databind/ext/OptionalHandlerFactory
instanceKlass com/fasterxml/jackson/annotation/JsonIdentityInfo
instanceKlass com/fasterxml/jackson/annotation/JsonAutoDetect
instanceKlass com/fasterxml/jackson/databind/introspect/POJOPropertiesCollector
instanceKlass com/fasterxml/jackson/core/json/ByteSourceJsonBootstrapper
instanceKlass com/st/microxplorer/plugins/tutovideos/model/TutoVideoDB
instanceKlass com/st/microxplorer/plugins/tutovideos/TutoVideosMain
instanceKlass com/st/microxplorer/plugins/tutovideos/TutoVideosPlugin$1
instanceKlass com/st/microxplorer/ctxdoc/viewers/CtxTutoBrowser
instanceKlass com/st/microxplorer/plugins/thirdparty/db/solver/Toolchain
instanceKlass com/st/microxplorer/plugins/thirdparty/engine/DatabaseStatusFileBackup
instanceKlass com/st/microxplorer/plugins/thirdparty/ThirdParty$1
instanceKlass com/st/microxplorer/plugins/thirdparty/engine/DatabaseStatusBackup
instanceKlass com/st/microxplorer/plugins/thirdparty/db/solver/getter/device/DeviceNameGetter
instanceKlass com/st/microxplorer/plugins/thirdparty/db/solver/getter/component/ComponentVariantGetter
instanceKlass com/st/microxplorer/plugins/thirdparty/db/solver/getter/component/ComponentGroupGetter
instanceKlass com/st/microxplorer/plugins/thirdparty/db/solver/getter/component/ComponentClassGetter
instanceKlass com/st/microxplorer/plugins/thirdparty/db/solver/getter/component/ComponentAttributeGetter$1
instanceKlass com/st/microxplorer/plugins/thirdparty/db/solver/getter/component/ComponentAttributeGetter
instanceKlass com/st/microxplorer/plugins/thirdparty/xml/XmlComponent
instanceKlass com/st/microxplorer/plugins/thirdparty/xml/Components
instanceKlass com/st/ipmodeconfigmanager/xml/FilterDevice
instanceKlass com/st/ipmodeconfigmanager/xml/MxPackages
instanceKlass com/st/ipmodeconfigmanager/xml/FilterComponent
instanceKlass com/st/ipmodeconfigmanager/engine/ConditionMgr$ConditionEntry
instanceKlass com/st/components/util/VersionDescriptor
instanceKlass com/st/microxplorer/plugins/thirdparty/xml/PackRequirement
instanceKlass com/st/microxplorer/plugins/thirdparty/db/solver/getter/device/DeviceFamilyGetter
instanceKlass com/st/microxplorer/plugins/thirdparty/db/solver/getter/device/DeviceAttributeGetter$1
instanceKlass com/st/microxplorer/plugins/thirdparty/db/solver/getter/device/DeviceAttributeGetter
instanceKlass com/st/microxplorer/plugins/thirdparty/db/solver/matcher/StrictMatcher
instanceKlass com/st/microxplorer/plugins/thirdparty/db/solver/matcher/WildcardMatcher
instanceKlass com/st/microxplorer/plugins/thirdparty/db/solver/matcher/ValueMatcherBuilder$1
instanceKlass com/st/microxplorer/plugins/thirdparty/db/solver/matcher/ValueMatcher
instanceKlass com/st/microxplorer/plugins/thirdparty/db/solver/matcher/ValueMatcherBuilder
instanceKlass com/st/microxplorer/plugins/thirdparty/db/solver/matcher/GenericMatcher
instanceKlass com/st/microxplorer/plugins/thirdparty/db/solver/condition/EvaluatedConditionItem
instanceKlass com/st/microxplorer/plugins/thirdparty/db/solver/condition/EvaluatedConditionItemBuilder
instanceKlass com/st/microxplorer/plugins/thirdparty/db/solver/checker/TestChecker
instanceKlass com/st/microxplorer/plugins/thirdparty/db/solver/condition/RealEvaluatedCondition
instanceKlass com/st/microxplorer/plugins/thirdparty/db/solver/condition/EvaluatedCondition
instanceKlass com/st/microxplorer/plugins/thirdparty/db/solver/ConditionSolver
instanceKlass com/st/microxplorer/plugins/thirdparty/xml/PackRestriction
instanceKlass com/st/microxplorer/plugins/thirdparty/db/solver/DummyConditionSolver
instanceKlass com/st/microxplorer/plugins/thirdparty/xml/XmlIntegratedPack$AdditionalChecker
instanceKlass com/st/microxplorer/plugins/thirdparty/db/solver/ConditionSolverInterface
instanceKlass com/st/ipmodeconfigmanager/engine/TaxonomyMgr
instanceKlass com/st/ipmodeconfigmanager/engine/ConditionMgr
instanceKlass com/st/components/pdscmanager/xml/components/Bundle
instanceKlass com/st/components/pdscmanager/xml/common/LibraryFile
instanceKlass com/st/components/pdscmanager/xml/utils/PdscXmlUtils
instanceKlass com/st/components/pdscmanager/xml/components/Component
instanceKlass com/st/components/pdscmanager/xml/conditions/Test
instanceKlass com/st/components/pdscmanager/xml/conditions/Condition
instanceKlass com/vdurmont/semver4j/Semver
instanceKlass com/st/components/pdscmanager/xml/requirements/VersionRange
instanceKlass com/st/components/pdscmanager/xml/requirements/Package
instanceKlass com/st/components/pdscmanager/xml/common/Release
instanceKlass org/apache/xerces/dom/DeepNodeListImpl
instanceKlass com/st/components/pdscmanager/xml/XmlFileManage
instanceKlass com/st/components/pdscmanager/xml/requirements/Requirements
instanceKlass com/st/components/pdscmanager/xml/PdscPackages
instanceKlass com/st/components/pdscmanager/xml/PdscXmlConstants
instanceKlass com/st/microxplorer/plugins/thirdparty/engine/PackLoader
instanceKlass  @bci com/st/microxplorer/plugins/thirdparty/ThirdPartyApiDb getIntegratedPacksFromMcuDb ()Ljava/util/List; 57 <appendix> argL0 ; # com/st/microxplorer/plugins/thirdparty/ThirdPartyApiDb$$Lambda+0x000000080055c4b8
instanceKlass com/st/microxplorer/plugins/thirdparty/xml/ThirdPartyDb
instanceKlass com/st/microxplorer/plugins/thirdparty/ThirdPartyApiDb
instanceKlass com/st/microxplorer/plugins/thirdparty/engine/Engine
instanceKlass java/util/HashMap$UnsafeHolder
instanceKlass java/io/SerialCallbackContext
instanceKlass java/io/ObjectStreamClass$ClassDataSlot
instanceKlass  @bci jdk/internal/reflect/MethodHandleLongFieldAccessorImpl getLong (Ljava/lang/Object;)J 11 <adapter> ; # java/lang/invoke/LambdaForm$MH+0x000000080055a800
# instanceKlass java/lang/invoke/LambdaForm$DMH+0x000000080055a400
instanceKlass java/io/ObjectStreamClass$5
instanceKlass java/io/ObjectStreamClass$4
instanceKlass java/io/ObjectStreamClass$3
instanceKlass java/io/ObjectStreamClass$MemberSignature
instanceKlass java/io/ObjectStreamClass$1
instanceKlass java/io/ObjectStreamClass$FieldReflector
instanceKlass java/io/ObjectStreamClass$FieldReflectorKey
instanceKlass jdk/internal/reflect/ClassDefiner$1
instanceKlass jdk/internal/reflect/ClassDefiner
instanceKlass jdk/internal/reflect/MethodAccessorGenerator$1
instanceKlass jdk/internal/reflect/Label$PatchInfo
instanceKlass jdk/internal/reflect/Label
instanceKlass jdk/internal/reflect/UTF8
instanceKlass jdk/internal/reflect/ClassFileAssembler
instanceKlass jdk/internal/reflect/ByteVectorImpl
instanceKlass jdk/internal/reflect/ByteVector
instanceKlass jdk/internal/reflect/ByteVectorFactory
instanceKlass jdk/internal/reflect/AccessorGenerator
instanceKlass jdk/internal/reflect/ClassFileConstants
instanceKlass java/io/ObjectStreamClass$2
instanceKlass java/io/ClassCache
instanceKlass java/io/ObjectStreamClass$Caches
instanceKlass java/io/ObjectStreamClass
instanceKlass  @bci java/io/ObjectInputFilter$Config <clinit> ()V 368 <appendix> argL0 ; # java/io/ObjectInputFilter$Config$$Lambda+0x000000080047ca00
instanceKlass jdk/internal/access/JavaObjectInputFilterAccess
instanceKlass java/io/ObjectInputFilter$Config$BuiltinFilterFactory
instanceKlass  @bci java/io/ObjectInputFilter$Config <clinit> ()V 80 <appendix> argL0 ; # java/io/ObjectInputFilter$Config$$Lambda+0x000000080047c398
instanceKlass  @bci java/io/ObjectInputFilter$Config <clinit> ()V 56 <appendix> argL0 ; # java/io/ObjectInputFilter$Config$$Lambda+0x000000080047c178
instanceKlass java/io/ObjectInputFilter$Config
instanceKlass java/io/ObjectInputStream$ValidationList
instanceKlass java/io/ObjectInputStream$HandleTable$HandleList
instanceKlass java/io/ObjectInputStream$HandleTable
instanceKlass  @bci java/io/ObjectInputStream <clinit> ()V 100 <appendix> argL0 ; # java/io/ObjectInputStream$$Lambda+0x000000080047adf8
instanceKlass jdk/internal/access/JavaObjectInputStreamReadString
instanceKlass  @bci java/io/ObjectInputStream <clinit> ()V 92 <appendix> argL0 ; # java/io/ObjectInputStream$$Lambda+0x000000080047a9d8
instanceKlass jdk/internal/access/JavaObjectInputStreamAccess
instanceKlass com/st/microxplorer/plugins/thirdparty/preferences/Preferences
instanceKlass com/st/microxplorer/plugins/thirdparty/model/EmptyThirdPartyModelManager
instanceKlass com/st/microxplorer/plugins/thirdparty/model/ThirdPartyModelManager
instanceKlass com/st/microxplorer/plugins/thirdparty/system/AbstractThirdPartySystem
instanceKlass com/st/microxplorer/plugins/thirdparty/ThirdPartyPackRequestProcessorInterface
instanceKlass com/st/microxplorer/plugins/thirdparty/ThirdPartyDownloadManagerInterface
instanceKlass com/st/microxplorer/plugins/thirdparty/ThirdPartyIpManagerInterface
instanceKlass com/st/microxplorer/plugins/thirdparty/ThirdPartyMcuManagerInterface
instanceKlass com/st/microxplorer/plugins/thirdparty/xml/XmlPack
instanceKlass com/st/microxplorer/plugins/thirdparty/engine/IntegrityCheckThread$IntegrityCheckStatusCallback
instanceKlass com/st/microxplorer/plugins/thirdparty/gui/view/Observer
instanceKlass com/st/microxplorer/plugins/thirdparty/AbstractThirdPartyCodeGen
instanceKlass com/st/microxplorer/plugins/thirdparty/AbstractThirdPartyUpdaterManager
instanceKlass com/st/microxplorer/plugins/projectmanager/ProjectManagerView$2
instanceKlass com/st/microxplorer/plugins/projectmanager/engine/MainProjectManager$20
instanceKlass com/st/microxplorer/plugins/projectmanager/engine/MainProjectManager$19
instanceKlass com/st/microxplorer/plugins/projectmanager/engine/MainProjectManager$18
instanceKlass com/st/microxplorer/plugins/projectmanager/engine/MainProjectManager$17
instanceKlass com/st/microxplorer/plugins/projectmanager/engine/MainProjectManager$16
instanceKlass com/st/microxplorer/plugins/projectmanager/engine/MainProjectManager$15
instanceKlass com/st/microxplorer/plugins/projectmanager/engine/MainProjectManager$14
instanceKlass com/st/microxplorer/plugins/projectmanager/engine/MainProjectManager$13
instanceKlass com/st/microxplorer/plugins/projectmanager/engine/MainProjectManager$12
instanceKlass com/st/microxplorer/plugins/projectmanager/engine/MainProjectManager$11
instanceKlass com/st/microxplorer/plugins/projectmanager/engine/MainProjectManager$10
instanceKlass com/st/microxplorer/plugins/projectmanager/engine/MainProjectManager$9
instanceKlass com/st/microxplorer/plugins/projectmanager/engine/MainProjectManager$8
instanceKlass com/st/microxplorer/plugins/projectmanager/engine/MainProjectManager$7
instanceKlass com/st/microxplorer/plugins/projectmanager/engine/MainProjectManager$6
instanceKlass com/st/microxplorer/plugins/projectmanager/engine/MainProjectManager$5
instanceKlass com/st/microxplorer/plugins/projectmanager/engine/MainProjectManager$4
instanceKlass  @bci com/st/microxplorer/plugins/projectmanager/engine/MainProjectManager initCommands ()V 70 <appendix> member <vmtarget> ; # com/st/microxplorer/plugins/projectmanager/engine/MainProjectManager$$Lambda+0x00000008005494b0
instanceKlass  @bci com/st/microxplorer/plugins/projectmanager/engine/MainProjectManager initCommands ()V 56 <appendix> member <vmtarget> ; # com/st/microxplorer/plugins/projectmanager/engine/MainProjectManager$$Lambda+0x0000000800549288
instanceKlass com/st/microxplorer/plugins/projectmanager/engine/MainProjectManager$3
instanceKlass com/st/microxplorer/plugins/projectmanager/engine/MainProjectManager$2
instanceKlass com/st/microxplorer/plugins/projectmanager/engine/MainProjectManager$1
instanceKlass com/st/microxplorer/plugins/projectmanager/engine/ReportBuilder
instanceKlass com/st/microxplorer/plugins/projectmanager/model/ConfigFileManager
instanceKlass com/st/microxplorer/plugins/projectmanager/model/ToolchainGenerator
instanceKlass com/st/microxplorer/plugins/projectmanager/engine/ProjectBuilder$10
instanceKlass com/st/microxplorer/plugins/projectmanager/engine/ProjectBuilder$9
instanceKlass com/st/microxplorer/plugins/projectmanager/engine/ProjectBuilder$8
instanceKlass com/st/microxplorer/plugins/projectmanager/engine/ProjectBuilder$7
instanceKlass com/st/microxplorer/plugins/projectmanager/gui/ProjectChoiceTab$24
instanceKlass com/st/microxplorer/plugins/projectmanager/gui/ProjectChoiceTab$23
instanceKlass com/st/microxplorer/plugins/projectmanager/gui/ProjectChoiceTab$22
instanceKlass com/st/microxplorer/plugins/projectmanager/gui/ProjectChoiceTab$21
instanceKlass com/st/microxplorer/plugins/projectmanager/gui/ProjectChoiceTab$18
instanceKlass com/st/microxplorer/plugins/projectmanager/gui/ProjectChoiceTab$17
instanceKlass com/st/microxplorer/plugins/projectmanager/gui/ProjectChoiceTab$16
instanceKlass com/st/microxplorer/plugins/projectmanager/gui/ProjectChoiceTab$15
instanceKlass com/st/microxplorer/plugins/projectmanager/gui/ProjectChoiceTab$14
instanceKlass com/st/microxplorer/plugins/projectmanager/gui/ProjectChoiceTab$13
instanceKlass com/st/microxplorer/plugins/projectmanager/gui/ProjectChoiceTab$12
instanceKlass com/st/microxplorer/plugins/projectmanager/gui/ProjectChoiceTab$11
instanceKlass com/st/microxplorer/plugins/projectmanager/gui/ProjectChoiceTab$10
instanceKlass com/st/microxplorer/plugins/projectmanager/gui/ProjectChoiceTab$9
instanceKlass com/st/microxplorer/plugins/projectmanager/gui/ProjectChoiceTab$8
instanceKlass com/st/microxplorer/plugins/projectmanager/gui/ProjectChoiceTab$7
instanceKlass com/st/microxplorer/plugins/projectmanager/gui/ProjectChoiceTab$6
instanceKlass com/st/microxplorer/plugins/projectmanager/gui/ProjectChoiceTab$5
instanceKlass com/st/microxplorer/plugins/projectmanager/gui/ProjectChoiceTab$4
instanceKlass com/st/microxplorer/plugins/projectmanager/engine/ProjectFilesGenerator
instanceKlass com/st/microxplorer/plugins/projectmanager/engine/ProjectBuilder
instanceKlass com/st/microxplorer/plugins/projectmanager/model/ProjectSettings
instanceKlass com/st/microxplorer/plugins/projectmanager/engine/MainProjectManager
instanceKlass com/st/microxplorer/plugins/projectmanager/ProjectManagerView$8
instanceKlass com/st/microxplorer/plugins/projectmanager/ProjectManagerView$7
instanceKlass com/st/microxplorer/plugins/projectmanager/ProjectManagerView$6
instanceKlass com/st/microxplorer/plugins/projectmanager/ProjectManagerView$5
instanceKlass com/st/microxplorer/plugins/projectmanager/ProjectManagerView$4
instanceKlass com/st/microxplorer/plugins/projectmanager/ProjectManagerView$3
instanceKlass com/st/microxplorer/plugins/projectmanager/ProjectManagerView$1
instanceKlass com/st/microxplorer/plugins/projectmanager/engine/EngineConstants
instanceKlass com/st/microxplorer/plugins/projectmanager/gui/GuiConstants
instanceKlass com/st/microxplorer/plugins/power/PowerPluginView$11
instanceKlass com/st/microxplorer/plugins/power/PowerPluginView$10
instanceKlass com/st/microxplorer/plugins/power/PowerPluginView$9
instanceKlass com/st/microxplorer/plugins/power/PowerPluginView$8
instanceKlass com/st/microxplorer/plugins/power/PowerPluginView$7
instanceKlass com/st/microxplorer/plugins/power/PowerPluginView$6
instanceKlass com/st/microxplorer/plugins/power/PowerPluginView$5
instanceKlass com/st/microxplorer/plugins/power/PowerPluginView$4
instanceKlass com/st/microxplorer/plugins/power/PowerPluginView$3
instanceKlass com/st/microxplorer/mcu/Mcu$PinoutConfig
instanceKlass jp/ac/kobe_u/cs/cream/Variable
instanceKlass com/st/microxplorer/mcu/Signal
instanceKlass com/st/microxplorer/mcu/PinoutRecombination
instanceKlass  @bci java/util/regex/CharPredicates ctype (I)Ljava/util/regex/Pattern$CharPredicate; 1 <appendix> member <vmtarget> ; # java/util/regex/CharPredicates$$Lambda+0x000000080047a548
instanceKlass  @bci java/util/regex/CharPredicates range (II)Ljava/util/regex/Pattern$CharPredicate; 2 <appendix> member <vmtarget> ; # java/util/regex/CharPredicates$$Lambda+0x000000080047a2b8
instanceKlass com/bestcode/mathparser/IsDouble
instanceKlass jdk/internal/icu/text/ReplaceableString
instanceKlass jdk/internal/icu/text/Replaceable
instanceKlass jdk/internal/icu/text/UCharacterIterator
instanceKlass jdk/internal/icu/text/NormalizerBase
instanceKlass jdk/internal/icu/text/NormalizerBase$Mode
instanceKlass sun/text/CollatorUtilities
instanceKlass java/text/CollationElementIterator
instanceKlass sun/text/ComposedCharIter
instanceKlass java/text/EntryPair
instanceKlass java/text/PatternEntry
instanceKlass java/text/PatternEntry$Parser
instanceKlass java/text/MergeCollation
instanceKlass jdk/internal/icu/lang/UCharacter
instanceKlass jdk/internal/icu/text/UTF16
instanceKlass jdk/internal/icu/impl/NormalizerImpl$UTF16Plus
instanceKlass jdk/internal/icu/util/CodePointTrie$Data
instanceKlass jdk/internal/icu/util/CodePointMap
instanceKlass jdk/internal/icu/util/VersionInfo
instanceKlass jdk/internal/icu/impl/ICUBinary$1
instanceKlass jdk/internal/icu/impl/ICUBinary
instanceKlass jdk/internal/icu/impl/Norm2AllModes$Norm2AllModesSingleton
instanceKlass jdk/internal/icu/impl/Norm2AllModes$NFCSingleton
instanceKlass jdk/internal/icu/impl/Norm2AllModes
instanceKlass jdk/internal/icu/text/Normalizer2
instanceKlass jdk/internal/icu/impl/NormalizerImpl$IsAcceptable
instanceKlass jdk/internal/icu/impl/ICUBinary$Authenticate
instanceKlass jdk/internal/icu/impl/NormalizerImpl
instanceKlass sun/text/UCompactIntArray
instanceKlass sun/text/IntHashtable
instanceKlass java/text/RBCollationTables$BuildAPI
instanceKlass java/text/RBTableBuilder
instanceKlass java/text/RBCollationTables
instanceKlass  @bci sun/util/locale/provider/JRELocaleProviderAdapter getCollatorProvider ()Ljava/text/spi/CollatorProvider; 8 <appendix> member <vmtarget> ; # sun/util/locale/provider/JRELocaleProviderAdapter$$Lambda+0x0000000800472460
instanceKlass java/text/Collator
instanceKlass com/bestcode/util/QuickSort
instanceKlass com/st/microxplorer/mxsystem/MxSystem$DummyProgressBar
instanceKlass com/st/microxplorer/mcu/rtos/freertos/HeapUsageCalculator
instanceKlass org/glassfish/jaxb/runtime/DatatypeConverterImpl
instanceKlass jakarta/xml/bind/DatatypeConverterInterface
# instanceKlass java/lang/invoke/LambdaForm$MH+0x0000000800538000
instanceKlass org/glassfish/jaxb/runtime/v2/runtime/unmarshaller/TagName
instanceKlass org/glassfish/jaxb/runtime/v2/runtime/unmarshaller/SAXConnector
instanceKlass org/apache/xerces/util/SecurityManager
instanceKlass org/glassfish/jaxb/core/v2/util/XmlFactory$1
instanceKlass org/glassfish/jaxb/core/v2/util/XmlFactory
instanceKlass org/glassfish/jaxb/runtime/v2/runtime/unmarshaller/UnmarshallingContext$State
instanceKlass org/glassfish/jaxb/runtime/v2/runtime/unmarshaller/Scope
instanceKlass jakarta/xml/bind/ValidationEventLocator
instanceKlass org/glassfish/jaxb/runtime/v2/runtime/unmarshaller/LocatorExWrapper
instanceKlass org/xml/sax/helpers/LocatorImpl
instanceKlass org/glassfish/jaxb/runtime/v2/runtime/Coordinator
instanceKlass org/glassfish/jaxb/runtime/v2/runtime/unmarshaller/XmlVisitor$TextPredictor
instanceKlass jakarta/xml/bind/helpers/DefaultValidationEventHandler
instanceKlass org/glassfish/jaxb/core/v2/runtime/unmarshaller/LocatorEx
instanceKlass jakarta/xml/bind/UnmarshallerHandler
instanceKlass org/glassfish/jaxb/runtime/v2/runtime/unmarshaller/XmlVisitor
instanceKlass org/glassfish/jaxb/runtime/IDResolver
instanceKlass jakarta/xml/bind/helpers/AbstractUnmarshallerImpl
instanceKlass jakarta/xml/bind/ValidationEventHandler
instanceKlass org/glassfish/jaxb/runtime/v2/runtime/NameList
instanceKlass org/glassfish/jaxb/runtime/v2/runtime/unmarshaller/ChildLoader
instanceKlass org/glassfish/jaxb/runtime/v2/runtime/property/ArrayERProperty$ReceiverImpl
instanceKlass org/glassfish/jaxb/runtime/v2/runtime/unmarshaller/StructureLoader$1
instanceKlass org/glassfish/jaxb/runtime/v2/runtime/property/UnmarshallerChain
instanceKlass jakarta/xml/bind/annotation/W3CDomHandler
instanceKlass jakarta/xml/bind/annotation/DomHandler
instanceKlass org/glassfish/jaxb/runtime/v2/model/runtime/RuntimeArrayInfo
instanceKlass org/glassfish/jaxb/runtime/v2/runtime/ElementBeanInfoImpl$1
instanceKlass org/glassfish/jaxb/runtime/v2/runtime/unmarshaller/Intercepter
instanceKlass jakarta/xml/bind/JAXBElement
instanceKlass org/glassfish/jaxb/runtime/v2/runtime/property/TagAndType
instanceKlass org/glassfish/jaxb/runtime/v2/runtime/JaxBeanInfo$1
instanceKlass org/glassfish/jaxb/runtime/v2/runtime/LifecycleMethods
instanceKlass org/glassfish/jaxb/runtime/v2/runtime/reflect/TransducedAccessor
instanceKlass org/glassfish/jaxb/runtime/v2/runtime/Name
instanceKlass org/glassfish/jaxb/runtime/v2/runtime/reflect/Utils$1
instanceKlass org/glassfish/jaxb/runtime/v2/runtime/reflect/Utils
instanceKlass org/glassfish/jaxb/runtime/v2/runtime/reflect/Lister$2
instanceKlass org/glassfish/jaxb/runtime/v2/runtime/reflect/ListIterator
instanceKlass org/glassfish/jaxb/runtime/v2/runtime/reflect/Lister
instanceKlass org/glassfish/jaxb/runtime/v2/runtime/property/Utils$1
instanceKlass org/glassfish/jaxb/runtime/v2/runtime/property/Utils
# instanceKlass java/lang/invoke/LambdaForm$MH+0x000000080052c400
# instanceKlass java/lang/invoke/LambdaForm$MH+0x000000080052c000
instanceKlass org/glassfish/jaxb/runtime/v2/runtime/property/PropertyFactory$1
instanceKlass org/glassfish/jaxb/runtime/v2/model/runtime/RuntimeMapPropertyInfo
instanceKlass org/glassfish/jaxb/runtime/v2/model/runtime/RuntimeReferencePropertyInfo
instanceKlass org/glassfish/jaxb/runtime/v2/runtime/property/PropertyFactory
instanceKlass org/glassfish/jaxb/runtime/v2/runtime/property/PropertyImpl
instanceKlass org/glassfish/jaxb/runtime/v2/runtime/property/Property
instanceKlass org/glassfish/jaxb/runtime/v2/runtime/property/StructureLoaderBuilder
instanceKlass org/glassfish/jaxb/runtime/v2/runtime/unmarshaller/Loader
instanceKlass jakarta/xml/bind/annotation/XmlEnumValue
instanceKlass org/glassfish/jaxb/core/v2/util/FlattenIterator
instanceKlass org/glassfish/jaxb/runtime/v2/model/runtime/RuntimeValuePropertyInfo
instanceKlass org/glassfish/jaxb/runtime/v2/model/impl/EnumConstantImpl
instanceKlass org/glassfish/jaxb/core/v2/model/core/EnumConstant
instanceKlass org/glassfish/jaxb/runtime/v2/model/runtime/RuntimeEnumLeafInfo
instanceKlass com/st/microxplorer/mcu/rtos/RtosApiDefinition$RtosDataFieldValue
instanceKlass com/st/microxplorer/mcu/rtos/RtosApiDefinition$EnabledCondition
instanceKlass com/st/microxplorer/mcu/rtos/RtosApiDefinition$RtosDataField
instanceKlass com/st/microxplorer/mcu/rtos/data/RtosUserConfiguration$RtosUserDataObjectSet
instanceKlass com/st/microxplorer/mcu/rtos/RtosApiDefinition$RtosData
instanceKlass jakarta/xml/bind/annotation/XmlSeeAlso
instanceKlass com/st/microxplorer/mcu/rtos/RtosApiDefinition$RtosDataGroup
instanceKlass com/st/microxplorer/mcu/rtos/RtosApiDefinition$RtosApiAttributes
instanceKlass org/glassfish/jaxb/core/v2/TODO
instanceKlass java/beans/Introspector$1
instanceKlass jdk/internal/access/JavaBeansAccess
instanceKlass java/beans/FeatureDescriptor
instanceKlass java/beans/Introspector
instanceKlass org/glassfish/jaxb/runtime/v2/model/runtime/RuntimeAttributePropertyInfo
instanceKlass org/glassfish/jaxb/runtime/v2/model/impl/GetterSetterPropertySeed
instanceKlass org/glassfish/jaxb/runtime/v2/model/annotation/MethodLocatable
instanceKlass  @bci org/glassfish/jaxb/runtime/v2/model/impl/ClassInfoImpl collectGetterSetters (Ljava/lang/Object;Ljava/util/Map;Ljava/util/Map;)V 201 <appendix> argL0 ; # org/glassfish/jaxb/runtime/v2/model/impl/ClassInfoImpl$$Lambda+0x000000080051c9a8
instanceKlass org/glassfish/jaxb/core/v2/model/nav/ReflectionNavigator$5
instanceKlass jakarta/xml/bind/annotation/XmlSchemaTypes
instanceKlass org/glassfish/jaxb/core/v2/model/nav/ParameterizedTypeImpl
instanceKlass org/glassfish/jaxb/core/v2/model/nav/ReflectionNavigator$BinderArg
instanceKlass jakarta/xml/bind/annotation/adapters/XmlJavaTypeAdapters
instanceKlass org/glassfish/jaxb/runtime/v2/model/impl/Util
instanceKlass org/glassfish/jaxb/runtime/v2/model/runtime/RuntimeTypeRef
instanceKlass org/glassfish/jaxb/runtime/v2/model/impl/TypeRefImpl
instanceKlass org/glassfish/jaxb/core/v2/model/core/TypeRef
instanceKlass org/glassfish/jaxb/runtime/v2/model/impl/PropertyInfoImpl
instanceKlass org/glassfish/jaxb/runtime/v2/model/runtime/RuntimeElementPropertyInfo
instanceKlass org/glassfish/jaxb/runtime/v2/model/runtime/RuntimePropertyInfo
instanceKlass org/glassfish/jaxb/runtime/v2/model/impl/ClassInfoImpl$1
instanceKlass com/st/microxplorer/mcu/rtos/RtosApiDefinition$RtosApiDescription
instanceKlass org/glassfish/jaxb/runtime/v2/model/impl/FieldPropertySeed
instanceKlass org/glassfish/jaxb/runtime/v2/model/impl/RuntimeClassInfoImpl$RuntimePropertySeed
instanceKlass jakarta/xml/bind/annotation/XmlElement$DEFAULT
instanceKlass org/glassfish/jaxb/core/annotation/XmlLocation
instanceKlass org/glassfish/jaxb/core/v2/model/nav/ReflectionNavigator$3
instanceKlass  @bci java/lang/reflect/Proxy getProxyConstructor (Ljava/lang/Class;Ljava/lang/ClassLoader;[Ljava/lang/Class;)Ljava/lang/reflect/Constructor; 80 <appendix> argL0 ; # java/lang/reflect/Proxy$$Lambda+0x00000008004700a0
instanceKlass org/glassfish/jaxb/runtime/v2/model/annotation/SecureLoader
instanceKlass org/glassfish/jaxb/runtime/AccessorFactoryImpl
instanceKlass org/glassfish/jaxb/runtime/InternalAccessorFactory
instanceKlass jakarta/xml/bind/annotation/XmlAccessorOrder
instanceKlass org/glassfish/jaxb/core/api/impl/NameUtil
instanceKlass org/glassfish/jaxb/core/api/impl/NameConverter
instanceKlass java/lang/Package$1PackageInfoProxy
instanceKlass  @bci java/lang/Package getPackageInfo ()Ljava/lang/Class; 41 <appendix> member <vmtarget> ; # java/lang/Package$$Lambda+0x000000080046fc70
instanceKlass  @bci org/glassfish/jaxb/runtime/v2/model/annotation/RuntimeInlineAnnotationReader getPackageAnnotation (Ljava/lang/Class;Ljava/lang/Class;Lorg/glassfish/jaxb/core/v2/model/annotation/Locatable;)Ljava/lang/annotation/Annotation; 18 <appendix> argL0 ; # org/glassfish/jaxb/runtime/v2/model/annotation/RuntimeInlineAnnotationReader$$Lambda+0x00000008005149a8
instanceKlass org/glassfish/jaxb/core/annotation/OverrideAnnotationOf
instanceKlass jakarta/xml/bind/annotation/XmlMixed
instanceKlass jakarta/xml/bind/annotation/XmlAnyElement
instanceKlass jakarta/xml/bind/annotation/XmlElements
instanceKlass jakarta/xml/bind/annotation/XmlAnyAttribute
instanceKlass jakarta/xml/bind/annotation/XmlList
instanceKlass jakarta/xml/bind/annotation/XmlElementWrapper
instanceKlass jakarta/xml/bind/annotation/XmlAttachmentRef
instanceKlass jakarta/xml/bind/annotation/XmlMimeType
instanceKlass jakarta/xml/bind/annotation/XmlInlineBinaryData
instanceKlass jakarta/xml/bind/annotation/XmlIDREF
instanceKlass jakarta/xml/bind/annotation/XmlID
instanceKlass jakarta/xml/bind/annotation/adapters/XmlJavaTypeAdapter
instanceKlass org/glassfish/jaxb/runtime/v2/model/runtime/RuntimeNonElementRef
instanceKlass org/glassfish/jaxb/runtime/AccessorFactory
instanceKlass org/glassfish/jaxb/runtime/v2/runtime/reflect/Accessor
instanceKlass org/glassfish/jaxb/runtime/v2/runtime/unmarshaller/Receiver
instanceKlass org/glassfish/jaxb/runtime/v2/model/impl/PropertySeed
instanceKlass org/glassfish/jaxb/core/v2/model/core/MapPropertyInfo
instanceKlass org/glassfish/jaxb/core/v2/model/core/AttributePropertyInfo
instanceKlass org/glassfish/jaxb/core/v2/model/core/ReferencePropertyInfo
instanceKlass org/glassfish/jaxb/core/v2/model/core/ElementPropertyInfo
instanceKlass org/glassfish/jaxb/core/v2/model/core/ValuePropertyInfo
instanceKlass org/glassfish/jaxb/core/v2/model/core/NonElementRef
instanceKlass org/glassfish/jaxb/core/v2/model/core/PropertyInfo
instanceKlass org/glassfish/jaxb/core/v2/model/annotation/AnnotationSource
instanceKlass org/glassfish/jaxb/runtime/v2/model/runtime/RuntimeClassInfo
instanceKlass jakarta/xml/bind/annotation/XmlValue
instanceKlass jakarta/xml/bind/annotation/XmlType
instanceKlass jakarta/xml/bind/annotation/XmlTransient
instanceKlass jakarta/xml/bind/annotation/XmlSchemaType
instanceKlass jakarta/xml/bind/annotation/XmlEnum
instanceKlass jakarta/xml/bind/annotation/XmlElementRefs
instanceKlass jakarta/xml/bind/annotation/XmlElementRef
instanceKlass jakarta/xml/bind/annotation/XmlElementDecl
instanceKlass jakarta/xml/bind/annotation/XmlElement
instanceKlass jakarta/xml/bind/annotation/XmlAttribute
instanceKlass org/glassfish/jaxb/runtime/v2/model/annotation/Quick
instanceKlass org/glassfish/jaxb/runtime/v2/model/annotation/Init
instanceKlass org/glassfish/jaxb/runtime/v2/model/annotation/LocatableAnnotation
instanceKlass jakarta/xml/bind/annotation/XmlAccessorType
instanceKlass jakarta/xml/bind/annotation/XmlRootElement
instanceKlass jakarta/xml/bind/annotation/XmlRegistry
instanceKlass org/glassfish/jaxb/core/v2/model/core/Ref
instanceKlass org/glassfish/jaxb/runtime/api/CompositeStructure
instanceKlass org/glassfish/jaxb/runtime/v2/runtime/IllegalAnnotationsException$Builder
instanceKlass org/glassfish/jaxb/core/v2/runtime/RuntimeUtil
instanceKlass org/glassfish/jaxb/runtime/v2/model/impl/AnyTypeImpl
instanceKlass org/glassfish/jaxb/runtime/v2/model/impl/TypeInfoSetImpl$1
instanceKlass org/glassfish/jaxb/runtime/v2/model/impl/RuntimeBuiltinLeafInfoImpl$28
instanceKlass javax/xml/namespace/NamespaceContext
instanceKlass jakarta/activation/DataHandler
instanceKlass jakarta/activation/DataSource
instanceKlass org/glassfish/jaxb/runtime/v2/runtime/output/Pcdata
instanceKlass jakarta/xml/bind/ValidationEvent
instanceKlass javax/xml/datatype/DatatypeConstants$Field
instanceKlass javax/xml/datatype/DatatypeConstants
instanceKlass javax/xml/namespace/QName
instanceKlass org/glassfish/jaxb/runtime/v2/model/impl/RuntimeBuiltinLeafInfoImpl$1
instanceKlass org/glassfish/jaxb/runtime/v2/model/impl/LeafInfoImpl
instanceKlass org/glassfish/jaxb/runtime/v2/model/runtime/RuntimeBuiltinLeafInfo
instanceKlass org/glassfish/jaxb/core/v2/model/core/BuiltinLeafInfo
instanceKlass org/glassfish/jaxb/runtime/v2/model/impl/TypeInfoImpl
instanceKlass org/glassfish/jaxb/runtime/v2/model/runtime/RuntimeElementInfo
instanceKlass org/glassfish/jaxb/runtime/v2/model/runtime/RuntimeElement
instanceKlass org/glassfish/jaxb/runtime/v2/model/impl/TypeInfoSetImpl
instanceKlass org/glassfish/jaxb/runtime/v2/model/runtime/RuntimeTypeInfoSet
instanceKlass org/glassfish/jaxb/runtime/v2/model/impl/ModelBuilder$1
instanceKlass org/glassfish/jaxb/runtime/v2/model/impl/Utils$1
instanceKlass org/glassfish/jaxb/core/v2/runtime/Location
instanceKlass org/glassfish/jaxb/core/v2/model/nav/TypeVisitor
instanceKlass org/glassfish/jaxb/core/v2/model/nav/ReflectionNavigator
instanceKlass org/glassfish/jaxb/core/v2/model/nav/Navigator
instanceKlass org/glassfish/jaxb/runtime/v2/model/impl/Utils
instanceKlass org/glassfish/jaxb/core/WhiteSpaceProcessor
instanceKlass jakarta/xml/bind/annotation/XmlSchema
instanceKlass org/glassfish/jaxb/runtime/v2/runtime/Transducer
instanceKlass org/glassfish/jaxb/core/v2/model/core/ClassInfo
instanceKlass org/glassfish/jaxb/core/v2/model/core/ArrayInfo
instanceKlass org/glassfish/jaxb/core/v2/model/core/ElementInfo
instanceKlass org/glassfish/jaxb/core/v2/model/core/Element
instanceKlass org/glassfish/jaxb/core/v2/model/core/RegistryInfo
instanceKlass org/glassfish/jaxb/core/v2/model/core/EnumLeafInfo
instanceKlass org/glassfish/jaxb/runtime/v2/model/impl/ModelBuilder
instanceKlass org/glassfish/jaxb/core/v2/model/impl/ModelBuilderI
instanceKlass org/glassfish/jaxb/runtime/v2/runtime/NameBuilder
instanceKlass com/sun/istack/Pool$Impl
instanceKlass org/glassfish/jaxb/runtime/v2/util/QNameMap$Entry
instanceKlass org/glassfish/jaxb/runtime/v2/util/QNameMap
instanceKlass org/glassfish/jaxb/runtime/v2/runtime/JAXBContextImpl$6
instanceKlass org/glassfish/jaxb/core/api/ErrorListener
instanceKlass jakarta/xml/bind/Marshaller
instanceKlass jakarta/xml/bind/Binder
instanceKlass org/glassfish/jaxb/core/unmarshaller/InfosetScanner
instanceKlass jakarta/xml/bind/JAXBIntrospector
instanceKlass jakarta/xml/bind/Unmarshaller
instanceKlass org/glassfish/jaxb/core/v2/model/core/ErrorHandler
instanceKlass org/glassfish/jaxb/runtime/api/RawAccessor
instanceKlass org/glassfish/jaxb/core/v2/model/core/TypeInfoSet
instanceKlass org/glassfish/jaxb/runtime/v2/runtime/AttributeAccessor
instanceKlass org/glassfish/jaxb/runtime/v2/runtime/JaxBeanInfo
instanceKlass org/glassfish/jaxb/runtime/api/Bridge
instanceKlass org/glassfish/jaxb/runtime/v2/model/runtime/RuntimeLeafInfo
instanceKlass org/glassfish/jaxb/runtime/v2/model/runtime/RuntimeNonElement
instanceKlass org/glassfish/jaxb/runtime/v2/model/runtime/RuntimeTypeInfo
instanceKlass org/glassfish/jaxb/core/v2/model/core/LeafInfo
instanceKlass org/glassfish/jaxb/core/v2/model/core/MaybeElement
instanceKlass org/glassfish/jaxb/core/v2/model/core/NonElement
instanceKlass org/glassfish/jaxb/core/v2/model/core/TypeInfo
instanceKlass org/glassfish/jaxb/core/v2/model/annotation/Locatable
instanceKlass com/sun/istack/Pool
instanceKlass org/glassfish/jaxb/runtime/v2/model/annotation/AbstractInlineAnnotationReaderImpl
instanceKlass org/glassfish/jaxb/runtime/v2/runtime/JAXBContextImpl$JAXBContextBuilder
instanceKlass org/glassfish/jaxb/runtime/v2/util/TypeCast
instanceKlass org/glassfish/jaxb/runtime/v2/model/annotation/RuntimeAnnotationReader
instanceKlass org/glassfish/jaxb/core/v2/model/annotation/AnnotationReader
instanceKlass  @bci org/glassfish/jaxb/core/StackHelper lambda$getCallerClassName$0 (Ljava/util/stream/Stream;)Ljava/lang/String; 1 <appendix> argL0 ; # org/glassfish/jaxb/core/StackHelper$$Lambda+0x00000008004f3a68
instanceKlass  @bci org/glassfish/jaxb/core/StackHelper getCallerClassName ()Ljava/lang/String; 3 <appendix> argL0 ; # org/glassfish/jaxb/core/StackHelper$$Lambda+0x00000008004f3828
instanceKlass org/glassfish/jaxb/core/StackHelper
instanceKlass org/glassfish/jaxb/core/Utils
instanceKlass org/glassfish/jaxb/core/v2/ClassFactory
instanceKlass org/glassfish/jaxb/runtime/v2/MUtils
instanceKlass org/glassfish/jaxb/runtime/v2/ContextFactory
instanceKlass jakarta/xml/bind/ModuleUtil
instanceKlass org/glassfish/jaxb/runtime/v2/JAXBContextFactory
instanceKlass jakarta/xml/bind/ServiceLoaderUtil
instanceKlass jakarta/xml/bind/JAXBContextFactory
instanceKlass jakarta/xml/bind/GetPropertyAction
instanceKlass jakarta/xml/bind/ServiceLoaderUtil$ExceptionHandler
instanceKlass jakarta/xml/bind/ContextFinder
instanceKlass jakarta/xml/bind/JAXBContext
instanceKlass com/st/microxplorer/mcu/rtos/RtosApiDefinition
instanceKlass org/apache/xerces/jaxp/validation/Util
instanceKlass org/apache/xerces/util/ErrorHandlerWrapper$1
instanceKlass org/apache/xerces/impl/xs/util/XSObjectListImpl$1
instanceKlass org/apache/xerces/impl/xs/opti/NamedNodeMapImpl
instanceKlass org/apache/xerces/impl/xs/identity/IdentityConstraint
instanceKlass org/apache/xerces/impl/xs/traversers/XSDAbstractParticleTraverser$ParticleArray
instanceKlass org/apache/xerces/xs/XSAnnotation
instanceKlass org/apache/xerces/impl/xs/traversers/XSDAbstractTraverser
instanceKlass org/apache/xerces/impl/xs/traversers/Container
instanceKlass org/apache/xerces/impl/xs/traversers/OneAttr
instanceKlass org/apache/xerces/impl/xs/XSAttributeDecl
instanceKlass org/apache/xerces/impl/xs/XSGroupDecl
instanceKlass org/apache/xerces/impl/xs/XSAttributeUseImpl
instanceKlass org/apache/xerces/xs/XSAttributeUse
instanceKlass org/apache/xerces/impl/xs/XSAttributeGroupDecl
instanceKlass org/apache/xerces/impl/xs/XSModelGroupImpl
instanceKlass org/apache/xerces/xs/XSModelGroup
instanceKlass org/apache/xerces/impl/xs/XSWildcardDecl
instanceKlass org/apache/xerces/xs/XSWildcard
instanceKlass org/apache/xerces/xs/XSIDCDefinition
instanceKlass org/apache/xerces/xs/XSAttributeGroupDefinition
instanceKlass org/apache/xerces/xs/XSModelGroupDefinition
instanceKlass org/apache/xerces/xs/XSAttributeDeclaration
instanceKlass org/apache/xerces/xs/XSNotationDeclaration
instanceKlass org/apache/xerces/xs/XSNamedMap
instanceKlass org/apache/xerces/impl/xs/XSComplexTypeDecl
instanceKlass org/apache/xerces/xs/XSComplexTypeDefinition
instanceKlass org/apache/xerces/impl/xs/util/XInt
instanceKlass org/apache/xerces/impl/xs/util/XIntPool
instanceKlass org/apache/xerces/impl/xs/SchemaGrammar
instanceKlass org/apache/xerces/xs/XSNamespaceItem
instanceKlass org/apache/xerces/xni/grammars/XSGrammar
instanceKlass org/apache/xerces/impl/xs/traversers/XSAttributeChecker
instanceKlass org/apache/xerces/impl/xs/traversers/XSDHandler$XSDKey
instanceKlass org/apache/xerces/util/DOMUtil
instanceKlass org/apache/xerces/impl/xs/SchemaSymbols
instanceKlass org/apache/xerces/impl/xs/opti/DefaultNode
instanceKlass org/apache/xerces/impl/ExternalSubsetResolver
instanceKlass org/apache/xerces/impl/xpath/regex/Token
instanceKlass org/apache/xerces/impl/xpath/regex/REUtil
instanceKlass org/apache/xerces/impl/xpath/regex/RegexParser
instanceKlass org/apache/xerces/impl/xpath/regex/Op
instanceKlass org/apache/xerces/impl/xpath/regex/RegularExpression
instanceKlass org/apache/xerces/impl/dv/xs/DecimalDV$XDecimal
instanceKlass org/apache/xerces/xs/datatypes/XSDecimal
instanceKlass org/apache/xerces/impl/dv/ValidatedInfo
instanceKlass org/apache/xerces/xs/XSValue
instanceKlass org/apache/xerces/impl/dv/XSFacets
instanceKlass org/apache/xerces/impl/dv/xs/XSSimpleTypeDecl$4
instanceKlass org/apache/xerces/impl/dv/xs/XSSimpleTypeDecl$1
instanceKlass org/apache/xerces/impl/dv/xs/AbstractDateTimeDV$DateTimeData
instanceKlass org/apache/xerces/xs/datatypes/XSDateTime
instanceKlass org/apache/xerces/impl/dv/xs/TypeValidator$1
instanceKlass org/apache/xerces/impl/dv/xs/TypeValidator
instanceKlass org/apache/xerces/xs/ShortList
instanceKlass org/apache/xerces/xs/StringList
instanceKlass org/apache/xerces/xs/datatypes/ObjectList
instanceKlass org/apache/xerces/xs/XSObjectList
instanceKlass org/apache/xerces/impl/dv/xs/XSSimpleTypeDecl
instanceKlass org/apache/xerces/impl/dv/XSSimpleType
instanceKlass org/apache/xerces/xs/XSSimpleTypeDefinition
instanceKlass org/apache/xerces/impl/dv/SchemaDVFactory
instanceKlass org/apache/xerces/util/XMLGrammarPoolImpl$Entry
instanceKlass org/apache/xerces/util/XMLGrammarPoolImpl
instanceKlass javax/xml/transform/stream/StreamSource
instanceKlass  @bci javax/xml/validation/SchemaFactoryFinder newFactory (Ljava/lang/String;)Ljavax/xml/validation/SchemaFactory; 24 <appendix> member <vmtarget> ; # javax/xml/validation/SchemaFactoryFinder$$Lambda+0x000000080046ddf8
instanceKlass javax/xml/validation/SchemaFactoryFinder$1
instanceKlass org/apache/xerces/jaxp/validation/XMLSchemaFactory$XMLGrammarPoolWrapper
instanceKlass org/apache/xerces/util/DOMEntityResolverWrapper
instanceKlass org/apache/xerces/jaxp/validation/DraconianErrorHandler
instanceKlass org/apache/xerces/impl/xs/opti/SchemaDOMParser$BooleanStack
instanceKlass org/apache/xerces/impl/xs/opti/DefaultXMLDocumentHandler
instanceKlass org/apache/xerces/impl/xs/util/SimpleLocator
instanceKlass org/apache/xerces/util/SymbolHash$Entry
instanceKlass org/apache/xerces/util/SymbolHash
instanceKlass org/apache/xerces/impl/xs/traversers/XSDocumentInfo
instanceKlass org/apache/xerces/impl/xs/XSParticleDecl
instanceKlass org/apache/xerces/xs/XSParticle
instanceKlass org/apache/xerces/impl/xs/traversers/XSDHandler
instanceKlass org/apache/xerces/impl/xs/models/XSEmptyCM
instanceKlass org/apache/xerces/impl/xs/models/XSCMValidator
instanceKlass org/apache/xerces/impl/xs/models/CMBuilder
instanceKlass org/apache/xerces/impl/dtd/models/CMNode
instanceKlass org/apache/xerces/impl/xs/models/CMNodeFactory
instanceKlass org/apache/xerces/impl/xs/SubstitutionGroupHandler$OneSubGroup
instanceKlass org/apache/xerces/impl/xs/XSElementDecl
instanceKlass org/apache/xerces/xs/XSElementDeclaration
instanceKlass org/apache/xerces/xs/XSTerm
instanceKlass org/apache/xerces/impl/xs/SubstitutionGroupHandler
instanceKlass org/apache/xerces/impl/xs/XSGrammarBucket
instanceKlass org/apache/xerces/impl/xs/XSMessageFormatter
instanceKlass org/apache/xerces/util/DefaultErrorHandler
instanceKlass org/apache/xerces/xni/grammars/XMLSchemaDescription
instanceKlass org/apache/xerces/xs/XSModel
instanceKlass org/w3c/dom/DOMStringList
instanceKlass org/apache/xerces/impl/xs/XMLSchemaLoader
instanceKlass org/apache/xerces/xs/XSLoader
instanceKlass org/apache/xerces/impl/xs/XSElementDeclHelper
instanceKlass org/apache/xerces/xni/grammars/XMLGrammarLoader
instanceKlass org/apache/xerces/jaxp/validation/XSGrammarPoolContainer
instanceKlass javax/xml/validation/SchemaFactoryFinder$2
instanceKlass  @bci javax/xml/validation/SchemaFactoryFinder _newFactory (Ljava/lang/String;)Ljavax/xml/validation/SchemaFactory; 56 <appendix> argL0 ; # javax/xml/validation/SchemaFactoryFinder$$Lambda+0x000000080046cf08
instanceKlass  @bci javax/xml/validation/SchemaFactoryFinder _newFactory (Ljava/lang/String;)Ljavax/xml/validation/SchemaFactory; 14 <appendix> member <vmtarget> ; # javax/xml/validation/SchemaFactoryFinder$$Lambda+0x000000080046cce0
instanceKlass javax/xml/validation/SchemaFactoryFinder
instanceKlass javax/xml/validation/SchemaFactory
instanceKlass org/apache/commons/lang3/StringUtils
instanceKlass com/st/microxplorer/mcu/rtos/api/SupportedApi
instanceKlass com/st/microxplorer/mcu/rtos/RtosManager
instanceKlass com/st/microxplorer/plugins/pinoutconfig/PinoutConfigView$2
instanceKlass com/st/microxplorer/plugins/pinoutconfig/PinoutConfigView$1
instanceKlass javax/swing/plaf/basic/BasicButtonUI$KeyHandler
instanceKlass javax/swing/plaf/metal/MetalIconFactory$CheckBoxIcon
instanceKlass javax/swing/plaf/basic/BasicBorders
instanceKlass com/st/microxplorer/plugins/pinoutconfig/PinoutConfigView$4
instanceKlass com/st/microxplorer/plugins/pinoutconfig/PinoutConfigView$3
instanceKlass com/st/microxplorer/plugins/pinoutconfig/PinoutConfigView$12
instanceKlass com/st/microxplorer/plugins/pinoutconfig/PinoutConfigView$11
instanceKlass com/st/microxplorer/plugins/pinoutconfig/PinoutConfigView$10
instanceKlass com/st/microxplorer/plugins/pinoutconfig/PinoutConfigView$9
instanceKlass com/st/microxplorer/plugins/pinoutconfig/PinoutConfigView$8
instanceKlass com/st/microxplorer/plugins/pinoutconfig/PinoutConfigView$7
instanceKlass com/st/microxplorer/plugins/pinoutconfig/PinoutConfigView$6
instanceKlass com/st/microxplorer/plugins/pinoutconfig/PinoutConfigView$5
instanceKlass com/st/microxplorer/plugins/pinoutconfig/gui/PinSearch
instanceKlass com/st/microxplorer/plugins/pinoutconfig/engine/UndoRedoManager$4
instanceKlass com/st/microxplorer/plugins/pinoutconfig/engine/UndoRedoManager$3
instanceKlass com/st/microxplorer/plugins/pinoutconfig/engine/UndoRedoManager
instanceKlass com/st/microxplorer/plugins/pinoutandconfiguration/PinoutAndConfigurationView$23
instanceKlass com/st/microxplorer/plugins/pinoutandconfiguration/PinoutAndConfigurationView$22
instanceKlass com/st/microxplorer/plugins/pinoutandconfiguration/PinoutAndConfigurationView$21
instanceKlass com/st/microxplorer/plugins/pinoutandconfiguration/PinoutAndConfigurationView$20
instanceKlass com/st/microxplorer/plugins/pinoutandconfiguration/PinoutAndConfigurationView$19
instanceKlass com/st/microxplorer/plugins/pinoutandconfiguration/PinoutAndConfigurationView$18
instanceKlass com/st/microxplorer/plugins/pinoutandconfiguration/PinoutAndConfigurationView$17
instanceKlass  @bci org/apache/log4j/Hierarchy getInstance (Lorg/apache/logging/log4j/spi/LoggerContext;Ljava/lang/String;Lorg/apache/log4j/Hierarchy$PrivateLoggerAdapter;)Lorg/apache/log4j/Logger; 8 <appendix> member <vmtarget> ; # org/apache/log4j/Hierarchy$$Lambda+0x00000008004c5ee8
instanceKlass  @bci org/apache/log4j/Hierarchy getLoggersMap (Lorg/apache/logging/log4j/spi/LoggerContext;)Ljava/util/concurrent/ConcurrentMap; 10 <appendix> argL0 ; # org/apache/log4j/Hierarchy$$Lambda+0x00000008004c5ca8
instanceKlass org/apache/log4j/DefaultCategoryFactory
instanceKlass org/apache/log4j/or/DefaultRenderer
instanceKlass org/apache/log4j/or/ObjectRenderer
instanceKlass org/apache/log4j/or/RendererMap
instanceKlass org/apache/log4j/legacy/core/CategoryUtil
instanceKlass org/apache/log4j/spi/NOPLoggerRepository
instanceKlass org/apache/log4j/spi/DefaultRepositorySelector
instanceKlass org/apache/logging/log4j/spi/AbstractLoggerAdapter
instanceKlass org/apache/logging/log4j/spi/LoggerAdapter
instanceKlass org/apache/log4j/spi/LoggerFactory
instanceKlass org/apache/log4j/Hierarchy
instanceKlass org/apache/log4j/spi/ThrowableRendererSupport
instanceKlass org/apache/log4j/spi/RendererSupport
instanceKlass org/apache/log4j/spi/RepositorySelector
instanceKlass org/apache/log4j/spi/LoggerRepository
instanceKlass org/apache/log4j/LogManager
instanceKlass org/apache/log4j/Appender
instanceKlass org/apache/log4j/Priority
instanceKlass org/apache/log4j/Category
instanceKlass org/apache/log4j/spi/AppenderAttachable
instanceKlass com/st/microxplorer/plugins/lpbam/MulticonfigView$10
instanceKlass com/st/microxplorer/plugins/lpbam/MulticonfigView$7
instanceKlass com/st/microxplorer/plugins/lpbam/MulticonfigView$5
instanceKlass com/st/microxplorer/ctxdoc/ICtxDocContext
instanceKlass com/st/microxplorer/plugins/lpbam/LBAMConfigurationManagement
instanceKlass com/st/microxplorer/plugins/lpbam/MulticonfigViewConstant
instanceKlass com/st/microxplorer/plugins/ipmanager/IPPluginView$2
instanceKlass com/st/microxplorer/plugins/ipmanager/IPPluginView$1
instanceKlass com/st/microxplorer/plugins/projectmanager/engine/MainProjectManager$20
instanceKlass com/st/microxplorer/plugins/projectmanager/engine/MainProjectManager$19
instanceKlass com/st/microxplorer/plugins/projectmanager/engine/MainProjectManager$18
instanceKlass com/st/microxplorer/plugins/projectmanager/engine/MainProjectManager$17
instanceKlass com/st/microxplorer/plugins/projectmanager/engine/MainProjectManager$16
instanceKlass com/st/microxplorer/plugins/projectmanager/engine/MainProjectManager$15
instanceKlass com/st/microxplorer/plugins/projectmanager/engine/MainProjectManager$14
instanceKlass com/st/microxplorer/plugins/projectmanager/engine/MainProjectManager$13
instanceKlass com/st/microxplorer/plugins/projectmanager/engine/MainProjectManager$12
instanceKlass com/st/microxplorer/plugins/projectmanager/engine/MainProjectManager$11
instanceKlass com/st/microxplorer/plugins/projectmanager/engine/MainProjectManager$10
instanceKlass com/st/microxplorer/plugins/projectmanager/engine/MainProjectManager$9
instanceKlass com/st/microxplorer/plugins/projectmanager/engine/MainProjectManager$8
instanceKlass com/st/microxplorer/plugins/projectmanager/engine/MainProjectManager$7
instanceKlass com/st/microxplorer/plugins/projectmanager/engine/MainProjectManager$6
instanceKlass com/st/microxplorer/plugins/projectmanager/engine/MainProjectManager$5
instanceKlass com/st/microxplorer/plugins/projectmanager/engine/MainProjectManager$4
instanceKlass  @bci com/st/microxplorer/plugins/projectmanager/engine/MainProjectManager initCommands ()V 70 <appendix> member <vmtarget> ; # com/st/microxplorer/plugins/projectmanager/engine/MainProjectManager$$Lambda+0x00000008004a2848
instanceKlass  @bci com/st/microxplorer/plugins/projectmanager/engine/MainProjectManager initCommands ()V 56 <appendix> member <vmtarget> ; # com/st/microxplorer/plugins/projectmanager/engine/MainProjectManager$$Lambda+0x00000008004a2620
instanceKlass com/st/microxplorer/plugins/projectmanager/engine/MainProjectManager$3
instanceKlass com/st/microxplorer/plugins/projectmanager/engine/MainProjectManager$2
instanceKlass com/st/microxplorer/plugins/projectmanager/engine/MainProjectManager$1
instanceKlass com/st/microxplorer/plugins/projectmanager/engine/ReportBuilder
instanceKlass com/st/microxplorer/util/ThirdPartySwApiManager
instanceKlass org/w3c/dom/traversal/NodeFilter
instanceKlass stm32Families/Families
instanceKlass freemarker/template/ObjectWrapper
instanceKlass com/st/microxplorer/plugins/projectmanager/model/ConfigFileManager
instanceKlass Util/Setting
instanceKlass Util/ISetting
instanceKlass result/Result
instanceKlass result/IResult
instanceKlass com/sun/org/apache/xpath/internal/jaxp/XPathImplUtil
instanceKlass javax/xml/xpath/XPath
instanceKlass  @bci javax/xml/xpath/XPathFactoryFinder newFactory (Ljava/lang/String;)Ljavax/xml/xpath/XPathFactory; 24 <appendix> member <vmtarget> ; # javax/xml/xpath/XPathFactoryFinder$$Lambda+0x000000080046a700
instanceKlass com/sun/org/apache/xerces/internal/utils/XMLSecurityPropertyManager
instanceKlass jdk/xml/internal/XMLSecurityManager
instanceKlass jdk/xml/internal/JdkXmlFeatures
instanceKlass  @bci javax/xml/xpath/XPathFactoryFinder _newFactory (Ljava/lang/String;)Ljavax/xml/xpath/XPathFactory; 154 <appendix> argL0 ; # javax/xml/xpath/XPathFactoryFinder$$Lambda+0x0000000800467a00
instanceKlass javax/xml/xpath/XPathFactoryFinder$2
instanceKlass  @bci javax/xml/xpath/XPathFactoryFinder _newFactory (Ljava/lang/String;)Ljavax/xml/xpath/XPathFactory; 58 <appendix> argL0 ; # javax/xml/xpath/XPathFactoryFinder$$Lambda+0x00000008004675a8
instanceKlass  @bci javax/xml/xpath/XPathFactoryFinder _newFactory (Ljava/lang/String;)Ljavax/xml/xpath/XPathFactory; 16 <appendix> member <vmtarget> ; # javax/xml/xpath/XPathFactoryFinder$$Lambda+0x0000000800467380
instanceKlass javax/xml/xpath/XPathFactoryFinder
instanceKlass  @bci jdk/xml/internal/SecuritySupport getContextClassLoader ()Ljava/lang/ClassLoader; 0 <appendix> argL0 ; # jdk/xml/internal/SecuritySupport$$Lambda+0x0000000800466f40
instanceKlass javax/xml/xpath/XPathFactory
instanceKlass builders/Builder
instanceKlass tool/Tool
instanceKlass stm32Families/DevicesDbFile
instanceKlass Util/Functions
instanceKlass generators/Generator
instanceKlass javax/xml/transform/Result
instanceKlass parsers/Parser
instanceKlass convertor/Convertor
instanceKlass  @bci com/st/microxplorer/plugins/projectmanager/model/ToolchainGenerator <init> (Lcom/st/microxplorer/plugins/projectmanager/model/ProjectSettings;)V 110 <appendix> form vmentry <vmtarget> ; # java/lang/invoke/LambdaForm$MH+0x00000008004a5800
# instanceKlass java/lang/invoke/LambdaForm$MH+0x00000008004a5400
# instanceKlass java/lang/invoke/LambdaForm$MH+0x00000008004a5000
# instanceKlass java/lang/invoke/LambdaForm$MH+0x00000008004a4c00
# instanceKlass java/lang/invoke/LambdaForm$MH+0x00000008004a4800
# instanceKlass java/lang/invoke/LambdaForm$MH+0x00000008004a4400
# instanceKlass java/lang/invoke/LambdaForm$MH+0x00000008004a4000
instanceKlass com/st/microxplorer/plugins/projectmanager/model/ToolchainGenerator
instanceKlass com/st/components/util/ParameterSetting
instanceKlass com/st/microxplorer/plugins/projectmanager/engine/ProjectBuilder$10
instanceKlass com/st/microxplorer/plugins/projectmanager/engine/ProjectBuilder$9
instanceKlass com/st/microxplorer/plugins/projectmanager/engine/ProjectBuilder$8
instanceKlass com/st/microxplorer/plugins/projectmanager/engine/ProjectBuilder$7
instanceKlass com/st/microxplorer/plugins/projectmanager/gui/ProjectChoiceTab$24
instanceKlass com/st/microxplorer/plugins/projectmanager/gui/ProjectChoiceTab$23
instanceKlass com/st/microxplorer/plugins/projectmanager/gui/ProjectChoiceTab$22
instanceKlass com/st/microxplorer/plugins/projectmanager/gui/ProjectChoiceTab$21
instanceKlass com/st/microxplorer/plugins/projectmanager/gui/ProjectChoiceTab$18
instanceKlass com/st/microxplorer/plugins/projectmanager/gui/ProjectChoiceTab$17
instanceKlass com/st/microxplorer/plugins/projectmanager/gui/ProjectChoiceTab$16
instanceKlass com/st/microxplorer/plugins/projectmanager/gui/ProjectChoiceTab$15
instanceKlass com/st/microxplorer/plugins/projectmanager/gui/ProjectChoiceTab$14
instanceKlass com/st/microxplorer/plugins/projectmanager/gui/ProjectChoiceTab$13
instanceKlass com/st/microxplorer/plugins/projectmanager/gui/ProjectChoiceTab$12
instanceKlass com/st/microxplorer/plugins/projectmanager/gui/ProjectChoiceTab$11
instanceKlass com/st/microxplorer/plugins/projectmanager/gui/ProjectChoiceTab$10
instanceKlass com/st/microxplorer/plugins/projectmanager/gui/ProjectChoiceTab$9
instanceKlass com/st/microxplorer/plugins/projectmanager/gui/ProjectChoiceTab$8
instanceKlass com/st/microxplorer/plugins/projectmanager/gui/ProjectChoiceTab$7
instanceKlass com/st/microxplorer/plugins/projectmanager/gui/ProjectChoiceTab$6
instanceKlass com/st/microxplorer/plugins/projectmanager/gui/ProjectChoiceTab$5
instanceKlass com/st/microxplorer/plugins/projectmanager/gui/ProjectChoiceTab$4
instanceKlass javax/swing/event/ListDataListener
instanceKlass javax/swing/ListCellRenderer
instanceKlass javax/swing/ComboBoxModel
instanceKlass javax/swing/ListModel
instanceKlass com/st/microxplorer/plugins/projectmanager/engine/ProjectFilesGenerator
instanceKlass com/st/microxplorer/plugin/IProgressBarMonitor
instanceKlass com/st/microxplorer/plugins/projectmanager/engine/ProjectBuilder
instanceKlass org/jdesktop/swingworker/SwingWorker
instanceKlass com/st/microxplorer/plugins/projectmanager/model/ProjectSettings
instanceKlass javax/swing/event/HyperlinkListener
instanceKlass com/st/microxplorer/plugins/projectmanager/engine/MainProjectManager
instanceKlass com/st/microxplorer/plugins/projectmanager/gui/GuiConstants
instanceKlass com/st/microxplorer/plugins/projectmanager/engine/EngineConstants
instanceKlass com/st/microxplorer/plugins/filemanager/engine/MainFileManager$1
instanceKlass com/st/microxplorer/plugins/filemanager/FileManagerView$1
instanceKlass com/st/microxplorer/plugins/filemanager/engine/MostRecentFilesMenu$2
instanceKlass com/st/microxplorer/plugins/filemanager/engine/MostRecentFilesMenu$1
instanceKlass com/st/microxplorer/plugins/filemanager/engine/MainFileManager
instanceKlass sun/awt/image/GifFrame
instanceKlass  @bci sun/awt/image/ImageWatched$WeakLink update (Ljava/awt/image/ImageObserver;Ljava/security/AccessControlContext;Ljava/awt/Image;IIIII)Z 21 <adapter> ; # java/lang/invoke/LambdaForm$MH+0x0000000800496c00
# instanceKlass java/lang/invoke/LambdaForm$DMH+0x0000000800496800
instanceKlass  @bci sun/awt/image/ImageWatched$WeakLink update (Ljava/awt/image/ImageObserver;Ljava/security/AccessControlContext;Ljava/awt/Image;IIIII)Z 21 <appendix> form vmentry <vmtarget> ; # java/lang/invoke/LambdaForm$DMH+0x0000000800496400
instanceKlass  @bci sun/awt/image/ImageWatched$WeakLink update (Ljava/awt/image/ImageObserver;Ljava/security/AccessControlContext;Ljava/awt/Image;IIIII)Z 21 <appendix> member <vmtarget> ; # sun/awt/image/ImageWatched$WeakLink$$Lambda+0x0000000800461b00
instanceKlass  @cpi sun/awt/image/ImageWatched$WeakLink 112 form vmentry <vmtarget> ; # java/lang/invoke/LambdaForm$DMH+0x0000000800496000
instanceKlass sun/awt/image/ImageDecoder
instanceKlass sun/awt/image/ImageFetcher$1
instanceKlass sun/awt/image/FetcherInfo
instanceKlass sun/awt/image/ImageConsumerQueue
instanceKlass sun/awt/image/ImageWatched$Link
instanceKlass sun/awt/image/ImageWatched
instanceKlass java/awt/image/ImageConsumer
instanceKlass sun/awt/image/InputStreamImageSource
instanceKlass sun/awt/image/ImageFetchable
instanceKlass java/awt/image/ImageProducer
instanceKlass com/st/microxplorer/plugins/filemanager/FileManagerView$11
instanceKlass com/st/microxplorer/plugins/filemanager/FileManagerView$10
instanceKlass com/st/microxplorer/plugins/filemanager/FileManagerView$9
instanceKlass com/st/microxplorer/plugins/filemanager/FileManagerView$8
instanceKlass com/st/microxplorer/plugins/filemanager/FileManagerView$7
instanceKlass com/st/microxplorer/plugins/filemanager/FileManagerView$6
instanceKlass com/st/microxplorer/plugins/filemanager/FileManagerView$5
instanceKlass com/st/microxplorer/plugins/filemanager/FileManagerView$4
instanceKlass com/st/microxplorer/plugins/filemanager/FileManagerView$3
instanceKlass com/st/microxplorer/plugins/filemanager/FileManagerView$2
instanceKlass com/st/microxplorer/plugins/filemanager/engine/EngineConstants
instanceKlass com/st/microxplorer/plugins/ddr/Constants
instanceKlass com/st/components/swing/ActionDoneListener
instanceKlass com/st/microxplorer/plugins/clock/utils/UndoRedoManager
instanceKlass com/st/microxplorer/plugins/clock/ClockConfigurationView$12
instanceKlass com/st/microxplorer/plugins/clock/ClockConfigurationView$11
instanceKlass com/st/microxplorer/plugins/clock/ClockConfigurationView$10
instanceKlass com/st/microxplorer/plugins/clock/ClockConfigurationView$8
instanceKlass com/st/microxplorer/plugins/clock/ClockConfigurationView$7
instanceKlass com/st/microxplorer/plugins/clock/ClockConfigurationView$6
instanceKlass com/st/microxplorer/plugins/clock/ClockConfigurationView$5
instanceKlass com/st/microxplorer/plugins/clock/ClockConfigurationView$4
instanceKlass com/st/microxplorer/plugins/clock/ClockConfigurationView$3
instanceKlass com/lowagie/text/Element
instanceKlass java/util/WeakHashMap$HashIterator
instanceKlass com/st/microxplorer/plugins/cadmodel/CADModel$SaveConfig
instanceKlass  @bci com/st/microxplorer/plugin/PluginManage loadPluginJar (Ljava/lang/Object;ZLjava/io/File;Ljava/lang/String;)V 384 <adapter> ; # java/lang/invoke/LambdaForm$MH+0x000000080048b800
# instanceKlass java/lang/invoke/LambdaForm$DMH+0x000000080048b400
instanceKlass  @bci com/st/microxplorer/plugin/PluginManage loadPluginJar (Ljava/lang/Object;ZLjava/io/File;Ljava/lang/String;)V 384 <appendix> form vmentry <vmtarget> ; # java/lang/invoke/LambdaForm$MH+0x000000080048b000
# instanceKlass java/lang/invoke/LambdaForm$MH+0x000000080048ac00
instanceKlass  @bci com/st/microxplorer/plugin/PluginManage loadPluginJar (Ljava/lang/Object;ZLjava/io/File;Ljava/lang/String;)V 384 <appendix> form names 8 function resolvedHandle form vmentry <vmtarget> ; # java/lang/invoke/LambdaForm$DMH+0x000000080048a800
instanceKlass  @bci com/st/microxplorer/plugin/PluginManage loadPluginJar (Ljava/lang/Object;ZLjava/io/File;Ljava/lang/String;)V 384 <appendix> argL3 form vmentry <vmtarget> ; # java/lang/invoke/LambdaForm$MH+0x000000080048a400
# instanceKlass java/lang/invoke/LambdaForm$MH+0x000000080048a000
# instanceKlass java/lang/invoke/LambdaForm$MH+0x0000000800489c00
# instanceKlass java/lang/invoke/LambdaForm$MH+0x0000000800489800
# instanceKlass java/lang/invoke/LambdaForm$MH+0x0000000800489400
instanceKlass  @bci com/st/microxplorer/plugin/PluginManage loadPluginJar (Ljava/lang/Object;ZLjava/io/File;Ljava/lang/String;)V 384 <appendix> form names 12 function resolvedHandle form vmentry <vmtarget> ; # java/lang/invoke/LambdaForm$DMH+0x0000000800489000
instanceKlass  @bci com/st/microxplorer/plugin/PluginManage loadPluginJar (Ljava/lang/Object;ZLjava/io/File;Ljava/lang/String;)V 384 <appendix> argL1 form vmentry <vmtarget> ; # java/lang/invoke/LambdaForm$MH+0x0000000800488c00
# instanceKlass java/lang/invoke/LambdaForm$MH+0x0000000800488800
# instanceKlass java/lang/invoke/LambdaForm$MH+0x0000000800488400
# instanceKlass java/lang/invoke/LambdaForm$MH+0x0000000800488000
instanceKlass java/lang/Thread$ThreadNumbering
instanceKlass com/st/microxplorer/plugins/analytics/AnalyticsPlugin$1
instanceKlass com/st/library/rawvaluescontainer/RawDataHolder
instanceKlass com/st/library/rawvaluescontainer/RawDataRepository
instanceKlass com/st/library/rawvaluescontainer/DataHolder
instanceKlass com/st/library/analyticscore/initialization/UserProfileFactory
instanceKlass org/joda/time/ReadableInstant
instanceKlass com/st/library/requestcontroller/RequestController
instanceKlass com/st/library/parser/IocParser
instanceKlass com/st/library/parser/ToolValuesFileParser
instanceKlass com/st/library/analyticscore/initialization/ToolParserFactory
instanceKlass com/thoughtworks/xstream/core/SecurityUtils
instanceKlass com/thoughtworks/xstream/io/AttributeNameIterator
instanceKlass com/thoughtworks/xstream/io/path/Path
instanceKlass com/thoughtworks/xstream/mapper/DynamicProxyMapper$DynamicProxy
instanceKlass com/thoughtworks/xstream/core/util/Types
instanceKlass com/thoughtworks/xstream/core/util/PrioritizedList$PrioritizedItemIterator
instanceKlass com/thoughtworks/xstream/core/util/Primitives
instanceKlass com/thoughtworks/xstream/core/util/HierarchicalStreams
instanceKlass com/thoughtworks/xstream/io/ReaderWrapper
instanceKlass com/thoughtworks/xstream/io/path/PathTracker
instanceKlass com/thoughtworks/xstream/core/MapBackedDataHolder
instanceKlass com/thoughtworks/xstream/io/xml/AbstractDocumentReader$Pointer
instanceKlass com/thoughtworks/xstream/core/util/Cloneables
instanceKlass com/thoughtworks/xstream/io/AbstractReader
instanceKlass com/thoughtworks/xstream/io/ExtendedHierarchicalStreamReader
instanceKlass com/thoughtworks/xstream/io/xml/DocumentReader
# instanceKlass java/lang/invoke/LambdaForm$MH+0x000000080043bc00
# instanceKlass java/lang/invoke/LambdaForm$MH+0x000000080043b800
# instanceKlass java/lang/invoke/LambdaForm$MH+0x000000080043b400
# instanceKlass java/lang/invoke/LambdaForm$MH+0x000000080043b000
# instanceKlass java/lang/invoke/LambdaForm$BMH+0x000000080043ac00
# instanceKlass java/lang/invoke/LambdaForm$DMH+0x000000080043a800
# instanceKlass java/lang/invoke/LambdaForm$DMH+0x000000080043a400
instanceKlass javax/xml/validation/Schema
instanceKlass com/st/library/analyticscore/DataVariable
instanceKlass com/st/library/analyticscore/UserSpecification
instanceKlass com/st/library/analyticscore/initialization/UserSpecificationFactory$1
instanceKlass com/st/library/analyticscore/initialization/UserSpecificationFactory
instanceKlass com/st/library/analyticscore/initialization/configuration/ConfigurationParser
instanceKlass com/st/library/analyticscore/initialization/configuration/ConfigurationHolder
instanceKlass com/st/library/analyticscore/initialization/configuration/ConfigurationRetriever
instanceKlass com/st/library/publisher/AdobePublisher
instanceKlass com/st/library/publisher/ProductionPublisher
instanceKlass com/st/library/analyticscore/initialization/PublisherFactory$1
instanceKlass com/st/library/publisher/IPublisher
instanceKlass com/st/library/analyticscore/initialization/PublisherFactory
instanceKlass com/st/library/utils/serverdata/Utilities
instanceKlass com/st/library/layout/AdobeLayout
instanceKlass com/st/library/analyticscore/initialization/DataLayoutFactory$1
instanceKlass com/st/library/layout/IDataLayout
instanceKlass com/st/library/analyticscore/initialization/DataLayoutFactory
instanceKlass com/st/library/analyticscore/AnalyticsContext$1
# instanceKlass java/lang/invoke/LambdaForm$MH+0x000000080043a000
# instanceKlass java/lang/invoke/LambdaForm$MH+0x0000000800439c00
# instanceKlass java/lang/invoke/LambdaForm$MH+0x0000000800439800
# instanceKlass java/lang/invoke/LambdaForm$MH+0x0000000800439400
# instanceKlass java/lang/invoke/LambdaForm$MH+0x0000000800439000
# instanceKlass java/lang/invoke/LambdaForm$MH+0x0000000800438c00
# instanceKlass java/lang/invoke/LambdaForm$MH+0x0000000800438800
# instanceKlass java/lang/invoke/LambdaForm$BMH+0x0000000800438400
# instanceKlass java/lang/invoke/LambdaForm$DMH+0x0000000800438000
# instanceKlass java/lang/invoke/LambdaForm$DMH+0x0000000800433c00
instanceKlass com/st/library/rawvaluescontainer/UserProfile
instanceKlass com/st/library/requestcontroller/LocalSettings
instanceKlass  @bci com/st/library/analyticscore/AnalyticsContext setRamAmounts ()V 48 <appendix> form vmentry <vmtarget> ; # java/lang/invoke/LambdaForm$MH+0x0000000800433800
instanceKlass  @bci com/st/library/analyticscore/AnalyticsContext setRamAmounts ()V 48 <appendix> argL3 form vmentry <vmtarget> ; # java/lang/invoke/LambdaForm$MH+0x0000000800433400
# instanceKlass java/lang/invoke/LambdaForm$MH+0x0000000800433000
# instanceKlass java/lang/invoke/LambdaForm$MH+0x0000000800432c00
# instanceKlass java/lang/invoke/LambdaForm$MH+0x0000000800432800
# instanceKlass java/lang/invoke/LambdaForm$MH+0x0000000800432400
instanceKlass  @bci com/st/library/analyticscore/AnalyticsContext setRamAmounts ()V 48 <appendix> argL1 form vmentry <vmtarget> ; # java/lang/invoke/LambdaForm$MH+0x0000000800432000
# instanceKlass java/lang/invoke/LambdaForm$MH+0x0000000800431c00
# instanceKlass java/lang/invoke/LambdaForm$MH+0x0000000800431800
# instanceKlass java/lang/invoke/LambdaForm$MH+0x0000000800431400
instanceKlass com/thoughtworks/xstream/core/TreeMarshaller
instanceKlass com/thoughtworks/xstream/converters/MarshallingContext
instanceKlass com/thoughtworks/xstream/core/TreeUnmarshaller
instanceKlass com/thoughtworks/xstream/converters/UnmarshallingContext
instanceKlass com/thoughtworks/xstream/core/AbstractTreeMarshallingStrategy
# instanceKlass java/lang/invoke/LambdaForm$MH+0x0000000800431000
# instanceKlass java/lang/invoke/LambdaForm$MH+0x0000000800430c00
instanceKlass com/thoughtworks/xstream/core/util/SelfStreamingInstanceChecker
instanceKlass com/thoughtworks/xstream/converters/extended/OptionalConverter
# instanceKlass java/lang/invoke/LambdaForm$MH+0x0000000800430800
# instanceKlass java/lang/invoke/LambdaForm$MH+0x0000000800430400
# instanceKlass java/lang/invoke/LambdaForm$MH+0x0000000800430000
instanceKlass com/thoughtworks/xstream/converters/time/ZoneIdConverter
instanceKlass java/time/temporal/TemporalQueries$7
instanceKlass java/time/temporal/TemporalQueries$6
instanceKlass java/time/temporal/TemporalQueries$5
instanceKlass java/time/temporal/TemporalQueries$4
instanceKlass java/time/temporal/TemporalQueries$3
instanceKlass java/time/temporal/TemporalQueries$2
instanceKlass java/time/temporal/TemporalQueries$1
instanceKlass java/time/temporal/TemporalQueries
instanceKlass com/thoughtworks/xstream/converters/time/ZonedDateTimeConverter
instanceKlass com/thoughtworks/xstream/converters/time/WeekFieldsConverter
instanceKlass com/thoughtworks/xstream/converters/time/ValueRangeConverter
instanceKlass com/thoughtworks/xstream/converters/time/SystemClockConverter
instanceKlass com/thoughtworks/xstream/converters/time/OffsetTimeConverter
instanceKlass com/thoughtworks/xstream/converters/time/OffsetDateTimeConverter
instanceKlass com/thoughtworks/xstream/converters/time/LocalTimeConverter
instanceKlass com/thoughtworks/xstream/converters/time/LocalDateTimeConverter
instanceKlass  @bci java/time/chrono/HijrahChronology registerCustomChrono ()V 0 <appendix> argL0 ; # java/time/chrono/HijrahChronology$$Lambda+0x0000000800459938
instanceKlass  @bci java/time/chrono/HijrahChronology <clinit> ()V 36 <appendix> argL0 ; # java/time/chrono/HijrahChronology$$Lambda+0x0000000800459718
instanceKlass com/thoughtworks/xstream/converters/time/ChronologyConverter
instanceKlass com/thoughtworks/xstream/converters/extended/AtomicReferenceConverter
instanceKlass com/thoughtworks/xstream/converters/enums/EnumSetConverter
instanceKlass com/thoughtworks/xstream/converters/enums/EnumConverter
instanceKlass javax/xml/datatype/XMLGregorianCalendar
instanceKlass javax/xml/datatype/FactoryFinder$1
instanceKlass  @bci javax/xml/datatype/FactoryFinder find (Ljava/lang/Class;Ljava/lang/String;)Ljava/lang/Object; 6 <appendix> member <vmtarget> ; # javax/xml/datatype/FactoryFinder$$Lambda+0x0000000800458648
instanceKlass javax/xml/datatype/FactoryFinder
instanceKlass com/thoughtworks/xstream/converters/extended/DurationConverter$1
instanceKlass javax/xml/datatype/DatatypeFactory
instanceKlass com/thoughtworks/xstream/converters/extended/RegexPatternConverter
instanceKlass com/thoughtworks/xstream/converters/extended/StackTraceElementFactory
instanceKlass  @bci java/util/regex/Pattern negate (Ljava/util/regex/Pattern$CharPredicate;)Ljava/util/regex/Pattern$CharPredicate; 1 <appendix> member <vmtarget> ; # java/util/regex/Pattern$$Lambda+0x0000000800457cc8
instanceKlass com/thoughtworks/xstream/converters/extended/ThrowableConverter
instanceKlass com/thoughtworks/xstream/converters/extended/GregorianCalendarConverter
instanceKlass com/thoughtworks/xstream/converters/extended/ColorConverter
instanceKlass com/thoughtworks/xstream/converters/extended/FontConverter
instanceKlass com/thoughtworks/xstream/converters/extended/JavaFieldConverter
instanceKlass com/thoughtworks/xstream/converters/extended/JavaMethodConverter
instanceKlass com/thoughtworks/xstream/converters/extended/DynamicProxyConverter
instanceKlass com/thoughtworks/xstream/converters/collections/WeakHashMapConverter
instanceKlass com/thoughtworks/xstream/converters/extended/EncodedByteArrayConverter
instanceKlass com/thoughtworks/xstream/converters/collections/PropertiesConverter
instanceKlass com/thoughtworks/xstream/converters/collections/CharArrayConverter
instanceKlass com/thoughtworks/xstream/converters/collections/AbstractCollectionConverter
instanceKlass com/thoughtworks/xstream/converters/collections/BitSetConverter
instanceKlass com/thoughtworks/xstream/core/util/ThreadSafeSimpleDateFormat$1
instanceKlass com/thoughtworks/xstream/core/util/Pool
instanceKlass com/thoughtworks/xstream/core/util/Pool$Factory
instanceKlass com/thoughtworks/xstream/core/util/ThreadSafeSimpleDateFormat
instanceKlass com/thoughtworks/xstream/core/util/WeakCache$Visitor
instanceKlass com/thoughtworks/xstream/converters/basic/CharConverter
instanceKlass com/thoughtworks/xstream/converters/basic/AbstractSingleValueConverter
instanceKlass com/thoughtworks/xstream/converters/basic/NullConverter
instanceKlass com/thoughtworks/xstream/converters/reflection/ExternalizableConverter
instanceKlass com/thoughtworks/xstream/converters/reflection/ReflectionProviderWrapper
instanceKlass com/thoughtworks/xstream/core/util/PrioritizedList$PrioritizedItem
instanceKlass com/thoughtworks/xstream/core/util/SerializationMembers$NO_METHOD_MARKER
instanceKlass com/thoughtworks/xstream/core/util/SerializationMembers
instanceKlass com/thoughtworks/xstream/converters/reflection/SerializationMethodInvoker
instanceKlass com/thoughtworks/xstream/converters/reflection/AbstractReflectionConverter$FieldMarshaller
instanceKlass com/thoughtworks/xstream/core/util/ArrayIterator
instanceKlass com/thoughtworks/xstream/converters/reflection/ReflectionProvider$Visitor
instanceKlass com/thoughtworks/xstream/converters/reflection/AbstractReflectionConverter
instanceKlass java/lang/invoke/SerializedLambda
instanceKlass javax/xml/datatype/Duration
instanceKlass javax/security/auth/Subject
instanceKlass com/thoughtworks/xstream/security/ExplicitTypePermission$1
instanceKlass com/thoughtworks/xstream/security/ExplicitTypePermission
instanceKlass java/util/OptionalLong
instanceKlass java/util/OptionalInt
instanceKlass java/util/OptionalDouble
instanceKlass java/time/temporal/WeekFields$ComputedDayOfField
instanceKlass java/time/temporal/WeekFields
instanceKlass java/time/chrono/Ser
instanceKlass java/util/Locale$LocaleKey
instanceKlass sun/util/locale/InternalLocaleBuilder$CaseInsensitiveString
instanceKlass sun/util/calendar/Era
instanceKlass java/time/chrono/JapaneseEra
instanceKlass java/time/chrono/Era
instanceKlass java/time/chrono/ChronoLocalDateImpl
instanceKlass java/time/ZonedDateTime
instanceKlass java/time/chrono/ChronoZonedDateTime
instanceKlass java/time/YearMonth
instanceKlass java/time/Year
instanceKlass java/time/Ser
instanceKlass  @bci java/util/regex/Pattern CIRange (II)Ljava/util/regex/Pattern$CharPredicate; 2 <appendix> member <vmtarget> ; # java/util/regex/Pattern$$Lambda+0x0000000800450270
instanceKlass  @bci java/util/regex/Pattern SingleI (II)Ljava/util/regex/Pattern$BmpCharPredicate; 2 <appendix> member <vmtarget> ; # java/util/regex/Pattern$$Lambda+0x000000080044ffe0
instanceKlass java/time/OffsetTime
instanceKlass java/time/OffsetDateTime
instanceKlass  @bci java/time/format/DateTimeFormatter <clinit> ()V 1075 <appendix> argL0 ; # java/time/format/DateTimeFormatter$$Lambda+0x000000080044f810
instanceKlass  @bci java/time/format/DateTimeFormatter <clinit> ()V 1067 <appendix> argL0 ; # java/time/format/DateTimeFormatter$$Lambda+0x000000080044f5f0
instanceKlass java/time/Period
instanceKlass java/time/chrono/ChronoPeriod
instanceKlass java/time/format/DateTimeFormatterBuilder$TextPrinterParser
instanceKlass java/time/format/DateTimeTextProvider$1
instanceKlass java/time/format/DateTimeTextProvider
instanceKlass java/time/format/DateTimeTextProvider$LocaleStore
instanceKlass java/time/format/DateTimeFormatterBuilder$InstantPrinterParser
instanceKlass java/time/format/DateTimeFormatterBuilder$ZoneIdPrinterParser
instanceKlass java/time/format/DateTimeFormatterBuilder$OffsetIdPrinterParser
instanceKlass java/time/format/DecimalStyle
instanceKlass java/time/format/DateTimeFormatter
instanceKlass java/time/format/DateTimeFormatterBuilder$CompositePrinterParser
instanceKlass java/time/format/DateTimeFormatterBuilder$CharLiteralPrinterParser
instanceKlass java/time/format/DateTimeFormatterBuilder$NumberPrinterParser
instanceKlass java/time/format/DateTimeFormatterBuilder$StringLiteralPrinterParser
instanceKlass java/time/format/DateTimeFormatterBuilder$DateTimePrinterParser
instanceKlass java/time/temporal/JulianFields
instanceKlass java/time/temporal/IsoFields
instanceKlass  @bci java/time/format/DateTimeFormatterBuilder <clinit> ()V 0 <appendix> argL0 ; # java/time/format/DateTimeFormatterBuilder$$Lambda+0x0000000800449a00
instanceKlass java/time/temporal/TemporalQuery
instanceKlass java/time/format/DateTimeFormatterBuilder
instanceKlass java/time/MonthDay
instanceKlass java/util/Currency$OtherCurrencyEntry
instanceKlass java/util/Currency$SpecialCaseEntry
instanceKlass java/util/Currency$1
instanceKlass com/thoughtworks/xstream/security/TypeHierarchyPermission
instanceKlass com/thoughtworks/xstream/security/InterfaceTypePermission
instanceKlass com/thoughtworks/xstream/security/ArrayTypePermission
instanceKlass com/thoughtworks/xstream/security/PrimitiveTypePermission
instanceKlass com/thoughtworks/xstream/security/AnyTypePermission
instanceKlass com/thoughtworks/xstream/security/NullPermission
instanceKlass com/thoughtworks/xstream/security/NoTypePermission
# instanceKlass java/lang/invoke/LambdaForm$MH+0x000000080041e800
# instanceKlass java/lang/invoke/LambdaForm$MH+0x000000080041e400
# instanceKlass java/lang/invoke/LambdaForm$DMH+0x000000080041e000
# instanceKlass java/lang/invoke/LambdaForm$DMH+0x000000080041dc00
# instanceKlass java/lang/invoke/LambdaForm$DMH+0x000000080041d800
instanceKlass java/lang/invoke/MethodHandleImpl$ArrayAccessor
instanceKlass java/lang/invoke/MethodHandleImpl$LoopClauses
instanceKlass java/lang/invoke/MethodHandleImpl$CasesHolder
# instanceKlass java/lang/invoke/LambdaForm$MH+0x000000080041d400
# instanceKlass java/lang/invoke/LambdaForm$MH+0x000000080041d000
# instanceKlass java/lang/invoke/LambdaForm$MH+0x000000080041cc00
# instanceKlass java/lang/invoke/LambdaForm$MH+0x000000080041c800
# instanceKlass java/lang/invoke/LambdaForm$MH+0x000000080041c400
# instanceKlass java/lang/invoke/LambdaForm$DMH+0x000000080041c000
instanceKlass com/thoughtworks/xstream/core/util/TypedNull
instanceKlass com/thoughtworks/xstream/converters/SingleValueConverterWrapper
instanceKlass com/thoughtworks/xstream/mapper/AnnotationConfiguration
instanceKlass com/thoughtworks/xstream/mapper/Mapper$Null
instanceKlass com/thoughtworks/xstream/core/util/MemberStore
instanceKlass com/thoughtworks/xstream/core/util/MemberDictionary
instanceKlass com/thoughtworks/xstream/mapper/Mapper$ImplicitCollectionMapping
instanceKlass com/thoughtworks/xstream/mapper/PackageAliasingMapper$1
instanceKlass com/thoughtworks/xstream/XStream$2
instanceKlass com/thoughtworks/xstream/XStream$1
instanceKlass com/thoughtworks/xstream/core/util/PrioritizedList
instanceKlass com/thoughtworks/xstream/core/DefaultConverterLookup
instanceKlass com/thoughtworks/xstream/core/ClassLoaderReference
# instanceKlass java/lang/invoke/LambdaForm$MH+0x0000000800414400
# instanceKlass java/lang/invoke/LambdaForm$MH+0x0000000800414000
instanceKlass java/util/Base64
instanceKlass java/util/Base64$Decoder
instanceKlass java/util/Base64$Encoder
instanceKlass com/thoughtworks/xstream/core/util/Base64JavaUtilCodec
instanceKlass com/thoughtworks/xstream/core/util/FastStack
instanceKlass java/io/ObjectOutputStream$PutField
instanceKlass sun/util/resources/provider/NonBaseLocaleDataMetaInfo
instanceKlass  @bci sun/util/locale/provider/JRELocaleProviderAdapter createSupportedLocaleString (Ljava/lang/String;)Ljava/lang/String; 6 <appendix> member <vmtarget> ; # sun/util/locale/provider/JRELocaleProviderAdapter$$Lambda+0x0000000800446188
instanceKlass sun/util/locale/provider/BaseLocaleDataMetaInfo
instanceKlass java/time/chrono/AbstractChronology
instanceKlass java/time/chrono/Chronology
instanceKlass java/time/LocalDate
instanceKlass java/time/chrono/ChronoLocalDate
instanceKlass java/time/zone/ZoneOffsetTransition
instanceKlass java/time/temporal/ValueRange
instanceKlass java/time/Duration
instanceKlass java/time/temporal/TemporalAmount
instanceKlass java/time/temporal/TemporalUnit
instanceKlass java/time/temporal/TemporalField
instanceKlass java/time/LocalTime
instanceKlass java/time/LocalDateTime
instanceKlass java/time/chrono/ChronoLocalDateTime
instanceKlass java/time/zone/ZoneOffsetTransitionRule
instanceKlass java/time/zone/ZoneRules
instanceKlass java/time/zone/Ser
instanceKlass java/time/zone/ZoneRulesProvider$1
instanceKlass java/time/zone/ZoneRulesProvider
instanceKlass sun/util/cldr/CLDRBaseLocaleDataMetaInfo$TZCanonicalIDMapHolder
instanceKlass  @bci sun/util/locale/provider/LocaleResources getZoneStrings ()[[Ljava/lang/String; 136 <appendix> member <vmtarget> ; # sun/util/locale/provider/LocaleResources$$Lambda+0x00000008003df8f8
instanceKlass  @bci sun/util/locale/provider/LocaleResources getZoneStrings ()[[Ljava/lang/String; 123 <appendix> argL0 ; # sun/util/locale/provider/LocaleResources$$Lambda+0x00000008003df6a8
instanceKlass  @bci sun/util/cldr/CLDRLocaleProviderAdapter getTimeZoneNameProvider ()Ljava/util/spi/TimeZoneNameProvider; 8 <appendix> member <vmtarget> ; # sun/util/cldr/CLDRLocaleProviderAdapter$$Lambda+0x00000008003de3c8
instanceKlass sun/util/locale/provider/TimeZoneNameUtility
instanceKlass java/text/CalendarBuilder
instanceKlass java/text/ParsePosition
instanceKlass com/thoughtworks/xstream/core/util/PresortedSet
instanceKlass com/thoughtworks/xstream/core/util/PresortedMap$1
instanceKlass com/thoughtworks/xstream/core/util/PresortedMap
instanceKlass com/thoughtworks/xstream/core/JVM$1
instanceKlass com/thoughtworks/xstream/converters/reflection/FieldUtil15
instanceKlass com/thoughtworks/xstream/converters/reflection/ImmutableFieldKeySorter
instanceKlass com/thoughtworks/xstream/converters/reflection/FieldDictionary$DictionaryEntry
instanceKlass com/thoughtworks/xstream/converters/reflection/FieldDictionary$FieldUtil
instanceKlass com/thoughtworks/xstream/converters/reflection/FieldKey
instanceKlass com/thoughtworks/xstream/converters/reflection/FieldDictionary
instanceKlass com/thoughtworks/xstream/core/util/DependencyInjectionFactory
instanceKlass com/thoughtworks/xstream/converters/reflection/FieldKeySorter
instanceKlass com/thoughtworks/xstream/converters/reflection/PureJavaReflectionProvider
instanceKlass com/thoughtworks/xstream/converters/reflection/ReflectionProvider
# instanceKlass java/lang/invoke/LambdaForm$MH+0x000000080040c400
# instanceKlass java/lang/invoke/LambdaForm$MH+0x000000080040c000
instanceKlass jdk/internal/vm/annotation/ForceInline
instanceKlass com/thoughtworks/xstream/core/JVM$Test
instanceKlass sun/misc/Unsafe
instanceKlass com/thoughtworks/xstream/core/StringCodec
instanceKlass com/thoughtworks/xstream/core/JVM
instanceKlass com/thoughtworks/xstream/core/Caching
instanceKlass com/thoughtworks/xstream/io/xml/XmlFriendlyNameCoder
instanceKlass com/thoughtworks/xstream/io/HierarchicalStreamReader
instanceKlass com/thoughtworks/xstream/converters/ErrorReporter
instanceKlass com/thoughtworks/xstream/io/HierarchicalStreamWriter
instanceKlass com/thoughtworks/xstream/io/naming/NameCoder
instanceKlass com/thoughtworks/xstream/io/AbstractDriver
instanceKlass com/thoughtworks/xstream/converters/ConverterRegistry
instanceKlass com/thoughtworks/xstream/converters/ConverterLookup
instanceKlass com/thoughtworks/xstream/MarshallingStrategy
instanceKlass com/thoughtworks/xstream/converters/ErrorWriter
instanceKlass java/io/ObjectOutput
instanceKlass com/thoughtworks/xstream/core/util/CustomObjectOutputStream$StreamCallback
instanceKlass com/thoughtworks/xstream/core/util/CustomObjectInputStream$StreamCallback
instanceKlass com/thoughtworks/xstream/converters/SingleValueConverter
instanceKlass com/thoughtworks/xstream/converters/Converter
instanceKlass com/thoughtworks/xstream/converters/ConverterMatcher
instanceKlass com/thoughtworks/xstream/mapper/MapperWrapper
instanceKlass com/thoughtworks/xstream/mapper/DefaultMapper
instanceKlass com/thoughtworks/xstream/mapper/Mapper
instanceKlass com/thoughtworks/xstream/security/TypePermission
instanceKlass com/thoughtworks/xstream/converters/DataHolder
instanceKlass com/thoughtworks/xstream/XStream
instanceKlass com/thoughtworks/xstream/io/HierarchicalStreamDriver
instanceKlass com/st/library/rawvaluescontainer/FilesUtils
instanceKlass com/st/library/analyticscore/AnalyticsContext
instanceKlass com/st/library/dynamicproxy/AnalyticsInvocationHandler
instanceKlass com/st/library/analyticscore/Analytics
instanceKlass com/st/library/builder/AnalyticsBuilder
instanceKlass com/st/library/analyticscore/AnalyticsAPI
instanceKlass java/io/PrintWriter$1
instanceKlass jdk/internal/access/JavaIOPrintWriterAccess
instanceKlass org/apache/commons/io/IOUtils
instanceKlass java/net/URLClassLoader$2
instanceKlass com/st/microxplorer/plugins/analytics/AnalyticsPlugin$3
instanceKlass com/st/microxplorer/userpreference/UserPreferencesMenuTab
instanceKlass  @bci java/io/FilePermissionCollection add (Ljava/security/Permission;)V 68 <appendix> argL0 ; # java/io/FilePermissionCollection$$Lambda+0x00000008003dbe38
instanceKlass java/net/URLClassLoader$1
instanceKlass com/st/microxplorer/plugin/PluginManage$1
instanceKlass com/st/components/util/FilesUtils
instanceKlass com/st/microxplorer/plugin/PluginManage
instanceKlass com/st/microxplorer/maingui/RibbonManager
instanceKlass com/st/microxplorer/maingui/RibbonBar$2
instanceKlass com/st/microxplorer/maingui/RibbonBar$1
instanceKlass jdk/internal/util/ByteArrayLittleEndian
instanceKlass javax/swing/plaf/basic/BasicToolBarUI$Handler
instanceKlass javax/swing/plaf/basic/BasicToolBarUI$DockingListener
instanceKlass javax/swing/plaf/metal/MetalBumps
instanceKlass javax/swing/JToolBar$DefaultToolBarLayout
instanceKlass com/st/microxplorer/maingui/ToolBars$2
instanceKlass com/st/microxplorer/maingui/ToolBars$1
instanceKlass com/st/microxplorer/ctxdoc/db/CtxDocAppliHandler
instanceKlass javax/swing/plaf/basic/BasicProgressBarUI$Handler
instanceKlass javax/swing/JProgressBar$ModelListener
instanceKlass javax/swing/SwingWorker
instanceKlass java/util/concurrent/RunnableFuture
instanceKlass com/st/microxplorer/util/ImportTextPane$PopupListener$2
instanceKlass com/st/microxplorer/util/ImportTextPane$PopupListener$1
instanceKlass javax/swing/plaf/synth/SynthUI
instanceKlass javax/swing/plaf/synth/SynthConstants
instanceKlass javax/swing/text/JTextComponent$DefaultKeymap
instanceKlass javax/swing/text/Keymap
instanceKlass javax/swing/text/TabableView
instanceKlass javax/swing/text/FlowView$FlowStrategy
instanceKlass javax/swing/text/TabExpander
instanceKlass javax/swing/text/DefaultStyledDocument$AbstractChangeHandler
instanceKlass sun/swing/text/UndoableEditLockSupport
instanceKlass javax/swing/event/DocumentEvent$EventType
instanceKlass javax/swing/event/DocumentEvent
instanceKlass javax/swing/undo/AbstractUndoableEdit
instanceKlass javax/swing/undo/UndoableEdit
instanceKlass javax/swing/text/DefaultStyledDocument$ElementBuffer
instanceKlass javax/swing/text/StyleContext$KeyEnumeration
instanceKlass javax/swing/text/GapContent$StickyPosition
instanceKlass javax/swing/text/Position
instanceKlass javax/swing/text/AbstractDocument$1
instanceKlass javax/swing/text/AbstractDocument$AbstractElement
instanceKlass javax/swing/tree/TreeNode
instanceKlass javax/swing/text/Element
instanceKlass javax/swing/text/StyleContext$SmallAttributeSet
instanceKlass javax/swing/text/StyleContext$NamedStyle
instanceKlass javax/swing/text/Style
instanceKlass javax/swing/text/StyleContext$FontKey
instanceKlass javax/swing/text/AttributeSet$ParagraphAttribute
instanceKlass javax/swing/text/AttributeSet$ColorAttribute
instanceKlass javax/swing/text/AttributeSet$FontAttribute
instanceKlass javax/swing/text/AttributeSet$CharacterAttribute
instanceKlass javax/swing/text/StyleConstants
instanceKlass javax/swing/text/StyleContext
instanceKlass javax/swing/text/AbstractDocument$AttributeContext
instanceKlass javax/swing/text/GapVector
instanceKlass javax/swing/text/AbstractDocument$Content
instanceKlass javax/swing/text/AbstractDocument
instanceKlass javax/swing/text/StyledDocument
instanceKlass javax/swing/text/SimpleAttributeSet$EmptyAttributeSet
instanceKlass javax/swing/text/SimpleAttributeSet
instanceKlass javax/swing/text/MutableAttributeSet
instanceKlass javax/swing/text/StyledEditorKit$AttributeTracker
instanceKlass javax/swing/event/CaretListener
instanceKlass javax/swing/text/StyledEditorKit$StyledViewFactory
instanceKlass javax/swing/text/DefaultHighlighter$SafeDamager
instanceKlass javax/swing/text/LayeredHighlighter$LayerPainter
instanceKlass javax/swing/text/Highlighter$HighlightPainter
instanceKlass javax/swing/text/Highlighter$Highlight
instanceKlass javax/swing/text/LayeredHighlighter
instanceKlass javax/swing/text/Highlighter
instanceKlass javax/swing/text/Document
instanceKlass javax/swing/text/DefaultCaret$Handler
instanceKlass java/awt/datatransfer/ClipboardOwner
instanceKlass javax/swing/text/Caret
instanceKlass javax/swing/plaf/basic/BasicTextUI$UpdateHandler
instanceKlass javax/swing/event/DocumentListener
instanceKlass javax/swing/text/View
instanceKlass javax/swing/text/Position$Bias
instanceKlass javax/swing/AbstractAction
instanceKlass javax/swing/text/ViewFactory
instanceKlass com/sun/beans/util/Cache$CacheEntry
instanceKlass com/sun/beans/util/Cache
instanceKlass javax/swing/text/JTextComponent$1
instanceKlass sun/swing/SwingAccessor$JTextComponentAccessor
instanceKlass javax/swing/text/AttributeSet
instanceKlass javax/accessibility/AccessibleRelationSet
instanceKlass javax/accessibility/AccessibleContext$1
instanceKlass sun/awt/AWTAccessor$AccessibleContextAccessor
instanceKlass javax/accessibility/AccessibleContext
instanceKlass javax/accessibility/AccessibleValue
instanceKlass javax/accessibility/AccessibleComponent
instanceKlass javax/swing/plaf/metal/MetalScrollPaneUI$1
instanceKlass javax/swing/plaf/basic/BasicScrollPaneUI$Handler
instanceKlass java/awt/event/ComponentAdapter
instanceKlass javax/swing/plaf/basic/BasicScrollBarUI$ScrollListener
instanceKlass javax/swing/plaf/basic/BasicScrollBarUI$Handler
instanceKlass javax/swing/plaf/basic/BasicScrollBarUI$ModelListener
instanceKlass java/beans/VetoableChangeListener
instanceKlass javax/swing/event/AncestorListener
instanceKlass javax/swing/plaf/basic/BasicButtonListener
instanceKlass javax/swing/plaf/metal/MetalBorders
instanceKlass javax/swing/DefaultBoundedRangeModel
instanceKlass javax/swing/BoundedRangeModel
instanceKlass javax/swing/JScrollBar$ModelListener
instanceKlass java/awt/Adjustable
instanceKlass javax/swing/ViewportLayout
instanceKlass javax/swing/ScrollPaneLayout
instanceKlass com/st/microxplorer/maingui/McuScanResultList$3
instanceKlass com/st/microxplorer/maingui/McuScanResultList$2
instanceKlass javax/swing/JTable$SortManager
instanceKlass javax/swing/DefaultRowSorter$ModelWrapper
instanceKlass javax/swing/table/TableRowSorter$ComparableComparator
instanceKlass javax/swing/RowSorter
instanceKlass javax/swing/table/TableColumn
instanceKlass javax/swing/plaf/basic/BasicTableUI$Handler
instanceKlass javax/swing/plaf/basic/DragRecognitionSupport$BeforeDrag
instanceKlass javax/swing/TransferHandler$TransferSupport
instanceKlass javax/swing/TransferHandler$DropHandler
instanceKlass java/awt/datatransfer/SystemFlavorMap$SoftCache
instanceKlass  @bci java/awt/datatransfer/SystemFlavorMap getDefaultFlavorMap ()Ljava/awt/datatransfer/FlavorMap; 3 <appendix> argL0 ; # java/awt/datatransfer/SystemFlavorMap$$Lambda+0x000000080033a200
instanceKlass java/awt/datatransfer/DataFlavor
instanceKlass java/io/Externalizable
instanceKlass sun/awt/datatransfer/DesktopDatatransferServiceImpl
instanceKlass sun/datatransfer/DataFlavorUtil$DefaultDesktopDatatransferService
instanceKlass sun/datatransfer/DesktopDatatransferService
instanceKlass sun/datatransfer/DataFlavorUtil
instanceKlass java/awt/datatransfer/SystemFlavorMap
instanceKlass java/awt/datatransfer/FlavorTable
instanceKlass java/awt/datatransfer/FlavorMap
instanceKlass java/awt/dnd/DropTargetContext$1
instanceKlass sun/awt/AWTAccessor$DropTargetContextAccessor
instanceKlass java/awt/dnd/DropTargetContext
instanceKlass java/awt/dnd/DropTarget
instanceKlass java/awt/dnd/DropTargetListener
instanceKlass javax/swing/ClientPropertyKey$1
instanceKlass sun/awt/AWTAccessor$ClientPropertyKeyAccessor
instanceKlass sun/swing/UIAction
instanceKlass javax/swing/Action
instanceKlass javax/swing/TransferHandler
instanceKlass javax/swing/AbstractCellEditor
instanceKlass javax/swing/tree/TreeCellEditor
instanceKlass javax/swing/table/TableCellEditor
instanceKlass javax/swing/CellEditor
instanceKlass javax/swing/plaf/basic/BasicTableHeaderUI$MouseInputHandler
instanceKlass javax/swing/plaf/basic/BasicTableHeaderUI$1
instanceKlass sun/swing/table/DefaultTableCellHeaderRenderer$EmptyIcon
instanceKlass  @bci javax/swing/JTable createDefaultEditors ()V 53 <appendix> argL0 ; # javax/swing/JTable$$Lambda+0x00000008003309a0
instanceKlass  @bci javax/swing/JTable createDefaultEditors ()V 37 <appendix> argL0 ; # javax/swing/JTable$$Lambda+0x0000000800330780
instanceKlass  @bci javax/swing/JTable createDefaultEditors ()V 22 <appendix> argL0 ; # javax/swing/JTable$$Lambda+0x0000000800330560
instanceKlass  @bci javax/swing/JTable createDefaultRenderers ()V 134 <appendix> argL0 ; # javax/swing/JTable$$Lambda+0x0000000800330340
instanceKlass  @bci javax/swing/JTable createDefaultRenderers ()V 118 <appendix> argL0 ; # javax/swing/JTable$$Lambda+0x0000000800330120
instanceKlass  @bci javax/swing/JTable createDefaultRenderers ()V 102 <appendix> argL0 ; # javax/swing/JTable$$Lambda+0x000000080032ff00
instanceKlass  @bci javax/swing/JTable createDefaultRenderers ()V 86 <appendix> argL0 ; # javax/swing/JTable$$Lambda+0x000000080032fce0
instanceKlass  @bci javax/swing/JTable createDefaultRenderers ()V 70 <appendix> argL0 ; # javax/swing/JTable$$Lambda+0x000000080032fac0
instanceKlass  @bci javax/swing/JTable createDefaultRenderers ()V 54 <appendix> argL0 ; # javax/swing/JTable$$Lambda+0x000000080032f8a0
instanceKlass  @bci javax/swing/JTable createDefaultRenderers ()V 38 <appendix> argL0 ; # javax/swing/JTable$$Lambda+0x000000080032f680
instanceKlass  @bci javax/swing/JTable createDefaultRenderers ()V 23 <appendix> argL0 ; # javax/swing/JTable$$Lambda+0x000000080032f460
instanceKlass javax/swing/table/AbstractTableModel
instanceKlass javax/swing/DefaultListSelectionModel
instanceKlass javax/swing/ListSelectionModel
instanceKlass javax/swing/table/DefaultTableColumnModel
instanceKlass javax/swing/table/TableColumnModel
instanceKlass javax/swing/table/TableCellRenderer
instanceKlass javax/swing/table/TableModel
instanceKlass javax/swing/plaf/basic/BasicTabbedPaneUI$Handler
instanceKlass javax/swing/plaf/basic/BasicTabbedPaneUI$TabbedPaneLayout
# instanceKlass java/lang/invoke/LambdaForm$MH+0x00000008003c8000
# instanceKlass java/lang/invoke/LambdaForm$MH+0x00000008003c2400
instanceKlass sun/reflect/misc/Trampoline
instanceKlass sun/reflect/misc/MethodUtil$1
instanceKlass javax/swing/JTabbedPane$ModelListener
instanceKlass javax/swing/ScrollPaneConstants
instanceKlass javax/swing/KeyboardManager$ComponentKeyStrokePair
instanceKlass com/st/microxplorer/maingui/SidekickSupport
instanceKlass com/st/microxplorer/maingui/SidekickConfigSupport
instanceKlass  @bci com/st/microxplorer/mxsystem/MxSystem removePropertyChangeListener (Ljava/beans/PropertyChangeListener;)V 56 <adapter> ; # java/lang/invoke/LambdaForm$MH+0x00000008003c2000
# instanceKlass java/lang/invoke/LambdaForm$DMH+0x00000008003c1c00
instanceKlass  @bci com/st/microxplorer/mxsystem/MxSystem removePropertyChangeListener (Ljava/beans/PropertyChangeListener;)V 56 <appendix> form vmentry <vmtarget> ; # java/lang/invoke/LambdaForm$MH+0x00000008003c1800
# instanceKlass java/lang/invoke/LambdaForm$MH+0x00000008003c1400
# instanceKlass java/lang/invoke/LambdaForm$MH+0x00000008003c1000
# instanceKlass java/lang/invoke/LambdaForm$MH+0x00000008003c0c00
# instanceKlass java/lang/invoke/LambdaForm$MH+0x00000008003c0800
# instanceKlass java/lang/invoke/LambdaForm$MH+0x00000008003c0400
# instanceKlass java/lang/invoke/LambdaForm$MH+0x00000008003c0000
instanceKlass java/lang/StackTraceElement$HashedModules
instanceKlass com/fasterxml/jackson/annotation/JacksonAnnotation
instanceKlass com/fasterxml/jackson/databind/annotation/JacksonStdImpl
instanceKlass com/fasterxml/jackson/databind/deser/ContextualKeyDeserializer
instanceKlass com/fasterxml/jackson/databind/util/LinkedNode
instanceKlass com/fasterxml/jackson/annotation/JsonIncludeProperties$Value
instanceKlass com/fasterxml/jackson/annotation/JsonIncludeProperties
instanceKlass com/fasterxml/jackson/databind/util/IgnorePropertiesUtil
instanceKlass com/fasterxml/jackson/annotation/JsonIgnoreProperties$Value
instanceKlass com/fasterxml/jackson/annotation/JsonIgnoreProperties
instanceKlass com/fasterxml/jackson/databind/deser/impl/NullsConstantProvider
instanceKlass com/fasterxml/jackson/core/JsonLocation
instanceKlass com/fasterxml/jackson/databind/deser/ValueInstantiator
instanceKlass com/fasterxml/jackson/databind/deser/impl/JDKValueInstantiators
instanceKlass com/fasterxml/jackson/databind/annotation/JsonValueInstantiator
instanceKlass com/fasterxml/jackson/databind/deser/BasicDeserializerFactory$ContainerDefaultMappings
instanceKlass com/fasterxml/jackson/databind/util/ArrayIterator
instanceKlass com/fasterxml/jackson/databind/annotation/JsonTypeResolver
instanceKlass com/fasterxml/jackson/core/util/JacksonFeatureSet
instanceKlass com/fasterxml/jackson/core/JsonStreamContext
instanceKlass com/fasterxml/jackson/core/util/TextBuffer
instanceKlass com/fasterxml/jackson/core/io/IOContext
instanceKlass com/fasterxml/jackson/core/util/BufferRecycler
instanceKlass com/fasterxml/jackson/core/util/BufferRecyclers
instanceKlass com/fasterxml/jackson/core/io/ContentReference
instanceKlass com/fasterxml/jackson/databind/util/internal/PrivateMaxEntriesMap$AddTask
instanceKlass com/fasterxml/jackson/databind/util/internal/PrivateMaxEntriesMap$WeightedValue
instanceKlass com/fasterxml/jackson/databind/type/ClassStack
instanceKlass com/fasterxml/jackson/databind/type/TypeBindings$AsKey
instanceKlass com/fasterxml/jackson/databind/type/TypeBindings$TypeParamStash
instanceKlass com/fasterxml/jackson/databind/ser/BeanSerializerModifier
instanceKlass com/fasterxml/jackson/databind/ser/Serializers
instanceKlass com/fasterxml/jackson/databind/cfg/SerializerFactoryConfig
instanceKlass java/util/Currency
instanceKlass com/fasterxml/jackson/databind/ser/std/StdJdkSerializers
instanceKlass com/fasterxml/jackson/databind/ser/std/NumberSerializers
instanceKlass com/fasterxml/jackson/databind/deser/DeserializerCache
instanceKlass com/fasterxml/jackson/databind/KeyDeserializer
instanceKlass com/fasterxml/jackson/databind/deser/std/StdKeyDeserializers
instanceKlass com/fasterxml/jackson/databind/deser/KeyDeserializers
instanceKlass com/fasterxml/jackson/databind/deser/ValueInstantiators
instanceKlass com/fasterxml/jackson/databind/AbstractTypeResolver
instanceKlass com/fasterxml/jackson/databind/deser/BeanDeserializerModifier
instanceKlass com/fasterxml/jackson/databind/cfg/DeserializerFactoryConfig
instanceKlass com/fasterxml/jackson/databind/PropertyName
instanceKlass com/fasterxml/jackson/databind/deser/Deserializers
instanceKlass com/fasterxml/jackson/annotation/ObjectIdGenerator
instanceKlass com/fasterxml/jackson/databind/deser/ResolvableDeserializer
instanceKlass com/fasterxml/jackson/databind/deser/ValueInstantiator$Gettable
instanceKlass com/fasterxml/jackson/databind/deser/ContextualDeserializer
instanceKlass com/fasterxml/jackson/databind/JsonDeserializer
instanceKlass com/fasterxml/jackson/databind/deser/NullValueProvider
instanceKlass com/fasterxml/jackson/databind/ser/SerializerCache
instanceKlass com/fasterxml/jackson/databind/ser/ResolvableSerializer
instanceKlass com/fasterxml/jackson/databind/ser/ContextualSerializer
instanceKlass com/fasterxml/jackson/databind/jsonschema/SchemaAware
instanceKlass com/fasterxml/jackson/databind/JsonSerializer
instanceKlass com/fasterxml/jackson/databind/jsonFormatVisitors/JsonFormatVisitable
instanceKlass com/fasterxml/jackson/databind/node/JsonNodeFactory
instanceKlass com/fasterxml/jackson/databind/node/JsonNodeCreator
instanceKlass com/fasterxml/jackson/databind/cfg/ContextAttributes
instanceKlass com/fasterxml/jackson/databind/cfg/DatatypeFeature
instanceKlass com/fasterxml/jackson/databind/cfg/DatatypeFeatures$DefaultHolder
instanceKlass com/fasterxml/jackson/databind/cfg/DatatypeFeatures
instanceKlass com/fasterxml/jackson/core/util/DefaultPrettyPrinter$NopIndenter
instanceKlass com/fasterxml/jackson/core/util/Separators
instanceKlass com/fasterxml/jackson/core/util/DefaultPrettyPrinter$Indenter
instanceKlass com/fasterxml/jackson/core/util/DefaultPrettyPrinter
instanceKlass com/fasterxml/jackson/core/util/Instantiatable
instanceKlass com/fasterxml/jackson/databind/cfg/ConfigFeature
instanceKlass com/fasterxml/jackson/databind/cfg/ConfigOverride
instanceKlass com/fasterxml/jackson/annotation/JsonFormat$Features
instanceKlass com/fasterxml/jackson/annotation/JsonFormat$Value
instanceKlass com/fasterxml/jackson/core/PrettyPrinter
instanceKlass com/fasterxml/jackson/databind/cfg/CoercionConfig
instanceKlass com/fasterxml/jackson/databind/cfg/CoercionConfigs
instanceKlass com/fasterxml/jackson/databind/introspect/VisibilityChecker$Std
instanceKlass com/fasterxml/jackson/annotation/JsonSetter$Value
instanceKlass com/fasterxml/jackson/annotation/JsonInclude$Value
instanceKlass com/fasterxml/jackson/annotation/JacksonAnnotationValue
instanceKlass com/fasterxml/jackson/databind/cfg/ConfigOverrides
instanceKlass com/fasterxml/jackson/databind/introspect/AnnotatedClass$Creators
instanceKlass com/fasterxml/jackson/databind/introspect/AnnotationCollector$NoAnnotations
instanceKlass com/fasterxml/jackson/databind/util/Annotations
instanceKlass com/fasterxml/jackson/databind/introspect/AnnotationCollector
instanceKlass com/fasterxml/jackson/databind/introspect/AnnotatedClassResolver
instanceKlass com/fasterxml/jackson/databind/cfg/MapperConfig
instanceKlass com/fasterxml/jackson/databind/BeanDescription
instanceKlass com/fasterxml/jackson/databind/introspect/SimpleMixInResolver
instanceKlass com/fasterxml/jackson/databind/introspect/ClassIntrospector$MixInResolver
instanceKlass com/fasterxml/jackson/databind/util/RootNameLookup
instanceKlass com/fasterxml/jackson/core/sym/CharsToNameCanonicalizer$Bucket
instanceKlass com/fasterxml/jackson/core/sym/CharsToNameCanonicalizer$TableInfo
instanceKlass com/fasterxml/jackson/core/sym/CharsToNameCanonicalizer
instanceKlass com/fasterxml/jackson/core/ErrorReportConfiguration
instanceKlass com/fasterxml/jackson/core/StreamWriteConstraints
instanceKlass com/fasterxml/jackson/core/StreamReadConstraints
instanceKlass com/fasterxml/jackson/core/util/RecyclerPool$WithPool
instanceKlass com/fasterxml/jackson/core/util/RecyclerPool$ThreadLocalPoolBase
instanceKlass com/fasterxml/jackson/core/util/RecyclerPool
instanceKlass com/fasterxml/jackson/core/util/JsonRecyclerPools
instanceKlass com/fasterxml/jackson/core/sym/ByteQuadsCanonicalizer$TableInfo
instanceKlass com/fasterxml/jackson/core/sym/ByteQuadsCanonicalizer
instanceKlass com/fasterxml/jackson/core/io/CharTypes
instanceKlass com/fasterxml/jackson/core/io/JsonStringEncoder
instanceKlass com/fasterxml/jackson/core/io/SerializedString
instanceKlass com/fasterxml/jackson/core/util/JacksonFeature
instanceKlass com/fasterxml/jackson/core/async/ByteBufferFeeder
instanceKlass com/fasterxml/jackson/core/async/ByteArrayFeeder
instanceKlass com/fasterxml/jackson/core/async/NonBlockingInputFeeder
instanceKlass com/fasterxml/jackson/core/TSFBuilder
instanceKlass com/fasterxml/jackson/core/SerializableString
instanceKlass com/fasterxml/jackson/databind/cfg/DefaultCacheProvider
instanceKlass com/fasterxml/jackson/databind/cfg/CacheProvider
instanceKlass com/fasterxml/jackson/databind/introspect/AccessorNamingStrategy
instanceKlass com/fasterxml/jackson/core/Base64Variant
instanceKlass com/fasterxml/jackson/core/Base64Variants
instanceKlass com/fasterxml/jackson/databind/type/TypeBindings
instanceKlass com/fasterxml/jackson/databind/type/TypeParser
instanceKlass com/fasterxml/jackson/databind/type/TypeFactory
instanceKlass com/fasterxml/jackson/databind/cfg/BaseSettings
instanceKlass java/util/concurrent/atomic/AtomicReferenceArray
instanceKlass java/util/concurrent/atomic/AtomicLongArray
instanceKlass com/fasterxml/jackson/databind/util/internal/Linked
instanceKlass com/fasterxml/jackson/databind/util/internal/PrivateMaxEntriesMap$Builder
instanceKlass com/fasterxml/jackson/databind/util/LRUMap
instanceKlass com/fasterxml/jackson/databind/util/LookupCache
instanceKlass java/beans/ConstructorProperties
instanceKlass java/beans/Transient
instanceKlass com/fasterxml/jackson/databind/util/ClassUtil$Ctor
instanceKlass com/fasterxml/jackson/databind/util/ClassUtil
instanceKlass com/fasterxml/jackson/databind/ext/Java7Support
instanceKlass com/fasterxml/jackson/annotation/JsonMerge
instanceKlass com/fasterxml/jackson/databind/annotation/JsonDeserialize
instanceKlass com/fasterxml/jackson/annotation/JsonManagedReference
instanceKlass com/fasterxml/jackson/annotation/JsonBackReference
instanceKlass com/fasterxml/jackson/annotation/JsonUnwrapped
instanceKlass com/fasterxml/jackson/annotation/JsonRawValue
instanceKlass com/fasterxml/jackson/annotation/JsonTypeInfo
instanceKlass com/fasterxml/jackson/annotation/JsonFormat
instanceKlass com/fasterxml/jackson/annotation/JsonView
instanceKlass com/fasterxml/jackson/databind/annotation/JsonSerialize
instanceKlass com/fasterxml/jackson/databind/introspect/ConcreteBeanPropertyBase
instanceKlass com/fasterxml/jackson/databind/BeanProperty
instanceKlass com/fasterxml/jackson/databind/introspect/BeanPropertyDefinition
instanceKlass com/fasterxml/jackson/databind/util/Named
instanceKlass com/fasterxml/jackson/databind/introspect/TypeResolutionContext
instanceKlass com/fasterxml/jackson/databind/introspect/Annotated
instanceKlass com/fasterxml/jackson/databind/jsontype/TypeResolverBuilder
instanceKlass com/fasterxml/jackson/core/util/BufferRecycler$Gettable
instanceKlass com/fasterxml/jackson/core/type/ResolvedType
instanceKlass com/fasterxml/jackson/databind/Module$SetupContext
instanceKlass com/fasterxml/jackson/databind/introspect/ClassIntrospector
instanceKlass com/fasterxml/jackson/databind/introspect/VisibilityChecker
instanceKlass com/fasterxml/jackson/core/JsonGenerator
instanceKlass com/fasterxml/jackson/databind/jsontype/PolymorphicTypeValidator
instanceKlass com/fasterxml/jackson/databind/introspect/AccessorNamingStrategy$Provider
instanceKlass com/fasterxml/jackson/databind/AnnotationIntrospector
instanceKlass com/fasterxml/jackson/databind/ser/SerializerFactory
instanceKlass com/fasterxml/jackson/databind/deser/DeserializerFactory
instanceKlass com/fasterxml/jackson/databind/jsontype/SubtypeResolver
instanceKlass com/fasterxml/jackson/core/TokenStreamFactory
instanceKlass com/fasterxml/jackson/databind/DatabindContext
instanceKlass com/fasterxml/jackson/core/type/TypeReference
instanceKlass com/st/microxplorer/maingui/ApiConfigSupport
instanceKlass com/st/microxplorer/maingui/HelpConfigSupport
instanceKlass java/awt/event/KeyAdapter
instanceKlass java/awt/event/MouseMotionAdapter
instanceKlass javax/swing/ToolTipManager$stillInsideTimerAction
instanceKlass javax/swing/ToolTipManager$outsideTimerAction
instanceKlass javax/swing/Timer$DoPostEvent
instanceKlass javax/swing/ToolTipManager$insideTimerAction
instanceKlass javax/swing/Timer
instanceKlass java/awt/event/MouseAdapter
instanceKlass javax/swing/ButtonGroup
instanceKlass java/awt/event/WindowAdapter
instanceKlass java/awt/event/FocusAdapter
instanceKlass javax/swing/plaf/basic/BasicPopupMenuUI$MenuKeyboardHelper
instanceKlass javax/swing/plaf/basic/BasicPopupMenuUI$MouseGrabber
instanceKlass javax/swing/plaf/basic/BasicPopupMenuUI$BasicMenuKeyListener
instanceKlass javax/swing/plaf/basic/BasicPopupMenuUI$BasicPopupMenuListener
instanceKlass javax/swing/event/PopupMenuListener
instanceKlass javax/swing/plaf/basic/BasicLookAndFeel$1
instanceKlass java/awt/Toolkit$SelectiveAWTEventListener
instanceKlass javax/swing/plaf/basic/BasicLookAndFeel$AWTEventHelper
instanceKlass com/st/microxplorer/maingui/MenuBar$OutputTabMenuItem$1
instanceKlass javax/swing/plaf/metal/MetalIconFactory$MenuItemArrowIcon
instanceKlass javax/swing/MenuSelectionManager
instanceKlass javax/swing/plaf/basic/BasicMenuItemUI$Handler
instanceKlass javax/swing/event/MouseInputListener
instanceKlass javax/swing/event/MenuDragMouseListener
instanceKlass javax/swing/event/MenuKeyListener
instanceKlass sun/swing/MenuItemLayoutHelper
instanceKlass javax/swing/plaf/basic/BasicGraphicsUtils
instanceKlass javax/swing/plaf/metal/MetalIconFactory$MenuArrowIcon
instanceKlass javax/swing/plaf/metal/MetalIconFactory
instanceKlass javax/swing/JMenuItem$MenuItemFocusListener
instanceKlass javax/swing/JMenu$MenuChangeListener
instanceKlass javax/swing/AbstractButton$Handler
instanceKlass javax/swing/DefaultButtonModel
instanceKlass javax/swing/ButtonModel
instanceKlass com/st/microxplorer/maingui/MenuBar$8
instanceKlass javax/swing/filechooser/FileFilter
instanceKlass javax/swing/filechooser/FileView
instanceKlass com/st/microxplorer/maingui/MenuBar$7
instanceKlass com/st/microxplorer/maingui/MenuBar$6
instanceKlass com/st/microxplorer/maingui/MenuBar$5
instanceKlass com/st/microxplorer/maingui/MenuBar$4
instanceKlass com/st/microxplorer/maingui/MenuBar$3
instanceKlass com/st/microxplorer/maingui/MenuBar$2
instanceKlass com/st/microxplorer/maingui/MenuBar$1
instanceKlass javax/swing/KeyboardManager
instanceKlass javax/swing/plaf/basic/BasicMenuBarUI$Handler
instanceKlass javax/swing/BoxLayout
instanceKlass javax/swing/DefaultSingleSelectionModel
instanceKlass javax/swing/SingleSelectionModel
instanceKlass com/st/microxplorer/plugin/IPluginWinMgrActions
instanceKlass javax/swing/event/MenuListener
instanceKlass com/st/microxplorer/util/MXGuiUtils
instanceKlass com/sun/jna/WeakMemoryHolder
instanceKlass com/sun/jna/NativeString
instanceKlass com/sun/jna/platform/win32/Shell32
instanceKlass com/sun/jna/platform/win32/ShellAPI
instanceKlass com/sun/jna/Function$PostCallRead
instanceKlass com/sun/jna/Klass
instanceKlass com/sun/jna/NativeMappedConverter
instanceKlass com/sun/jna/Library$Handler$FunctionInfo
instanceKlass com/sun/jna/VarArgsChecker
# instanceKlass java/lang/invoke/LambdaForm$MH+0x000000080035c000
instanceKlass java/lang/foreign/ValueLayout
instanceKlass java/lang/foreign/MemoryLayout
instanceKlass java/lang/reflect/AnnotatedType
instanceKlass com/sun/jna/internal/ReflectionUtils
instanceKlass com/sun/jna/platform/win32/COM/IUnknown
instanceKlass com/sun/jna/NativeLibrary
instanceKlass com/sun/jna/Library$Handler
instanceKlass com/sun/jna/Native$2
instanceKlass com/sun/jna/Structure$FFIType$FFITypes
instanceKlass com/sun/jna/Native$ffi_callback
instanceKlass com/sun/jna/JNIEnv
instanceKlass com/sun/jna/PointerType
instanceKlass com/sun/jna/NativeMapped
instanceKlass com/sun/jna/WString
instanceKlass com/sun/jna/CallbackProxy
instanceKlass com/sun/jna/Callback
instanceKlass com/sun/jna/Structure$ByValue
instanceKlass com/sun/jna/ToNativeContext
instanceKlass com/sun/jna/Structure
instanceKlass com/sun/jna/Pointer
instanceKlass java/io/FileOutputStream$1
instanceKlass java/io/DeleteOnExitHook$1
instanceKlass java/io/DeleteOnExitHook
instanceKlass java/io/File$TempDirectory
instanceKlass com/sun/jna/Native$5
instanceKlass com/sun/jna/Platform
instanceKlass com/sun/jna/Native$1
instanceKlass java/util/logging/Logger$SystemLoggerHelper$1
instanceKlass java/util/logging/Logger$SystemLoggerHelper
instanceKlass com/sun/jna/FromNativeContext
instanceKlass com/sun/jna/Callback$UncaughtExceptionHandler
instanceKlass com/sun/jna/Native
instanceKlass com/sun/jna/Version
instanceKlass com/sun/jna/win32/W32APIFunctionMapper
instanceKlass com/sun/jna/win32/W32APITypeMapper$2
instanceKlass com/sun/jna/DefaultTypeMapper$Entry
instanceKlass com/sun/jna/win32/W32APITypeMapper$1
instanceKlass com/sun/jna/TypeConverter
instanceKlass com/sun/jna/ToNativeConverter
instanceKlass com/sun/jna/FromNativeConverter
instanceKlass com/sun/jna/DefaultTypeMapper
instanceKlass com/sun/jna/TypeMapper
instanceKlass com/sun/jna/win32/W32APIOptions
instanceKlass com/sun/jna/FunctionMapper
instanceKlass com/sun/jna/platform/win32/Ole32
instanceKlass com/sun/jna/win32/StdCallLibrary
instanceKlass com/sun/jna/win32/StdCall
instanceKlass com/sun/jna/AltCallingConvention
instanceKlass com/sun/jna/Library
instanceKlass com/st/components/util/UtilMem
instanceKlass com/st/microxplorer/mcufinder/db/McuInfo
instanceKlass javax/swing/event/RowSorterListener
instanceKlass javax/swing/event/CellEditorListener
instanceKlass javax/swing/event/ListSelectionListener
instanceKlass javax/swing/Scrollable
instanceKlass javax/swing/event/TableModelListener
instanceKlass org/jdesktop/swingx/event/TableColumnModelExtListener
instanceKlass javax/swing/event/TableColumnModelListener
instanceKlass java/awt/ItemSelectable
instanceKlass com/st/microxplorer/maingui/McuSelectorResult
instanceKlass com/st/microxplorer/db/TechDoc
instanceKlass com/st/microxplorer/plugin/PluginView
instanceKlass com/st/microxplorer/plugin/IPluginView
instanceKlass com/st/microxplorer/maingui/ColorsManager
instanceKlass com/st/microxplorer/plugin/IPluginColorsManager
instanceKlass com/st/microxplorer/userpreference/UserPreferences
instanceKlass javax/swing/event/ChangeListener
instanceKlass com/st/microxplorer/plugin/IPluginRibbonBar
instanceKlass com/st/microxplorer/plugin/IPluginToolBar
instanceKlass javax/swing/text/EditorKit
instanceKlass com/st/components/swing/GuiUtils
instanceKlass com/st/microxplorer/stobjects/STCheckIcon
instanceKlass org/jdesktop/swingx/graphics/GraphicsUtilities
instanceKlass javax/swing/BorderFactory
instanceKlass com/st/microxplorer/customgui/STFonts
instanceKlass com/st/microxplorer/stobjects/EmptySquareIcon
instanceKlass com/st/microxplorer/customgui/STGuiConst
instanceKlass com/st/microxplorer/ctxdoc/db/ICtxDocAppliInfo
instanceKlass com/st/microxplorer/plugin/IPluginApplicationInformation
instanceKlass com/st/microxplorer/plugin/IPluginMainPanel
instanceKlass com/st/microxplorer/util/GuiChangeEvents
instanceKlass com/st/microxplorer/plugin/IPluginMenuBar
instanceKlass javax/swing/MenuElement
instanceKlass java/util/prefs/AbstractPreferences$1
instanceKlass java/util/prefs/NodeChangeListener
instanceKlass java/util/prefs/PreferenceChangeListener
instanceKlass  @bci java/util/prefs/WindowsPreferences loadPrefsLib ()V 0 <appendix> argL0 ; # java/util/prefs/WindowsPreferences$$Lambda+0x00000008002bc2c8
instanceKlass java/util/prefs/WindowsPreferencesFactory
instanceKlass java/util/prefs/Preferences$3
instanceKlass java/util/prefs/PreferencesFactory
instanceKlass java/util/prefs/Preferences$2
instanceKlass java/util/prefs/Preferences$1
instanceKlass java/util/prefs/Preferences
instanceKlass com/st/components/swing/ToolPreferences
instanceKlass com/st/microxplorer/codegenerator/CodeGenerator$1
instanceKlass com/st/microxplorer/devicetreegenerator/DTGenerator$1
instanceKlass com/st/microxplorer/devicetreegenerator/dtdatamodels/IDTDataModel
instanceKlass com/st/microxplorer/devicetreegenerator/DTGenerator
instanceKlass java/util/stream/Sink$ChainedInt
instanceKlass java/util/stream/Sink$OfInt
instanceKlass java/util/function/IntConsumer
instanceKlass  @bci java/io/WinNTFileSystem listRoots ()[Ljava/io/File; 38 <appendix> argL0 ; # java/io/WinNTFileSystem$$Lambda+0x00000008002b9de8
instanceKlass  @bci java/io/WinNTFileSystem listRoots ()[Ljava/io/File; 28 <appendix> member <vmtarget> ; # java/io/WinNTFileSystem$$Lambda+0x00000008002b9998
instanceKlass  @bci java/io/WinNTFileSystem listRoots ()[Ljava/io/File; 17 <appendix> member <vmtarget> ; # java/io/WinNTFileSystem$$Lambda+0x00000008002b9278
instanceKlass java/util/stream/IntStream
instanceKlass java/util/BitSet$1BitSetSpliterator
instanceKlass java/util/BitSet
instanceKlass com/st/microxplorer/codegenerator/ProjectSettings
instanceKlass sun/management/NotificationEmitterSupport$ListenerInfo
instanceKlass com/st/microxplorer/mxsystem/MxSystem$1
instanceKlass  @bci java/lang/management/ManagementFactory getPlatformMXBeans (Ljava/lang/Class;)Ljava/util/List; 35 <appendix> member <vmtarget> ; # java/lang/management/ManagementFactory$$Lambda+0x00000008002b79c8
instanceKlass  @bci java/lang/management/ManagementFactory$PlatformMBeanFinder findFirst (Ljava/lang/Class;)Lsun/management/spi/PlatformMBeanProvider$PlatformComponent; 19 <appendix> member <vmtarget> ; # java/lang/management/ManagementFactory$PlatformMBeanFinder$$Lambda+0x00000008002b7770
instanceKlass com/st/microxplorer/mcu/Mcu$77
instanceKlass  @bci java/util/regex/CharPredicates ASCII_WORD ()Ljava/util/regex/Pattern$BmpCharPredicate; 0 <appendix> argL0 ; # java/util/regex/CharPredicates$$Lambda+0x00000008002b74e0
instanceKlass com/st/microxplorer/util/CommandLineExporter
instanceKlass com/st/microxplorer/mcu/Mcu$76
instanceKlass com/st/microxplorer/mcu/Mcu$75
instanceKlass com/st/microxplorer/mcu/Mcu$74
instanceKlass com/st/microxplorer/mcu/Mcu$73
instanceKlass com/st/microxplorer/mcu/Mcu$72
instanceKlass com/st/microxplorer/mcu/Mcu$71
instanceKlass com/st/microxplorer/mcu/Mcu$70
instanceKlass com/st/microxplorer/mcu/Mcu$69
instanceKlass com/st/microxplorer/mcu/Mcu$68
instanceKlass com/st/microxplorer/mcu/Mcu$67
instanceKlass com/st/microxplorer/mcu/Mcu$66
instanceKlass com/st/microxplorer/mcu/Mcu$65
instanceKlass com/st/microxplorer/mcu/Mcu$64
instanceKlass com/st/microxplorer/mcu/Mcu$63
instanceKlass com/st/microxplorer/mcu/Mcu$62
instanceKlass com/st/microxplorer/mcu/Mcu$61
instanceKlass com/st/microxplorer/mcu/Mcu$60
instanceKlass com/st/microxplorer/mcu/Mcu$59
instanceKlass com/st/microxplorer/mcu/Mcu$58
instanceKlass com/st/microxplorer/mcu/Mcu$57
instanceKlass com/st/microxplorer/mcu/Mcu$56
instanceKlass com/st/microxplorer/mcu/Mcu$55
instanceKlass com/st/microxplorer/mcu/Mcu$54
instanceKlass com/st/microxplorer/mcu/Mcu$53
instanceKlass com/st/microxplorer/mcu/Mcu$52
instanceKlass com/st/microxplorer/mcu/Mcu$51
instanceKlass com/st/microxplorer/mcu/Mcu$50
instanceKlass com/st/microxplorer/mcu/Mcu$49
instanceKlass com/st/microxplorer/mcu/Mcu$48
instanceKlass com/st/microxplorer/mcu/Mcu$47
instanceKlass com/st/microxplorer/mcu/Mcu$46
instanceKlass com/st/microxplorer/mcu/Mcu$45
instanceKlass com/st/microxplorer/mcu/Mcu$44
instanceKlass com/st/microxplorer/mcu/Mcu$43
instanceKlass com/st/microxplorer/mcu/Mcu$42
instanceKlass com/st/microxplorer/mcu/Mcu$41
instanceKlass com/st/microxplorer/mcu/Mcu$40
instanceKlass com/st/microxplorer/mcu/Mcu$39
instanceKlass com/st/microxplorer/mcu/Mcu$38
instanceKlass com/st/microxplorer/mcu/Mcu$37
instanceKlass com/st/microxplorer/mcu/Mcu$36
instanceKlass com/st/microxplorer/mcu/Mcu$35
instanceKlass com/st/microxplorer/mcu/Mcu$34
instanceKlass com/st/microxplorer/mcu/Mcu$33
instanceKlass com/st/microxplorer/mcu/Mcu$32
instanceKlass com/st/microxplorer/mcu/Mcu$31
instanceKlass com/st/microxplorer/mcu/Mcu$30
instanceKlass com/st/microxplorer/mcu/Mcu$29
instanceKlass com/st/microxplorer/mcu/Mcu$28
instanceKlass com/st/microxplorer/mcu/Mcu$27
instanceKlass com/st/microxplorer/mcu/Mcu$26
instanceKlass com/st/microxplorer/mcu/Mcu$25
instanceKlass com/st/microxplorer/mcu/Mcu$24
instanceKlass com/st/microxplorer/mcu/Mcu$23
instanceKlass com/st/microxplorer/mcu/Mcu$22
instanceKlass com/st/microxplorer/mcu/Mcu$21
instanceKlass com/st/microxplorer/mcu/Mcu$20
instanceKlass com/st/microxplorer/mcu/Mcu$19
instanceKlass com/st/microxplorer/mcu/Mcu$18
instanceKlass com/st/microxplorer/mcu/Mcu$17
instanceKlass com/st/microxplorer/mcu/Mcu$16
instanceKlass com/st/microxplorer/mcu/Mcu$15
instanceKlass com/st/microxplorer/mcu/Mcu$14
instanceKlass com/st/microxplorer/mcu/Mcu$13
instanceKlass com/st/microxplorer/mcu/Mcu$12
instanceKlass com/st/microxplorer/mcu/Mcu$11
instanceKlass com/st/microxplorer/mcu/Mcu$10
instanceKlass com/st/microxplorer/mcu/Mcu$9
instanceKlass com/st/microxplorer/mcu/Mcu$8
instanceKlass com/st/microxplorer/mcu/Mcu$7
instanceKlass com/st/microxplorer/mcu/Mcu$6
instanceKlass com/st/microxplorer/mcu/Mcu$5
instanceKlass org/apache/commons/cli/CommandLineParser
instanceKlass com/st/microxplorer/mcu/Mcu$4
instanceKlass com/st/microxplorer/mcu/Mcu$3
instanceKlass com/st/microxplorer/mcu/Mcu$2
instanceKlass com/st/microxplorer/mcu/Mcu$1
instanceKlass com/st/microxplorer/importproject/ImportInfo
instanceKlass com/st/microxplorer/db/Rule
instanceKlass org/jdom/ContentList$FilterListIterator
instanceKlass org/jdom/filter/AbstractFilter
instanceKlass org/jdom/Attribute
instanceKlass org/jdom/Verifier
instanceKlass org/jdom/filter/Filter
instanceKlass org/jdom/NamespaceKey
instanceKlass org/jdom/Namespace
instanceKlass org/apache/xerces/util/EncodingMap
instanceKlass org/apache/xerces/parsers/AbstractSAXParser$LocatorProxy
instanceKlass org/xml/sax/ext/Locator2
instanceKlass org/apache/xerces/util/SAXMessageFormatter
instanceKlass org/apache/xerces/util/ErrorHandlerWrapper
instanceKlass org/jdom/input/BuilderErrorHandler
instanceKlass org/apache/xerces/parsers/AbstractSAXParser$AttributesProxy
instanceKlass org/xml/sax/ext/Attributes2
instanceKlass org/xml/sax/Attributes
instanceKlass org/xml/sax/AttributeList
instanceKlass org/xml/sax/Parser
instanceKlass org/xml/sax/DocumentHandler
instanceKlass org/apache/xerces/xs/PSVIProvider
instanceKlass javax/xml/parsers/SAXParser
instanceKlass javax/xml/parsers/SAXParserFactory
# instanceKlass java/lang/invoke/LambdaForm$MH+0x00000008002ea000
# instanceKlass java/lang/invoke/LambdaForm$MH+0x00000008002e9c00
# instanceKlass java/lang/invoke/LambdaForm$MH+0x00000008002e9800
# instanceKlass java/lang/invoke/LambdaForm$DMH+0x00000008002e9400
instanceKlass java/lang/invoke/ClassSpecializer$Factory$1Var
# instanceKlass java/lang/invoke/LambdaForm$DMH+0x00000008002e9000
instanceKlass sun/invoke/util/ValueConversions$1
instanceKlass sun/invoke/util/ValueConversions$WrapperCache
# instanceKlass java/lang/invoke/LambdaForm$MH+0x00000008002e8c00
# instanceKlass java/lang/invoke/LambdaForm$BMH+0x00000008002e8800
# instanceKlass java/lang/invoke/LambdaForm$DMH+0x00000008002e8400
# instanceKlass java/lang/invoke/LambdaForm$DMH+0x00000008002e8000
instanceKlass sun/invoke/util/VerifyAccess$1
instanceKlass org/jdom/input/JAXPParserFactory
instanceKlass org/jdom/Document
instanceKlass org/jdom/input/TextBuffer
instanceKlass org/jdom/Content
instanceKlass org/jdom/Parent
instanceKlass org/xml/sax/helpers/DefaultHandler
instanceKlass org/xml/sax/ext/DeclHandler
instanceKlass org/xml/sax/ext/LexicalHandler
instanceKlass org/jdom/DefaultJDOMFactory
instanceKlass org/jdom/JDOMFactory
instanceKlass org/xml/sax/XMLReader
instanceKlass org/xml/sax/DTDHandler
instanceKlass org/xml/sax/ContentHandler
instanceKlass org/jdom/input/SAXBuilder
instanceKlass com/st/microxplorer/db/ApplicableRules
instanceKlass com/st/microxplorer/db/RulesReader
instanceKlass com/st/microxplorer/mxsystem/Board
instanceKlass com/st/microxplorer/util/LogicalParser$UnknownVariable
instanceKlass com/bestcode/mathparser/Variable
instanceKlass java/util/ResourceBundle$Control$2
instanceKlass  @bci java/util/ResourceBundle$ResourceBundleControlProviderHolder lambda$static$0 ()Ljava/util/List; 11 <appendix> argL0 ; # java/util/ResourceBundle$ResourceBundleControlProviderHolder$$Lambda+0x00000008002b2f98
instanceKlass java/util/ServiceLoader$ProviderSpliterator
instanceKlass java/util/spi/ResourceBundleControlProvider
instanceKlass  @bci java/util/ResourceBundle$ResourceBundleControlProviderHolder <clinit> ()V 0 <appendix> argL0 ; # java/util/ResourceBundle$ResourceBundleControlProviderHolder$$Lambda+0x00000008002b28d8
instanceKlass java/util/ResourceBundle$ResourceBundleControlProviderHolder
instanceKlass com/bestcode/util/StrUtil
instanceKlass com/bestcode/mathparser/__if
instanceKlass com/bestcode/mathparser/OneParamFunc
instanceKlass com/bestcode/mathparser/TwoParamFunc
instanceKlass com/bestcode/mathparser/__sum
instanceKlass com/bestcode/mathparser/IVariableResolver
instanceKlass com/bestcode/mathparser/Node
instanceKlass com/bestcode/mathparser/IParameter
instanceKlass com/bestcode/mathparser/IFunction
instanceKlass com/bestcode/mathparser/MathParserImpl
instanceKlass com/bestcode/mathparser/IMathParser
instanceKlass com/st/microxplorer/mcu/McuExternalApplication
instanceKlass com/st/microxplorer/mcu/ContextAllowed
instanceKlass com/st/microxplorer/mcu/GenTypeFirmwareName
instanceKlass com/st/microxplorer/mcu/memorymap/IMemoryMapService
instanceKlass com/st/microxplorer/mcu/lpbam/ILPBAMService
instanceKlass com/st/microxplorer/mcu/Mcu
instanceKlass com/st/microxplorer/mcu/McuMiscChangeEvents
instanceKlass com/st/microxplorer/mcu/McuErrorCode
instanceKlass com/st/microxplorer/util/IOutputUI
instanceKlass com/st/microxplorer/util/IGenericProgressBar
instanceKlass com/st/microxplorer/importproject/ImportEngine
instanceKlass com/st/microxplorer/codegenerator/ConfigCacheType
instanceKlass com/st/microxplorer/mcu/IDMAService
instanceKlass com/st/microxplorer/mcu/IP
instanceKlass java/io/FileFilter
instanceKlass com/st/microxplorer/codegenerator/CodeGenerator
instanceKlass com/st/microxplorer/mcufinder/db/crossselector/CrossReferenceDbSqlite
instanceKlass com/st/microxplorer/mcufinder/db/crossselector/CrossReferenceDb
instanceKlass com/st/microxplorer/mcufinder/db/DbMcusAds
instanceKlass com/st/microxplorer/mcufinder/db/McuFinderConstants
instanceKlass com/st/microxplorer/mcufinder/util/AppliInfo
instanceKlass  @bci javax/swing/text/html/parser/Parser error (Ljava/lang/String;Ljava/lang/String;Ljava/lang/String;Ljava/lang/String;)V 10 <appendix> form vmentry <vmtarget> ; # java/lang/invoke/LambdaForm$MH+0x00000008002d1400
# instanceKlass java/lang/invoke/LambdaForm$MH+0x00000008002d1000
instanceKlass  @bci javax/swing/text/html/parser/Parser error (Ljava/lang/String;Ljava/lang/String;Ljava/lang/String;Ljava/lang/String;)V 10 <appendix> argL3 form vmentry <vmtarget> ; # java/lang/invoke/LambdaForm$MH+0x00000008002d0c00
instanceKlass  @bci com/st/microxplorer/plugins/pinoutconfig/engine/AbstractGPin getMappedSignalModeConfigs ()Ljava/util/Set; 284 <appendix> argL4 form vmentry <vmtarget> ; # java/lang/invoke/LambdaForm$MH+0x00000008002d0800
# instanceKlass java/lang/invoke/LambdaForm$MH+0x00000008002d0400
# instanceKlass java/lang/invoke/LambdaForm$MH+0x00000008002d0000
# instanceKlass java/lang/invoke/LambdaForm$MH+0x00000008002cfc00
instanceKlass  @bci com/st/microxplorer/plugins/pinoutconfig/engine/AbstractGPin getMappedSignalModeConfigs ()Ljava/util/Set; 284 <appendix> argL1 form vmentry <vmtarget> ; # java/lang/invoke/LambdaForm$MH+0x00000008002cf800
# instanceKlass java/lang/invoke/LambdaForm$MH+0x00000008002cf400
# instanceKlass java/lang/invoke/LambdaForm$MH+0x00000008002cf000
# instanceKlass java/lang/invoke/LambdaForm$MH+0x00000008002cec00
instanceKlass com/st/microxplorer/mcufinder/util/CrossPlatformAppliInfo
instanceKlass  @bci com/st/microxplorer/plugins/power/ss/powerdashboard/model/Model <init> (Ljava/lang/Float;I)V 471 <appendix> form vmentry <vmtarget> ; # java/lang/invoke/LambdaForm$MH+0x00000008002ce800
# instanceKlass java/lang/invoke/LambdaForm$MH+0x00000008002ce400
instanceKlass  @bci com/st/microxplorer/plugins/power/ss/powerdashboard/model/Model <init> (Ljava/lang/Float;I)V 471 <appendix> argL3 form vmentry <vmtarget> ; # java/lang/invoke/LambdaForm$MH+0x00000008002ce000
# instanceKlass java/lang/invoke/LambdaForm$MH+0x00000008002cdc00
# instanceKlass java/lang/invoke/LambdaForm$MH+0x00000008002cd800
# instanceKlass java/lang/invoke/LambdaForm$MH+0x00000008002cd400
# instanceKlass java/lang/invoke/LambdaForm$MH+0x00000008002cd000
instanceKlass  @bci com/st/microxplorer/plugins/power/ss/powerdashboard/model/Model <init> (Ljava/lang/Float;I)V 471 <appendix> argL1 form vmentry <vmtarget> ; # java/lang/invoke/LambdaForm$MH+0x00000008002ccc00
# instanceKlass java/lang/invoke/LambdaForm$MH+0x00000008002cc800
# instanceKlass java/lang/invoke/LambdaForm$MH+0x00000008002cc400
# instanceKlass java/lang/invoke/LambdaForm$MH+0x00000008002cc000
instanceKlass com/st/microxplorer/mcufinder/db/McuFinderGlobals
instanceKlass com/st/microxplorer/mcufinder/db/DbFile
instanceKlass com/st/microxplorer/mcufinder/db/ApiDb
instanceKlass sun/font/CMap
instanceKlass com/st/microxplorer/mcufinder/db/DbUtils
instanceKlass sun/font/FontScaler
instanceKlass com/st/microxplorer/mcu/Context
instanceKlass sun/font/TrueTypeFont$DirectoryEntry
instanceKlass com/st/microxplorer/util/IMXSemaphore
instanceKlass java/nio/channels/spi/AbstractInterruptibleChannel$1
instanceKlass sun/nio/ch/Interruptible
instanceKlass com/st/microxplorer/db/ApiDbMcu
instanceKlass com/st/microxplorer/mcu/ErrorCode
instanceKlass sun/font/StrikeCache$DisposableStrike
instanceKlass sun/font/FontStrikeDisposer
instanceKlass sun/java2d/Disposer$PollDisposable
instanceKlass sun/font/FontStrikeDesc
instanceKlass sun/font/FontDesignMetrics$MetricsKey
instanceKlass java/awt/FontMetrics
instanceKlass sun/swing/SwingUtilities2$KeyPair
instanceKlass com/st/microxplorer/mxsystem/ILPBAMProjectConfigurator
instanceKlass com/st/microxplorer/mxsystem/ProjectConfigurator
instanceKlass sun/awt/image/BufImgSurfaceData$ICMColorData
instanceKlass com/st/microxplorer/mxsystem/ProjectFactory
instanceKlass com/st/microxplorer/mxsystem/MxSystemChangeEvents
instanceKlass com/st/microxplorer/mcu/McuChangeEvents
instanceKlass sun/java2d/opengl/OGLGraphicsConfig
instanceKlass sun/java2d/pipe/hw/AccelGraphicsConfig
instanceKlass sun/java2d/pipe/hw/BufferedContextProvider
instanceKlass  @bci java/util/regex/Pattern DOT ()Ljava/util/regex/Pattern$CharPredicate; 0 <appendix> argL0 ; # java/util/regex/Pattern$$Lambda+0x00000008002aa0b8
instanceKlass sun/awt/SunGraphicsCallback
instanceKlass com/st/components/util/ApplicationProperties
instanceKlass javax/swing/RepaintManager$4
instanceKlass sun/awt/GlobalCursorManager$NativeUpdater
instanceKlass sun/awt/GlobalCursorManager
instanceKlass java/awt/SplashScreen
instanceKlass javax/swing/RepaintManager$2$1
instanceKlass java/util/LinkedList$ListItr
instanceKlass java/awt/TrayIcon
instanceKlass com/st/microxplorer/stobjects/STSplash$2
instanceKlass java/awt/MenuComponent
instanceKlass com/st/microxplorer/stobjects/STSplash$1
instanceKlass javax/swing/RepaintManager$2
instanceKlass sun/awt/NullComponentPeer
instanceKlass sun/awt/LightweightPeerHolder
instanceKlass sun/awt/ModalExclude
instanceKlass java/awt/peer/LightweightPeer
instanceKlass sun/awt/im/ExecutableInputMethodManager$3
instanceKlass sun/awt/im/InputMethodLocator
instanceKlass sun/awt/windows/WInputMethodDescriptor
instanceKlass java/awt/im/spi/InputMethodDescriptor
instanceKlass sun/awt/im/InputMethodManager
instanceKlass  @bci com/st/microxplorer/plugins/power/mcu/PowerInfo getDatasheetDocIDAndRevision ()Ljava/lang/String; 68 <appendix> form vmentry <vmtarget> ; # java/lang/invoke/LambdaForm$MH+0x00000008002c3400
# instanceKlass java/lang/invoke/LambdaForm$MH+0x00000008002c3000
instanceKlass  @bci com/st/microxplorer/plugins/power/mcu/PowerInfo getDatasheetDocIDAndRevision ()Ljava/lang/String; 68 <appendix> argL3 form vmentry <vmtarget> ; # java/lang/invoke/LambdaForm$MH+0x00000008002c2c00
instanceKlass  @bci com/l2fprod/common/swing/LookAndFeelTweaks htmlize (Ljavax/swing/JComponent;Ljava/awt/Font;)V 16 <appendix> argL3 argL2 form vmentry <vmtarget> ; # java/lang/invoke/LambdaForm$MH+0x00000008002c2800
# instanceKlass java/lang/invoke/LambdaForm$MH+0x00000008002c2400
# instanceKlass java/lang/invoke/LambdaForm$MH+0x00000008002c2000
# instanceKlass java/lang/invoke/LambdaForm$MH+0x00000008002c1c00
instanceKlass  @bci com/st/components/swing/EachRowEditor setEditorAt (IILjavax/swing/JComponent;)V 271 <appendix> argL1 argL0 form vmentry <vmtarget> ; # java/lang/invoke/LambdaForm$MH+0x00000008002c1800
# instanceKlass java/lang/invoke/LambdaForm$MH+0x00000008002c1400
# instanceKlass java/lang/invoke/LambdaForm$MH+0x00000008002c1000
# instanceKlass java/lang/invoke/LambdaForm$MH+0x00000008002c0c00
instanceKlass sun/awt/FontConfiguration$2
instanceKlass sun/awt/Win32FontManager$2
instanceKlass sun/font/FontFamily
instanceKlass sun/font/CompositeFontDescriptor
instanceKlass sun/font/SunFontManager$FontRegistrationInfo
instanceKlass sun/awt/FontDescriptor
instanceKlass sun/awt/FontConfiguration
instanceKlass sun/font/SunFontManager$2
instanceKlass sun/font/TrueTypeFont$1
instanceKlass sun/font/TrueTypeFont$TTDisposerRecord
instanceKlass sun/awt/Win32FontManager$1
instanceKlass sun/font/PlatformFontInfo
instanceKlass sun/font/FontManagerFactory
instanceKlass sun/font/GlyphList
instanceKlass sun/font/StrikeCache$1
instanceKlass sun/font/StrikeCache
instanceKlass sun/font/FontStrike
instanceKlass sun/font/CharToGlyphMapper
instanceKlass sun/font/StrikeMetrics
instanceKlass sun/font/Font2D
instanceKlass sun/font/FontManagerNativeLibrary$1
instanceKlass sun/font/FontManagerNativeLibrary
instanceKlass sun/font/SunFontManager$1
instanceKlass sun/font/SunFontManager$T1Filter
instanceKlass sun/font/SunFontManager$TTFilter
instanceKlass java/io/FilenameFilter
instanceKlass sun/font/Font2DHandle
instanceKlass sun/font/SunFontManager
instanceKlass sun/font/FontManagerForSGE
instanceKlass sun/font/FontManager
instanceKlass sun/java2d/FontSupport
instanceKlass sun/awt/NativeLibLoader$1
instanceKlass sun/awt/NativeLibLoader
instanceKlass sun/awt/PlatformFont
instanceKlass java/awt/peer/FontPeer
instanceKlass  @bci java/awt/SystemColor <clinit> ()V 643 <appendix> argL0 ; # java/awt/SystemColor$$Lambda+0x00000008002971a8
instanceKlass  @cpi java/awt/SystemColor 241 form vmentry <vmtarget> ; # java/lang/invoke/LambdaForm$DMH+0x00000008002c0800
instanceKlass sun/awt/AWTAccessor$SystemColorAccessor
instanceKlass sun/java2d/StateTracker$2
instanceKlass sun/java2d/StateTracker$1
instanceKlass sun/java2d/StateTracker
instanceKlass sun/java2d/SurfaceDataProxy
instanceKlass sun/awt/image/SurfaceManager$FlushableCacheData
instanceKlass sun/java2d/DefaultDisposerRecord
instanceKlass sun/java2d/loops/GraphicsPrimitiveMgr$PrimitiveSpec
instanceKlass sun/java2d/loops/RenderLoops
instanceKlass sun/java2d/windows/GDIRenderer
instanceKlass sun/java2d/loops/GraphicsPrimitiveMgr$2
instanceKlass sun/java2d/loops/GraphicsPrimitiveMgr$1
instanceKlass sun/java2d/loops/GeneralRenderer
instanceKlass sun/java2d/loops/CustomComponent
instanceKlass sun/java2d/pipe/ValidatePipe
instanceKlass java/awt/BasicStroke
instanceKlass java/awt/Stroke
instanceKlass java/awt/geom/Path2D
instanceKlass java/awt/AlphaComposite
instanceKlass java/awt/Graphics
instanceKlass sun/awt/ConstrainableGraphics
instanceKlass sun/java2d/loops/GraphicsPrimitiveMgr
instanceKlass sun/java2d/loops/CompositeType
instanceKlass sun/java2d/loops/GraphicsPrimitiveMgr$GeneralPrimitives
instanceKlass sun/java2d/loops/GraphicsPrimitive
instanceKlass sun/java2d/loops/XORComposite
instanceKlass java/awt/Composite
instanceKlass java/awt/EventQueue$5
instanceKlass java/awt/EventQueue$4
instanceKlass sun/awt/dnd/SunDragSourceContextPeer
instanceKlass java/awt/dnd/peer/DragSourceContextPeer
instanceKlass sun/java2d/ScreenUpdateManager
instanceKlass java/awt/ModalEventFilter
instanceKlass java/awt/EventDispatchThread$HierarchyEventFilter
instanceKlass java/awt/EventFilter
instanceKlass java/awt/EventDispatchThread$1
instanceKlass java/awt/Conditional
instanceKlass sun/awt/windows/WComponentPeer$2
instanceKlass java/awt/EventQueue$6
instanceKlass sun/awt/EventQueueItem
instanceKlass java/awt/SequencedEvent$2
instanceKlass java/awt/SequencedEvent$1
instanceKlass sun/awt/AWTAccessor$SequencedEventAccessor
instanceKlass java/awt/event/InvocationEvent$1
instanceKlass sun/awt/AWTAccessor$InvocationEventAccessor
instanceKlass java/awt/ActiveEvent
instanceKlass  @bci sun/awt/windows/WWindowPeer displayChanged ()V 5 <appendix> member <vmtarget> ; # sun/awt/windows/WWindowPeer$$Lambda+0x00000008002891c0
instanceKlass  @cpi javax/crypto/spec/SecretKeySpec 165 form vmentry <vmtarget> ; # java/lang/invoke/LambdaForm$DMH+0x00000008002c0400
instanceKlass sun/awt/im/InputMethodWindow
instanceKlass sun/awt/ExtendedKeyCodes
instanceKlass sun/awt/RepaintArea
instanceKlass sun/awt/windows/WWindowPeer$GuiDisposedListener
instanceKlass sun/awt/windows/WWindowPeer$ActiveWindowListener
instanceKlass java/awt/peer/CanvasPeer
instanceKlass java/awt/peer/PanelPeer
instanceKlass java/awt/peer/FramePeer
instanceKlass java/awt/peer/WindowPeer
instanceKlass java/awt/peer/ContainerPeer
instanceKlass javax/swing/plaf/basic/BasicHTML
instanceKlass javax/swing/plaf/metal/DefaultMetalTheme$FontDelegate$1
instanceKlass javax/swing/ActionMap
instanceKlass  @bci jdk/internal/reflect/MethodHandleIntegerFieldAccessorImpl getInt (Ljava/lang/Object;)I 11 <adapter> ; # java/lang/invoke/LambdaForm$MH+0x00000008002c0000
instanceKlass java/awt/event/KeyEvent$1
instanceKlass sun/awt/AWTAccessor$KeyEventAccessor
instanceKlass java/awt/VKCollection
instanceKlass javax/swing/InputMap
instanceKlass javax/swing/LayoutComparator
instanceKlass javax/swing/RepaintManager$PaintManager
instanceKlass javax/swing/JRootPane$RootLayout
instanceKlass javax/swing/ArrayTable
instanceKlass com/sun/java/swing/SwingUtilities3
instanceKlass javax/swing/RepaintManager$ProcessingRunnable
instanceKlass javax/swing/plaf/ComponentUI
instanceKlass sun/util/ResourceBundleEnumeration
instanceKlass javax/swing/UIDefaults$1
instanceKlass javax/swing/UIManager$2
instanceKlass sun/awt/PaintEventDispatcher
instanceKlass javax/swing/RepaintManager$1
instanceKlass sun/swing/SwingAccessor$RepaintManagerAccessor
instanceKlass javax/swing/RepaintManager$DisplayChangedHandler
instanceKlass javax/swing/RepaintManager
instanceKlass javax/swing/plaf/metal/OceanTheme$6
instanceKlass javax/swing/plaf/metal/OceanTheme$5
instanceKlass javax/swing/plaf/metal/OceanTheme$4
instanceKlass javax/swing/plaf/metal/OceanTheme$3
instanceKlass javax/swing/plaf/metal/OceanTheme$2
instanceKlass javax/swing/plaf/metal/OceanTheme$1
instanceKlass  @bci javax/swing/plaf/metal/OceanTheme addCustomEntriesToTable (Ljavax/swing/UIDefaults;)V 1 <appendix> member <vmtarget> ; # javax/swing/plaf/metal/OceanTheme$$Lambda+0x000000080021c478
instanceKlass java/util/EventListenerProxy
instanceKlass  @bci javax/swing/plaf/metal/MetalLookAndFeel initComponentDefaults (Ljavax/swing/UIDefaults;)V 12018 <appendix> argL0 ; # javax/swing/plaf/metal/MetalLookAndFeel$$Lambda+0x000000080021bb80
instanceKlass  @bci javax/swing/plaf/metal/MetalLookAndFeel initComponentDefaults (Ljavax/swing/UIDefaults;)V 11955 <appendix> argL0 ; # javax/swing/plaf/metal/MetalLookAndFeel$$Lambda+0x000000080021b960
instanceKlass  @bci javax/swing/plaf/metal/MetalLookAndFeel initComponentDefaults (Ljavax/swing/UIDefaults;)V 11907 <appendix> argL0 ; # javax/swing/plaf/metal/MetalLookAndFeel$$Lambda+0x000000080021b740
instanceKlass  @bci javax/swing/plaf/metal/MetalLookAndFeel initComponentDefaults (Ljavax/swing/UIDefaults;)V 11758 <appendix> argL0 ; # javax/swing/plaf/metal/MetalLookAndFeel$$Lambda+0x000000080021b520
instanceKlass  @bci javax/swing/plaf/metal/MetalLookAndFeel initComponentDefaults (Ljavax/swing/UIDefaults;)V 11740 <appendix> argL0 ; # javax/swing/plaf/metal/MetalLookAndFeel$$Lambda+0x000000080021b300
instanceKlass  @bci javax/swing/plaf/metal/MetalLookAndFeel initComponentDefaults (Ljavax/swing/UIDefaults;)V 10675 <appendix> argL0 ; # javax/swing/plaf/metal/MetalLookAndFeel$$Lambda+0x000000080021b0e0
instanceKlass  @bci javax/swing/plaf/metal/MetalLookAndFeel initComponentDefaults (Ljavax/swing/UIDefaults;)V 10657 <appendix> argL0 ; # javax/swing/plaf/metal/MetalLookAndFeel$$Lambda+0x000000080021aec0
instanceKlass  @bci javax/swing/plaf/metal/MetalLookAndFeel initComponentDefaults (Ljavax/swing/UIDefaults;)V 10639 <appendix> argL0 ; # javax/swing/plaf/metal/MetalLookAndFeel$$Lambda+0x000000080021aca0
instanceKlass  @bci javax/swing/plaf/metal/MetalLookAndFeel initComponentDefaults (Ljavax/swing/UIDefaults;)V 10621 <appendix> argL0 ; # javax/swing/plaf/metal/MetalLookAndFeel$$Lambda+0x000000080021aa80
instanceKlass  @bci javax/swing/plaf/metal/MetalLookAndFeel initComponentDefaults (Ljavax/swing/UIDefaults;)V 10603 <appendix> argL0 ; # javax/swing/plaf/metal/MetalLookAndFeel$$Lambda+0x000000080021a860
instanceKlass  @bci javax/swing/plaf/metal/MetalLookAndFeel initComponentDefaults (Ljavax/swing/UIDefaults;)V 10124 <appendix> argL0 ; # javax/swing/plaf/metal/MetalLookAndFeel$$Lambda+0x000000080021a640
instanceKlass  @bci javax/swing/plaf/metal/MetalLookAndFeel initComponentDefaults (Ljavax/swing/UIDefaults;)V 10106 <appendix> argL0 ; # javax/swing/plaf/metal/MetalLookAndFeel$$Lambda+0x000000080021a420
instanceKlass  @bci javax/swing/plaf/metal/MetalLookAndFeel initComponentDefaults (Ljavax/swing/UIDefaults;)V 9938 <appendix> argL0 ; # javax/swing/plaf/metal/MetalLookAndFeel$$Lambda+0x000000080021a200
instanceKlass  @bci javax/swing/plaf/metal/MetalLookAndFeel initComponentDefaults (Ljavax/swing/UIDefaults;)V 9920 <appendix> argL0 ; # javax/swing/plaf/metal/MetalLookAndFeel$$Lambda+0x0000000800219fe0
instanceKlass  @bci javax/swing/plaf/metal/MetalLookAndFeel initComponentDefaults (Ljavax/swing/UIDefaults;)V 9259 <appendix> argL0 ; # javax/swing/plaf/metal/MetalLookAndFeel$$Lambda+0x0000000800219dc0
instanceKlass  @bci javax/swing/plaf/metal/MetalLookAndFeel initComponentDefaults (Ljavax/swing/UIDefaults;)V 9241 <appendix> argL0 ; # javax/swing/plaf/metal/MetalLookAndFeel$$Lambda+0x0000000800219ba0
instanceKlass  @bci javax/swing/plaf/metal/MetalLookAndFeel initComponentDefaults (Ljavax/swing/UIDefaults;)V 9074 <appendix> argL0 ; # javax/swing/plaf/metal/MetalLookAndFeel$$Lambda+0x0000000800219980
instanceKlass  @bci javax/swing/plaf/metal/MetalLookAndFeel initComponentDefaults (Ljavax/swing/UIDefaults;)V 9056 <appendix> argL0 ; # javax/swing/plaf/metal/MetalLookAndFeel$$Lambda+0x0000000800219760
instanceKlass  @bci javax/swing/plaf/metal/MetalLookAndFeel initComponentDefaults (Ljavax/swing/UIDefaults;)V 8779 <appendix> argL0 ; # javax/swing/plaf/metal/MetalLookAndFeel$$Lambda+0x0000000800219540
instanceKlass  @bci javax/swing/plaf/metal/MetalLookAndFeel initComponentDefaults (Ljavax/swing/UIDefaults;)V 5003 <appendix> member <vmtarget> ; # javax/swing/plaf/metal/MetalLookAndFeel$$Lambda+0x0000000800219320
instanceKlass  @bci javax/swing/plaf/metal/MetalLookAndFeel initComponentDefaults (Ljavax/swing/UIDefaults;)V 4983 <appendix> member <vmtarget> ; # javax/swing/plaf/metal/MetalLookAndFeel$$Lambda+0x0000000800219100
instanceKlass  @bci javax/swing/plaf/metal/MetalLookAndFeel initComponentDefaults (Ljavax/swing/UIDefaults;)V 4963 <appendix> member <vmtarget> ; # javax/swing/plaf/metal/MetalLookAndFeel$$Lambda+0x0000000800218ee0
instanceKlass  @bci javax/swing/plaf/metal/MetalLookAndFeel initComponentDefaults (Ljavax/swing/UIDefaults;)V 4943 <appendix> member <vmtarget> ; # javax/swing/plaf/metal/MetalLookAndFeel$$Lambda+0x0000000800218cc0
instanceKlass  @bci javax/swing/plaf/metal/MetalLookAndFeel initComponentDefaults (Ljavax/swing/UIDefaults;)V 4923 <appendix> argL0 ; # javax/swing/plaf/metal/MetalLookAndFeel$$Lambda+0x0000000800218aa0
instanceKlass  @bci javax/swing/plaf/metal/MetalLookAndFeel initComponentDefaults (Ljavax/swing/UIDefaults;)V 4887 <appendix> argL0 ; # javax/swing/plaf/metal/MetalLookAndFeel$$Lambda+0x0000000800218880
instanceKlass  @bci javax/swing/plaf/metal/MetalLookAndFeel initComponentDefaults (Ljavax/swing/UIDefaults;)V 4869 <appendix> argL0 ; # javax/swing/plaf/metal/MetalLookAndFeel$$Lambda+0x0000000800218660
instanceKlass  @bci javax/swing/plaf/metal/MetalLookAndFeel initComponentDefaults (Ljavax/swing/UIDefaults;)V 4851 <appendix> argL0 ; # javax/swing/plaf/metal/MetalLookAndFeel$$Lambda+0x0000000800218440
instanceKlass  @bci javax/swing/plaf/metal/MetalLookAndFeel initComponentDefaults (Ljavax/swing/UIDefaults;)V 4833 <appendix> argL0 ; # javax/swing/plaf/metal/MetalLookAndFeel$$Lambda+0x0000000800218220
instanceKlass  @bci javax/swing/plaf/metal/MetalLookAndFeel initComponentDefaults (Ljavax/swing/UIDefaults;)V 4204 <appendix> argL0 ; # javax/swing/plaf/metal/MetalLookAndFeel$$Lambda+0x0000000800218000
instanceKlass  @bci javax/swing/plaf/metal/MetalLookAndFeel initComponentDefaults (Ljavax/swing/UIDefaults;)V 4186 <appendix> argL0 ; # javax/swing/plaf/metal/MetalLookAndFeel$$Lambda+0x0000000800217de0
instanceKlass  @bci javax/swing/plaf/metal/MetalLookAndFeel initComponentDefaults (Ljavax/swing/UIDefaults;)V 3874 <appendix> argL0 ; # javax/swing/plaf/metal/MetalLookAndFeel$$Lambda+0x0000000800217bc0
instanceKlass  @bci javax/swing/plaf/metal/MetalLookAndFeel initComponentDefaults (Ljavax/swing/UIDefaults;)V 3858 <appendix> argL0 ; # javax/swing/plaf/metal/MetalLookAndFeel$$Lambda+0x00000008002179a0
instanceKlass  @bci javax/swing/plaf/metal/MetalLookAndFeel initComponentDefaults (Ljavax/swing/UIDefaults;)V 3842 <appendix> argL0 ; # javax/swing/plaf/metal/MetalLookAndFeel$$Lambda+0x0000000800217780
instanceKlass  @bci javax/swing/plaf/metal/MetalLookAndFeel initComponentDefaults (Ljavax/swing/UIDefaults;)V 3826 <appendix> argL0 ; # javax/swing/plaf/metal/MetalLookAndFeel$$Lambda+0x0000000800217560
instanceKlass  @bci javax/swing/plaf/metal/MetalLookAndFeel initComponentDefaults (Ljavax/swing/UIDefaults;)V 3810 <appendix> argL0 ; # javax/swing/plaf/metal/MetalLookAndFeel$$Lambda+0x0000000800217340
instanceKlass  @bci javax/swing/plaf/metal/MetalLookAndFeel initComponentDefaults (Ljavax/swing/UIDefaults;)V 3794 <appendix> argL0 ; # javax/swing/plaf/metal/MetalLookAndFeel$$Lambda+0x0000000800217120
instanceKlass  @bci javax/swing/plaf/metal/MetalLookAndFeel initComponentDefaults (Ljavax/swing/UIDefaults;)V 3778 <appendix> argL0 ; # javax/swing/plaf/metal/MetalLookAndFeel$$Lambda+0x0000000800216f00
instanceKlass  @bci javax/swing/plaf/metal/MetalLookAndFeel initComponentDefaults (Ljavax/swing/UIDefaults;)V 3762 <appendix> argL0 ; # javax/swing/plaf/metal/MetalLookAndFeel$$Lambda+0x0000000800216ce0
instanceKlass  @bci javax/swing/plaf/metal/MetalLookAndFeel initComponentDefaults (Ljavax/swing/UIDefaults;)V 3746 <appendix> argL0 ; # javax/swing/plaf/metal/MetalLookAndFeel$$Lambda+0x0000000800216ac0
instanceKlass  @bci javax/swing/plaf/metal/MetalLookAndFeel initComponentDefaults (Ljavax/swing/UIDefaults;)V 3730 <appendix> argL0 ; # javax/swing/plaf/metal/MetalLookAndFeel$$Lambda+0x00000008002168a0
instanceKlass  @bci javax/swing/plaf/metal/MetalLookAndFeel initComponentDefaults (Ljavax/swing/UIDefaults;)V 3509 <appendix> argL0 ; # javax/swing/plaf/metal/MetalLookAndFeel$$Lambda+0x0000000800216680
instanceKlass  @bci javax/swing/plaf/metal/MetalLookAndFeel initComponentDefaults (Ljavax/swing/UIDefaults;)V 3399 <appendix> argL0 ; # javax/swing/plaf/metal/MetalLookAndFeel$$Lambda+0x0000000800216460
instanceKlass javax/swing/plaf/metal/MetalLookAndFeel$FontActiveValue
instanceKlass  @bci javax/swing/plaf/metal/MetalLookAndFeel initComponentDefaults (Ljavax/swing/UIDefaults;)V 2174 <appendix> member <vmtarget> ; # javax/swing/plaf/metal/MetalLookAndFeel$$Lambda+0x0000000800216008
instanceKlass  @bci javax/swing/plaf/metal/MetalLookAndFeel initComponentDefaults (Ljavax/swing/UIDefaults;)V 2165 <appendix> member <vmtarget> ; # javax/swing/plaf/metal/MetalLookAndFeel$$Lambda+0x0000000800215de0
instanceKlass  @bci javax/swing/plaf/metal/MetalLookAndFeel initComponentDefaults (Ljavax/swing/UIDefaults;)V 2156 <appendix> member <vmtarget> ; # javax/swing/plaf/metal/MetalLookAndFeel$$Lambda+0x0000000800215bb8
instanceKlass  @bci javax/swing/plaf/metal/MetalLookAndFeel initComponentDefaults (Ljavax/swing/UIDefaults;)V 2147 <appendix> member <vmtarget> ; # javax/swing/plaf/metal/MetalLookAndFeel$$Lambda+0x0000000800215990
instanceKlass  @bci javax/swing/plaf/metal/MetalLookAndFeel initComponentDefaults (Ljavax/swing/UIDefaults;)V 2138 <appendix> argL0 ; # javax/swing/plaf/metal/MetalLookAndFeel$$Lambda+0x0000000800215770
instanceKlass  @bci javax/swing/plaf/metal/MetalLookAndFeel initComponentDefaults (Ljavax/swing/UIDefaults;)V 2126 <appendix> argL0 ; # javax/swing/plaf/metal/MetalLookAndFeel$$Lambda+0x0000000800215550
instanceKlass  @bci javax/swing/plaf/metal/MetalLookAndFeel initComponentDefaults (Ljavax/swing/UIDefaults;)V 2119 <appendix> argL0 ; # javax/swing/plaf/metal/MetalLookAndFeel$$Lambda+0x0000000800215330
instanceKlass  @bci javax/swing/plaf/metal/MetalLookAndFeel initComponentDefaults (Ljavax/swing/UIDefaults;)V 2112 <appendix> argL0 ; # javax/swing/plaf/metal/MetalLookAndFeel$$Lambda+0x0000000800215110
instanceKlass  @bci javax/swing/plaf/metal/MetalLookAndFeel initComponentDefaults (Ljavax/swing/UIDefaults;)V 2105 <appendix> argL0 ; # javax/swing/plaf/metal/MetalLookAndFeel$$Lambda+0x0000000800214ef0
instanceKlass  @bci javax/swing/plaf/metal/MetalLookAndFeel initComponentDefaults (Ljavax/swing/UIDefaults;)V 2098 <appendix> member <vmtarget> ; # javax/swing/plaf/metal/MetalLookAndFeel$$Lambda+0x0000000800214cc8
instanceKlass  @bci javax/swing/plaf/metal/MetalLookAndFeel initComponentDefaults (Ljavax/swing/UIDefaults;)V 2089 <appendix> argL0 ; # javax/swing/plaf/metal/MetalLookAndFeel$$Lambda+0x0000000800214aa8
instanceKlass  @bci javax/swing/plaf/metal/MetalLookAndFeel initComponentDefaults (Ljavax/swing/UIDefaults;)V 2082 <appendix> argL0 ; # javax/swing/plaf/metal/MetalLookAndFeel$$Lambda+0x0000000800214888
instanceKlass  @bci javax/swing/plaf/metal/MetalLookAndFeel initComponentDefaults (Ljavax/swing/UIDefaults;)V 2075 <appendix> argL0 ; # javax/swing/plaf/metal/MetalLookAndFeel$$Lambda+0x0000000800214668
instanceKlass  @bci javax/swing/plaf/metal/MetalLookAndFeel initComponentDefaults (Ljavax/swing/UIDefaults;)V 126 <appendix> argL0 ; # javax/swing/plaf/metal/MetalLookAndFeel$$Lambda+0x0000000800214448
instanceKlass  @bci javax/swing/plaf/metal/MetalLookAndFeel initComponentDefaults (Ljavax/swing/UIDefaults;)V 119 <appendix> argL0 ; # javax/swing/plaf/metal/MetalLookAndFeel$$Lambda+0x0000000800214228
instanceKlass  @bci javax/swing/plaf/metal/MetalLookAndFeel initComponentDefaults (Ljavax/swing/UIDefaults;)V 112 <appendix> argL0 ; # javax/swing/plaf/metal/MetalLookAndFeel$$Lambda+0x0000000800214008
instanceKlass  @bci javax/swing/plaf/basic/BasicLookAndFeel initComponentDefaults (Ljavax/swing/UIDefaults;)V 10900 <appendix> argL0 ; # javax/swing/plaf/basic/BasicLookAndFeel$$Lambda+0x0000000800213de8
instanceKlass  @bci javax/swing/plaf/basic/BasicLookAndFeel initComponentDefaults (Ljavax/swing/UIDefaults;)V 10882 <appendix> argL0 ; # javax/swing/plaf/basic/BasicLookAndFeel$$Lambda+0x0000000800213bc8
instanceKlass  @bci javax/swing/plaf/basic/BasicLookAndFeel initComponentDefaults (Ljavax/swing/UIDefaults;)V 2622 <appendix> argL0 ; # javax/swing/plaf/basic/BasicLookAndFeel$$Lambda+0x00000008002139a8
instanceKlass  @bci javax/swing/plaf/basic/BasicLookAndFeel initComponentDefaults (Ljavax/swing/UIDefaults;)V 2604 <appendix> argL0 ; # javax/swing/plaf/basic/BasicLookAndFeel$$Lambda+0x0000000800213788
instanceKlass  @bci javax/swing/plaf/basic/BasicLookAndFeel initComponentDefaults (Ljavax/swing/UIDefaults;)V 2586 <appendix> argL0 ; # javax/swing/plaf/basic/BasicLookAndFeel$$Lambda+0x0000000800213568
instanceKlass  @bci javax/swing/plaf/basic/BasicLookAndFeel initComponentDefaults (Ljavax/swing/UIDefaults;)V 2568 <appendix> argL0 ; # javax/swing/plaf/basic/BasicLookAndFeel$$Lambda+0x0000000800213348
instanceKlass javax/swing/UIDefaults$LazyInputMap
instanceKlass  @bci javax/swing/plaf/basic/BasicLookAndFeel initComponentDefaults (Ljavax/swing/UIDefaults;)V 789 <appendix> argL0 ; # javax/swing/plaf/basic/BasicLookAndFeel$$Lambda+0x0000000800212ef8
instanceKlass  @bci javax/swing/plaf/basic/BasicLookAndFeel initComponentDefaults (Ljavax/swing/UIDefaults;)V 730 <appendix> argL0 ; # javax/swing/plaf/basic/BasicLookAndFeel$$Lambda+0x0000000800212cd8
instanceKlass  @bci javax/swing/plaf/basic/BasicLookAndFeel initComponentDefaults (Ljavax/swing/UIDefaults;)V 723 <appendix> argL0 ; # javax/swing/plaf/basic/BasicLookAndFeel$$Lambda+0x0000000800212ab8
instanceKlass  @bci javax/swing/plaf/basic/BasicLookAndFeel initComponentDefaults (Ljavax/swing/UIDefaults;)V 671 <appendix> argL0 ; # javax/swing/plaf/basic/BasicLookAndFeel$$Lambda+0x0000000800212898
instanceKlass  @bci javax/swing/plaf/basic/BasicLookAndFeel initComponentDefaults (Ljavax/swing/UIDefaults;)V 664 <appendix> member <vmtarget> ; # javax/swing/plaf/basic/BasicLookAndFeel$$Lambda+0x0000000800212678
instanceKlass  @bci javax/swing/plaf/basic/BasicLookAndFeel initComponentDefaults (Ljavax/swing/UIDefaults;)V 655 <appendix> member <vmtarget> ; # javax/swing/plaf/basic/BasicLookAndFeel$$Lambda+0x0000000800212458
instanceKlass  @bci javax/swing/plaf/basic/BasicLookAndFeel initComponentDefaults (Ljavax/swing/UIDefaults;)V 642 <appendix> member <vmtarget> ; # javax/swing/plaf/basic/BasicLookAndFeel$$Lambda+0x0000000800212238
instanceKlass  @bci javax/swing/plaf/basic/BasicLookAndFeel initComponentDefaults (Ljavax/swing/UIDefaults;)V 611 <appendix> argL0 ; # javax/swing/plaf/basic/BasicLookAndFeel$$Lambda+0x0000000800211dd8
instanceKlass  @bci javax/swing/plaf/basic/BasicLookAndFeel initComponentDefaults (Ljavax/swing/UIDefaults;)V 604 <appendix> argL0 ; # javax/swing/plaf/basic/BasicLookAndFeel$$Lambda+0x0000000800211bb8
instanceKlass  @bci javax/swing/plaf/basic/BasicLookAndFeel initComponentDefaults (Ljavax/swing/UIDefaults;)V 597 <appendix> argL0 ; # javax/swing/plaf/basic/BasicLookAndFeel$$Lambda+0x0000000800211998
instanceKlass  @bci javax/swing/plaf/basic/BasicLookAndFeel initComponentDefaults (Ljavax/swing/UIDefaults;)V 590 <appendix> argL0 ; # javax/swing/plaf/basic/BasicLookAndFeel$$Lambda+0x0000000800211778
instanceKlass  @bci javax/swing/plaf/basic/BasicLookAndFeel initComponentDefaults (Ljavax/swing/UIDefaults;)V 583 <appendix> argL0 ; # javax/swing/plaf/basic/BasicLookAndFeel$$Lambda+0x0000000800211558
instanceKlass  @bci javax/swing/plaf/basic/BasicLookAndFeel initComponentDefaults (Ljavax/swing/UIDefaults;)V 576 <appendix> argL0 ; # javax/swing/plaf/basic/BasicLookAndFeel$$Lambda+0x0000000800211338
instanceKlass  @bci javax/swing/plaf/basic/BasicLookAndFeel initComponentDefaults (Ljavax/swing/UIDefaults;)V 569 <appendix> argL0 ; # javax/swing/plaf/basic/BasicLookAndFeel$$Lambda+0x0000000800211118
instanceKlass  @bci javax/swing/plaf/basic/BasicLookAndFeel initComponentDefaults (Ljavax/swing/UIDefaults;)V 562 <appendix> argL0 ; # javax/swing/plaf/basic/BasicLookAndFeel$$Lambda+0x0000000800210ef8
instanceKlass javax/swing/plaf/basic/BasicLookAndFeel$2
instanceKlass  @bci javax/swing/plaf/basic/BasicLookAndFeel initComponentDefaults (Ljavax/swing/UIDefaults;)V 545 <appendix> argL0 ; # javax/swing/plaf/basic/BasicLookAndFeel$$Lambda+0x0000000800210ab0
instanceKlass  @bci sun/swing/SwingUtilities2 makeIcon (Ljava/lang/Class;Ljava/lang/Class;Ljava/lang/String;Z)Ljava/lang/Object; 4 <adapter> ; # java/lang/invoke/LambdaForm$MH+0x000000080020cc00
# instanceKlass java/lang/invoke/LambdaForm$DMH+0x000000080020c800
instanceKlass  @bci sun/swing/SwingUtilities2 makeIcon (Ljava/lang/Class;Ljava/lang/Class;Ljava/lang/String;Z)Ljava/lang/Object; 4 <appendix> form vmentry <vmtarget> ; # java/lang/invoke/LambdaForm$DMH+0x000000080020c400
instanceKlass  @bci sun/swing/SwingUtilities2 makeIcon (Ljava/lang/Class;Ljava/lang/Class;Ljava/lang/String;Z)Ljava/lang/Object; 4 <appendix> member <vmtarget> ; # sun/swing/SwingUtilities2$$Lambda+0x0000000800210888
instanceKlass  @cpi sun/swing/SwingUtilities2 1496 form vmentry <vmtarget> ; # java/lang/invoke/LambdaForm$DMH+0x000000080020c000
instanceKlass  @bci javax/swing/plaf/basic/BasicLookAndFeel initComponentDefaults (Ljavax/swing/UIDefaults;)V 398 <appendix> argL0 ; # javax/swing/plaf/basic/BasicLookAndFeel$$Lambda+0x0000000800210668
instanceKlass  @bci javax/swing/plaf/basic/BasicLookAndFeel initComponentDefaults (Ljavax/swing/UIDefaults;)V 391 <appendix> argL0 ; # javax/swing/plaf/basic/BasicLookAndFeel$$Lambda+0x0000000800210448
instanceKlass  @bci javax/swing/plaf/basic/BasicLookAndFeel initComponentDefaults (Ljavax/swing/UIDefaults;)V 384 <appendix> argL0 ; # javax/swing/plaf/basic/BasicLookAndFeel$$Lambda+0x0000000800210228
instanceKlass  @bci javax/swing/plaf/basic/BasicLookAndFeel initComponentDefaults (Ljavax/swing/UIDefaults;)V 377 <appendix> member <vmtarget> ; # javax/swing/plaf/basic/BasicLookAndFeel$$Lambda+0x0000000800210000
instanceKlass javax/swing/border/AbstractBorder
instanceKlass javax/swing/border/Border
instanceKlass  @bci javax/swing/plaf/basic/BasicLookAndFeel initComponentDefaults (Ljavax/swing/UIDefaults;)V 349 <appendix> member <vmtarget> ; # javax/swing/plaf/basic/BasicLookAndFeel$$Lambda+0x000000080023f488
instanceKlass  @bci javax/swing/plaf/basic/BasicLookAndFeel initComponentDefaults (Ljavax/swing/UIDefaults;)V 340 <appendix> argL0 ; # javax/swing/plaf/basic/BasicLookAndFeel$$Lambda+0x000000080023f268
instanceKlass  @bci javax/swing/plaf/basic/BasicLookAndFeel initComponentDefaults (Ljavax/swing/UIDefaults;)V 333 <appendix> argL0 ; # javax/swing/plaf/basic/BasicLookAndFeel$$Lambda+0x000000080023f048
instanceKlass  @bci javax/swing/plaf/basic/BasicLookAndFeel initComponentDefaults (Ljavax/swing/UIDefaults;)V 326 <appendix> argL0 ; # javax/swing/plaf/basic/BasicLookAndFeel$$Lambda+0x000000080023ee28
instanceKlass  @bci javax/swing/plaf/basic/BasicLookAndFeel initComponentDefaults (Ljavax/swing/UIDefaults;)V 319 <appendix> argL0 ; # javax/swing/plaf/basic/BasicLookAndFeel$$Lambda+0x000000080023ec08
instanceKlass  @bci javax/swing/plaf/basic/BasicLookAndFeel initComponentDefaults (Ljavax/swing/UIDefaults;)V 312 <appendix> argL0 ; # javax/swing/plaf/basic/BasicLookAndFeel$$Lambda+0x000000080023e9e8
instanceKlass javax/swing/UIDefaults$ActiveValue
instanceKlass  @bci javax/swing/plaf/basic/BasicLookAndFeel initComponentDefaults (Ljavax/swing/UIDefaults;)V 47 <appendix> argL0 ; # javax/swing/plaf/basic/BasicLookAndFeel$$Lambda+0x000000080023e3b8
instanceKlass  @bci javax/swing/plaf/basic/BasicLookAndFeel initComponentDefaults (Ljavax/swing/UIDefaults;)V 40 <appendix> argL0 ; # javax/swing/plaf/basic/BasicLookAndFeel$$Lambda+0x000000080023e198
instanceKlass  @bci javax/swing/plaf/basic/BasicLookAndFeel initComponentDefaults (Ljavax/swing/UIDefaults;)V 33 <appendix> argL0 ; # javax/swing/plaf/basic/BasicLookAndFeel$$Lambda+0x000000080023df78
instanceKlass  @bci javax/swing/plaf/basic/BasicLookAndFeel initComponentDefaults (Ljavax/swing/UIDefaults;)V 26 <appendix> argL0 ; # javax/swing/plaf/basic/BasicLookAndFeel$$Lambda+0x000000080023dd58
instanceKlass  @bci javax/swing/plaf/basic/BasicLookAndFeel initComponentDefaults (Ljavax/swing/UIDefaults;)V 19 <appendix> argL0 ; # javax/swing/plaf/basic/BasicLookAndFeel$$Lambda+0x000000080023db38
instanceKlass javax/swing/UIDefaults$LazyValue
instanceKlass javax/swing/plaf/metal/DefaultMetalTheme$FontDelegate
instanceKlass javax/swing/plaf/UIResource
instanceKlass javax/swing/plaf/metal/MetalTheme
instanceKlass sun/swing/DefaultLookup
instanceKlass javax/swing/LookAndFeel
instanceKlass javax/swing/UIManager$1
instanceKlass  @bci javax/swing/UIDefaults <clinit> ()V 10 <appendix> argL0 ; # javax/swing/UIDefaults$$Lambda+0x000000080023aca8
instanceKlass  @cpi com/st/microxplorer/plugins/updater/Updater 974 form vmentry <vmtarget> ; # java/lang/invoke/LambdaForm$DMH+0x000000080020bc00
instanceKlass sun/swing/SwingAccessor$UIDefaultsAccessor
instanceKlass javax/swing/UIManager$LAFState
instanceKlass sun/swing/SwingUtilities2$LSBCacheEntry
instanceKlass sun/swing/StringUIClientPropertyKey
instanceKlass javax/swing/UIClientPropertyKey
instanceKlass java/awt/font/FontRenderContext
instanceKlass sun/swing/SwingUtilities2
instanceKlass java/util/IdentityHashMap$IdentityHashMapIterator
instanceKlass java/awt/Toolkit$DesktopPropertyChangeSupport$1
instanceKlass sun/awt/SunHints$Value
instanceKlass java/awt/RenderingHints$Key
instanceKlass sun/awt/SunHints
instanceKlass java/awt/RenderingHints
instanceKlass sun/awt/windows/WDesktopProperties$WinPlaySound
instanceKlass java/awt/Color
instanceKlass java/awt/Paint
instanceKlass sun/awt/windows/ThemeReader
instanceKlass sun/awt/windows/WDesktopProperties
instanceKlass javax/swing/UIManager$LookAndFeelInfo
instanceKlass javax/swing/UIManager
instanceKlass java/awt/FlowLayout
instanceKlass javax/swing/JComponent$2
instanceKlass javax/swing/JComponent$1
instanceKlass sun/swing/SwingAccessor$JComponentAccessor
instanceKlass java/awt/AWTEventMulticaster
instanceKlass java/awt/event/MouseWheelListener
instanceKlass java/awt/event/HierarchyBoundsListener
instanceKlass java/awt/event/HierarchyListener
instanceKlass java/awt/event/InputMethodListener
instanceKlass java/awt/event/TextListener
instanceKlass java/awt/event/AdjustmentListener
instanceKlass java/awt/event/ItemListener
instanceKlass java/awt/event/ActionListener
instanceKlass java/awt/event/WindowFocusListener
instanceKlass java/awt/event/MouseMotionListener
instanceKlass java/awt/event/KeyListener
instanceKlass java/awt/event/FocusListener
instanceKlass java/awt/event/ContainerListener
instanceKlass java/awt/Component$3
instanceKlass sun/awt/KeyboardFocusManagerPeerImpl
instanceKlass java/awt/peer/KeyboardFocusManagerPeer
instanceKlass javax/swing/KeyStroke$1
instanceKlass sun/swing/SwingAccessor$KeyStrokeAccessor
instanceKlass sun/swing/SwingAccessor
instanceKlass java/awt/AWTKeyStroke
instanceKlass java/awt/FocusTraversalPolicy
instanceKlass java/awt/DefaultKeyboardFocusManager$2
instanceKlass java/awt/DefaultKeyboardFocusManager$1
instanceKlass sun/awt/AWTAccessor$DefaultKeyboardFocusManagerAccessor
instanceKlass java/awt/KeyboardFocusManager$1
instanceKlass sun/awt/AWTAccessor$KeyboardFocusManagerAccessor
instanceKlass java/awt/KeyboardFocusManager
instanceKlass java/awt/KeyEventPostProcessor
instanceKlass java/awt/KeyEventDispatcher
instanceKlass java/awt/Window$WindowDisposerRecord
instanceKlass java/awt/BorderLayout
instanceKlass java/awt/LayoutManager2
instanceKlass java/awt/GraphicsConfiguration
instanceKlass sun/awt/image/SurfaceManager$ProxiedGraphicsConfig
instanceKlass java/awt/GraphicsDevice
instanceKlass sun/awt/SunDisplayChanger
instanceKlass sun/java2d/SurfaceManagerFactory
instanceKlass sun/java2d/windows/WindowsFlags$1
instanceKlass sun/java2d/windows/WindowsFlags
instanceKlass java/awt/GraphicsEnvironment$LocalGE
instanceKlass java/awt/Cursor$1
instanceKlass sun/awt/AWTAccessor$CursorAccessor
instanceKlass java/awt/Cursor
instanceKlass java/awt/Frame$1
instanceKlass sun/awt/AWTAccessor$FrameAccessor
instanceKlass java/awt/event/WindowListener
instanceKlass javax/swing/SwingUtilities
instanceKlass  @bci sun/awt/windows/WToolkit <init> ()V 142 <appendix> argL0 ; # sun/awt/windows/WToolkit$$Lambda+0x0000000800228200
instanceKlass  @bci sun/awt/windows/WToolkit lambda$registerShutdownHook$2 ()Ljava/lang/Void; 8 <appendix> member <vmtarget> ; # sun/awt/windows/WToolkit$$Lambda+0x0000000800227fd8
instanceKlass  @bci sun/awt/windows/WToolkit registerShutdownHook ()V 1 <appendix> member <vmtarget> ; # sun/awt/windows/WToolkit$$Lambda+0x0000000800227db0
instanceKlass  @bci sun/awt/windows/WToolkit run ()V 0 <appendix> argL0 ; # sun/awt/windows/WToolkit$$Lambda+0x0000000800227b90
instanceKlass  @bci sun/font/SunLayoutEngine getFacePtr (Lsun/font/Font2D;)J 10 <bsm> form vmentry <vmtarget> ; # java/lang/invoke/LambdaForm$DMH+0x000000080020b800
instanceKlass  @bci sun/awt/windows/WToolkit <init> ()V 93 <appendix> member <vmtarget> ; # sun/awt/windows/WToolkit$$Lambda+0x0000000800227968
instanceKlass  @bci sun/awt/windows/WToolkit <init> ()V 68 <appendix> argL0 ; # sun/awt/windows/WToolkit$$Lambda+0x0000000800227748
instanceKlass  @bci sun/awt/AWTAutoShutdown activateBlockerThread ()V 1 <appendix> member <vmtarget> ; # sun/awt/AWTAutoShutdown$$Lambda+0x0000000800227520
instanceKlass sun/awt/AWTAutoShutdown
instanceKlass sun/awt/windows/WToolkit$ToolkitDisposer
instanceKlass sun/awt/util/PerformanceLogger$TimeData
instanceKlass sun/awt/util/PerformanceLogger
instanceKlass sun/awt/SunToolkit$ModalityListenerList
instanceKlass sun/awt/ModalityListener
instanceKlass java/beans/ChangeListenerMap
instanceKlass java/beans/PropertyChangeSupport
instanceKlass javax/swing/event/EventListenerList
instanceKlass sun/awt/windows/WDesktopPeer
instanceKlass java/awt/peer/DesktopPeer
instanceKlass sun/awt/DisplayChangedListener
instanceKlass sun/java2d/DestSurfaceProvider
instanceKlass sun/java2d/loops/RenderCache$Entry
instanceKlass sun/java2d/loops/RenderCache
instanceKlass sun/java2d/pipe/DrawImage
instanceKlass sun/java2d/pipe/GeneralCompositePipe
instanceKlass sun/java2d/pipe/SpanShapeRenderer
instanceKlass sun/java2d/pipe/AlphaPaintPipe
instanceKlass sun/java2d/pipe/AAShapePipe
instanceKlass sun/java2d/pipe/RegionIterator
instanceKlass sun/java2d/pipe/Region
instanceKlass sun/java2d/pipe/SpanClipRenderer
instanceKlass sun/java2d/pipe/PixelToShapeConverter
instanceKlass sun/java2d/pipe/AlphaColorPipe
instanceKlass sun/java2d/pipe/CompositePipe
instanceKlass  @bci com/st/microxplorer/plugins/updater/engine/ServerAccessManage setConnectionProperties (Ljava/net/HttpURLConnection;II)V 5 <appendix> form vmentry <vmtarget> ; # java/lang/invoke/LambdaForm$MH+0x000000080020b400
instanceKlass  @bci com/st/microxplorer/plugins/updater/engine/ServerAccessManage setConnectionProperties (Ljava/net/HttpURLConnection;II)V 5 <appendix> argL3 form vmentry <vmtarget> ; # java/lang/invoke/LambdaForm$MH+0x000000080020b000
instanceKlass  @bci java/awt/Color toString ()Ljava/lang/String; 19 <appendix> argL3 argL2 form vmentry <vmtarget> ; # java/lang/invoke/LambdaForm$MH+0x000000080020ac00
# instanceKlass java/lang/invoke/LambdaForm$MH+0x000000080020a800
# instanceKlass java/lang/invoke/LambdaForm$MH+0x000000080020a400
# instanceKlass java/lang/invoke/LambdaForm$MH+0x000000080020a000
instanceKlass  @bci com/st/microxplorer/plugins/clock/gui/VariedSourceUI <init> (Lcom/st/microxplorer/plugins/clock/model/clocktree/VariedSource;)V 641 <appendix> argL1 argL0 form vmentry <vmtarget> ; # java/lang/invoke/LambdaForm$MH+0x0000000800209c00
# instanceKlass java/lang/invoke/LambdaForm$MH+0x0000000800209800
# instanceKlass java/lang/invoke/LambdaForm$MH+0x0000000800209400
# instanceKlass java/lang/invoke/LambdaForm$MH+0x0000000800209000
instanceKlass sun/awt/OSInfo$1
instanceKlass sun/awt/OSInfo$WindowsVersion
instanceKlass sun/awt/OSInfo
instanceKlass sun/font/FontUtilities$1
instanceKlass sun/font/FontUtilities
instanceKlass sun/java2d/pipe/GlyphListPipe
instanceKlass sun/java2d/pipe/OutlineTextRenderer
instanceKlass sun/java2d/ReentrantContextProvider
instanceKlass sun/java2d/marlin/FloatMath
instanceKlass sun/java2d/marlin/MarlinProperties
instanceKlass sun/java2d/marlin/MarlinConst
instanceKlass sun/java2d/pipe/RenderingEngine
instanceKlass sun/java2d/pipe/LoopPipe
instanceKlass sun/java2d/pipe/LoopBasedPipe
instanceKlass sun/java2d/pipe/ParallelogramPipe
instanceKlass sun/java2d/pipe/NullPipe
instanceKlass sun/java2d/pipe/DrawImagePipe
instanceKlass sun/java2d/pipe/TextPipe
instanceKlass sun/java2d/pipe/ShapeDrawPipe
instanceKlass sun/java2d/pipe/PixelFillPipe
instanceKlass sun/java2d/pipe/PixelDrawPipe
instanceKlass java/awt/image/ColorModel$1RGBdefault
instanceKlass sun/awt/image/PixelConverter
instanceKlass sun/java2d/loops/SurfaceType
instanceKlass sun/java2d/SurfaceData
instanceKlass sun/java2d/Surface
instanceKlass sun/awt/windows/WToolkit$1
instanceKlass java/awt/image/MultiResolutionImage
instanceKlass java/awt/MediaEntry
instanceKlass java/io/RandomAccessFile$1
instanceKlass java/awt/image/BufferedImage$1
instanceKlass sun/awt/image/SurfaceManager
instanceKlass sun/awt/image/SurfaceManager$ImageAccessor
instanceKlass java/awt/ImageCapabilities
instanceKlass sun/awt/image/NativeLibLoader$1
instanceKlass sun/awt/image/NativeLibLoader
instanceKlass sun/java2d/StateTrackableDelegate$2
instanceKlass sun/java2d/StateTrackableDelegate
instanceKlass sun/java2d/StateTrackable
instanceKlass java/awt/geom/RectangularShape
instanceKlass java/awt/Shape
instanceKlass java/awt/image/SampleModel
instanceKlass java/awt/image/ColorModel$1
instanceKlass java/awt/image/ColorModel
instanceKlass java/awt/image/Raster
instanceKlass java/awt/image/DataBuffer$1
instanceKlass sun/awt/image/SunWritableRaster$DataStealer
instanceKlass java/awt/image/DataBuffer
instanceKlass com/sun/imageio/plugins/png/PNGImageDataEnumeration
instanceKlass javax/imageio/IIOParam
instanceKlass javax/imageio/metadata/IIOMetadata
instanceKlass java/awt/geom/Point2D
instanceKlass javax/imageio/ImageIO$ImageReaderIterator
instanceKlass java/util/concurrent/ForkJoinPool$2
instanceKlass jdk/internal/access/JavaUtilConcurrentFJPAccess
instanceKlass java/util/concurrent/ForkJoinPool$DefaultForkJoinWorkerThreadFactory
instanceKlass java/util/concurrent/ForkJoinPool$WorkQueue
instanceKlass java/util/concurrent/ForkJoinPool$ForkJoinWorkerThreadFactory
instanceKlass com/sun/imageio/plugins/common/ReaderUtil
instanceKlass javax/imageio/spi/FilterIterator
instanceKlass javax/imageio/ImageIO$CanDecodeInputFilter
instanceKlass javax/imageio/spi/ServiceRegistry$Filter
instanceKlass sun/java2d/DisposerTarget
instanceKlass  @bci sun/java2d/Disposer <clinit> ()V 104 <appendix> argL0 ; # sun/java2d/Disposer$$Lambda+0x000000080026c038
instanceKlass sun/java2d/Disposer$1
instanceKlass sun/java2d/Disposer
instanceKlass javax/imageio/stream/FileCacheImageInputStream$StreamDisposerRecord
instanceKlass sun/java2d/DisposerRecord
instanceKlass sun/awt/util/ThreadGroupUtils
instanceKlass  @bci com/sun/imageio/stream/StreamCloser addToQueue (Lcom/sun/imageio/stream/StreamCloser$CloseAction;)V 45 <appendix> member <vmtarget> ; # com/sun/imageio/stream/StreamCloser$$Lambda+0x000000080026b378
instanceKlass com/sun/imageio/stream/StreamCloser$1
instanceKlass com/sun/imageio/stream/StreamCloser$CloseAction
instanceKlass com/sun/imageio/stream/StreamCloser
instanceKlass sun/nio/fs/WindowsChannelFactory$2
instanceKlass sun/nio/fs/WindowsPath$1
instanceKlass sun/security/provider/AbstractDrbg$NonceProvider
instanceKlass  @bci sun/security/provider/AbstractDrbg$SeederHolder <clinit> ()V 42 <appendix> member <vmtarget> ; # sun/security/provider/AbstractDrbg$SeederHolder$$Lambda+0x0000000800269fe8
instanceKlass  @cpi sun/security/provider/AbstractDrbg$SeederHolder 91 form vmentry <vmtarget> ; # java/lang/invoke/LambdaForm$DMH+0x0000000800208c00
# instanceKlass java/lang/invoke/LambdaForm$DMH+0x0000000800208800
instanceKlass java/net/NetworkInterface$1
instanceKlass java/net/DefaultInterface
instanceKlass java/net/InterfaceAddress
instanceKlass java/net/NetworkInterface
instanceKlass sun/security/provider/ByteArrayAccess$BE
instanceKlass sun/security/provider/ByteArrayAccess
instanceKlass sun/security/provider/SeedGenerator$1
instanceKlass sun/security/util/MessageDigestSpi2
instanceKlass sun/security/jca/GetInstance$Instance
instanceKlass sun/security/jca/GetInstance
instanceKlass java/security/MessageDigestSpi
instanceKlass sun/security/provider/SeedGenerator
instanceKlass sun/security/provider/AbstractDrbg$SeederHolder
instanceKlass java/security/DrbgParameters$NextBytes
instanceKlass  @bci sun/security/provider/AbstractDrbg <clinit> ()V 12 <appendix> argL0 ; # sun/security/provider/AbstractDrbg$$Lambda+0x0000000800266db8
instanceKlass  @cpi sun/security/provider/AbstractDrbg 383 form vmentry <vmtarget> ; # java/lang/invoke/LambdaForm$DMH+0x0000000800208400
# instanceKlass java/lang/invoke/LambdaForm$DMH+0x0000000800208000
instanceKlass sun/security/provider/EntropySource
instanceKlass sun/security/provider/AbstractDrbg
instanceKlass java/security/DrbgParameters$Instantiation
instanceKlass java/security/DrbgParameters
instanceKlass sun/security/provider/MoreDrbgParameters
instanceKlass  @bci sun/security/provider/DRBG <init> (Ljava/security/SecureRandomParameters;)V 26 <appendix> argL0 ; # sun/security/provider/DRBG$$Lambda+0x0000000800265858
instanceKlass java/security/SecureRandomSpi
instanceKlass sun/security/util/SecurityProviderConstants
instanceKlass java/security/Provider$UString
instanceKlass java/security/Provider$Service
instanceKlass sun/security/provider/NativePRNG$NonBlocking
instanceKlass sun/security/provider/NativePRNG$Blocking
instanceKlass sun/security/provider/NativePRNG
instanceKlass sun/security/provider/SunEntries$1
instanceKlass sun/security/provider/SunEntries
instanceKlass java/util/AbstractList$Itr
instanceKlass sun/security/jca/ProviderList$2
instanceKlass jdk/internal/math/FloatingDecimal$ASCIIToBinaryBuffer
instanceKlass jdk/internal/math/FloatingDecimal$PreparedASCIIToBinaryBuffer
instanceKlass jdk/internal/math/FloatingDecimal$ASCIIToBinaryConverter
instanceKlass jdk/internal/math/FloatingDecimal$BinaryToASCIIBuffer
instanceKlass jdk/internal/math/FloatingDecimal$ExceptionalBinaryToASCIIBuffer
instanceKlass jdk/internal/math/FloatingDecimal$BinaryToASCIIConverter
instanceKlass jdk/internal/math/FloatingDecimal
instanceKlass javax/security/auth/login/Configuration$Parameters
instanceKlass java/security/Policy$Parameters
instanceKlass java/security/cert/CertStoreParameters
instanceKlass java/security/SecureRandomParameters
instanceKlass java/security/Provider$EngineDescription
instanceKlass java/security/Provider$ServiceKey
instanceKlass sun/security/jca/ProviderConfig
instanceKlass sun/security/jca/ProviderList
instanceKlass sun/security/jca/Providers
instanceKlass java/nio/file/TempFileHelper
instanceKlass javax/imageio/stream/ImageInputStreamImpl
instanceKlass javax/imageio/ImageIO$CacheInfo
instanceKlass java/util/LinkedList$Node
instanceKlass javax/imageio/spi/PartialOrderIterator
instanceKlass javax/imageio/ImageWriter
instanceKlass javax/imageio/ImageTranscoder
instanceKlass javax/imageio/ImageTypeSpecifier
instanceKlass javax/imageio/metadata/IIOMetadataFormat
instanceKlass javax/imageio/ImageReader
instanceKlass javax/imageio/spi/IIORegistry$1
instanceKlass sun/java2d/cmm/ProfileDeferralInfo
instanceKlass java/awt/color/ICC_Profile$BuiltInProfile
instanceKlass  @bci java/awt/color/ICC_Profile <clinit> ()V 0 <appendix> argL0 ; # java/awt/color/ICC_Profile$$Lambda+0x0000000800258eb8
instanceKlass sun/java2d/cmm/Profile
instanceKlass sun/awt/AWTAccessor$ICC_ProfileAccessor
instanceKlass java/awt/color/ICC_Profile
instanceKlass java/awt/color/ColorSpace$BuiltInSpace
instanceKlass java/awt/color/ColorSpace
instanceKlass com/sun/imageio/plugins/jpeg/JPEG
instanceKlass javax/imageio/stream/ImageOutputStream
instanceKlass javax/imageio/spi/DigraphNode
instanceKlass javax/imageio/stream/ImageInputStream
instanceKlass javax/imageio/spi/SubRegistry
instanceKlass javax/imageio/spi/IIOServiceProvider
instanceKlass javax/imageio/spi/RegisterableService
instanceKlass javax/imageio/spi/ServiceRegistry
instanceKlass javax/imageio/ImageIO
instanceKlass java/awt/MediaTracker
instanceKlass sun/awt/PostEventQueue
instanceKlass sun/awt/MostRecentKeyValue
instanceKlass java/awt/Queue
instanceKlass java/awt/EventQueue$3
instanceKlass java/awt/EventQueue$2
instanceKlass sun/awt/AWTAccessor$EventQueueAccessor
instanceKlass java/awt/EventQueue$1
instanceKlass java/awt/EventQueue
instanceKlass sun/awt/AppContext$1
instanceKlass sun/awt/WeakIdentityHashMap
instanceKlass sun/awt/KeyboardFocusManagerPeerProvider
instanceKlass sun/awt/InputMethodSupport
instanceKlass sun/awt/ComponentFactory
instanceKlass sun/awt/AppContext$2
instanceKlass sun/awt/AppContext$3
instanceKlass sun/awt/AppContext$6
instanceKlass jdk/internal/access/JavaAWTAccess
instanceKlass sun/awt/AppContext$GetAppContextLock
instanceKlass sun/awt/AppContext
instanceKlass java/awt/ComponentOrientation
instanceKlass javax/swing/ImageIcon$2
instanceKlass javax/swing/ImageIcon$1
instanceKlass javax/swing/ImageIcon
instanceKlass javax/swing/Icon
instanceKlass java/awt/Transparency
instanceKlass java/awt/image/WritableRenderedImage
instanceKlass java/awt/image/RenderedImage
instanceKlass java/awt/Image
instanceKlass java/awt/Window$1
instanceKlass sun/awt/AWTAccessor$WindowAccessor
instanceKlass java/awt/Container$1
instanceKlass sun/awt/AWTAccessor$ContainerAccessor
instanceKlass java/awt/geom/Dimension2D
instanceKlass java/awt/LightweightDispatcher
instanceKlass java/awt/event/AWTEventListener
instanceKlass java/awt/LayoutManager
instanceKlass java/awt/Component$DummyRequestFocusController
instanceKlass sun/awt/RequestFocusController
instanceKlass java/awt/Component$1
instanceKlass sun/awt/AWTAccessor$ComponentAccessor
instanceKlass java/awt/font/JavaAWTFontAccessImpl
instanceKlass jdk/internal/access/JavaAWTFontAccess
instanceKlass sun/font/AttributeValues
instanceKlass java/awt/geom/AffineTransform
instanceKlass sun/font/FontAccess
instanceKlass java/awt/Font
instanceKlass sun/awt/windows/WObjectPeer
instanceKlass java/awt/dnd/peer/DropTargetPeer
instanceKlass java/awt/peer/ComponentPeer
instanceKlass java/awt/event/InputEvent$1
instanceKlass sun/awt/AWTAccessor$InputEventAccessor
instanceKlass java/awt/event/NativeLibLoader$1
instanceKlass java/awt/event/NativeLibLoader
instanceKlass java/awt/AWTEvent$1
instanceKlass sun/awt/AWTAccessor$AWTEventAccessor
instanceKlass sun/awt/PlatformGraphicsInfo
instanceKlass  @bci java/awt/GraphicsEnvironment getHeadlessProperty ()Z 6 <appendix> argL0 ; # java/awt/GraphicsEnvironment$$Lambda+0x00000008002469c8
instanceKlass java/awt/GraphicsEnvironment
instanceKlass java/awt/Insets
instanceKlass  @bci com/st/microxplorer/plugins/ipmanager/generictreatment/model/ParameterProperty updateShortDescription ()V 712 <appendix> form vmentry <vmtarget> ; # java/lang/invoke/LambdaForm$MH+0x0000000800203c00
# instanceKlass java/lang/invoke/LambdaForm$MH+0x0000000800203800
instanceKlass  @bci com/st/microxplorer/plugins/ipmanager/generictreatment/model/ParameterProperty updateShortDescription ()V 712 <appendix> argL3 form vmentry <vmtarget> ; # java/lang/invoke/LambdaForm$MH+0x0000000800203400
# instanceKlass java/lang/invoke/LambdaForm$MH+0x0000000800203000
# instanceKlass java/lang/invoke/LambdaForm$MH+0x0000000800202c00
# instanceKlass java/lang/invoke/LambdaForm$MH+0x0000000800202800
# instanceKlass java/lang/invoke/LambdaForm$MH+0x0000000800202400
instanceKlass  @bci com/st/microxplorer/plugins/ipmanager/generictreatment/model/ParameterProperty updateShortDescription ()V 712 <appendix> argL1 form vmentry <vmtarget> ; # java/lang/invoke/LambdaForm$MH+0x0000000800202000
# instanceKlass java/lang/invoke/LambdaForm$MH+0x0000000800201c00
# instanceKlass java/lang/invoke/LambdaForm$MH+0x0000000800201800
# instanceKlass java/lang/invoke/LambdaForm$MH+0x0000000800201400
instanceKlass java/awt/Toolkit$1
instanceKlass java/awt/Toolkit$2
instanceKlass  @bci java/util/ResourceBundle$ResourceBundleProviderHelper loadPropertyResourceBundle (Ljava/lang/Module;Ljava/lang/Module;Ljava/lang/String;Ljava/util/Locale;)Ljava/util/ResourceBundle; 14 <appendix> member <vmtarget> ; # java/util/ResourceBundle$ResourceBundleProviderHelper$$Lambda+0x0000000800245880
instanceKlass  @bci java/util/ResourceBundle$ResourceBundleProviderHelper loadResourceBundle (Ljava/lang/Module;Ljava/lang/Module;Ljava/lang/String;Ljava/util/Locale;)Ljava/util/ResourceBundle; 13 <appendix> member <vmtarget> ; # java/util/ResourceBundle$ResourceBundleProviderHelper$$Lambda+0x0000000800245190
instanceKlass java/util/ResourceBundle$3
instanceKlass java/util/ResourceBundle$CacheKeyReference
instanceKlass java/util/ResourceBundle$CacheKey
instanceKlass  @bci java/util/ResourceBundle getLoader (Ljava/lang/Module;)Ljava/lang/ClassLoader; 6 <appendix> member <vmtarget> ; # java/util/ResourceBundle$$Lambda+0x00000008002446b0
instanceKlass java/awt/Toolkit$4
instanceKlass sun/awt/AWTAccessor
instanceKlass java/awt/Toolkit$3
instanceKlass sun/awt/AWTAccessor$ToolkitAccessor
instanceKlass java/awt/Toolkit
instanceKlass java/awt/Component$AWTTreeLock
instanceKlass javax/swing/SwingConstants
instanceKlass org/apache/logging/log4j/core/layout/ByteBufferDestinationHelper
instanceKlass org/apache/logging/log4j/core/layout/TextEncoderHelper
instanceKlass java/time/Instant
instanceKlass java/time/temporal/Temporal
instanceKlass  @bci java/time/ZoneOffset ofTotalSeconds (I)Ljava/time/ZoneOffset; 37 <appendix> argL0 ; # java/time/ZoneOffset$$Lambda+0x00000008001ff7d8
instanceKlass java/time/ZoneId
instanceKlass java/time/temporal/TemporalAdjuster
instanceKlass java/time/Clock
instanceKlass java/time/InstantSource
instanceKlass org/apache/logging/log4j/core/impl/ContextDataFactory
instanceKlass org/apache/logging/log4j/message/SimpleMessage
instanceKlass org/apache/logging/log4j/core/impl/MutableLogEvent
instanceKlass  @bci org/apache/logging/log4j/util/StackLocator calcLocation (Ljava/lang/String;)Ljava/lang/StackTraceElement; 15 <appendix> argL0 ; # org/apache/logging/log4j/util/StackLocator$$Lambda+0x00000008002046f8
instanceKlass  @bci org/apache/logging/log4j/util/StackLocator lambda$calcLocation$15 (Ljava/lang/String;Ljava/util/stream/Stream;)Ljava/util/Optional; 13 <appendix> member <vmtarget> ; # org/apache/logging/log4j/util/StackLocator$$Lambda+0x00000008002044a0
instanceKlass  @bci org/apache/logging/log4j/util/StackLocator lambda$calcLocation$15 (Ljava/lang/String;Ljava/util/stream/Stream;)Ljava/util/Optional; 2 <appendix> member <vmtarget> ; # org/apache/logging/log4j/util/StackLocator$$Lambda+0x0000000800204248
instanceKlass  @bci org/apache/logging/log4j/util/StackLocator calcLocation (Ljava/lang/String;)Ljava/lang/StackTraceElement; 4 <appendix> member <vmtarget> ; # org/apache/logging/log4j/util/StackLocator$$Lambda+0x0000000800204000
instanceKlass org/apache/logging/log4j/message/ReusableSimpleMessage
instanceKlass org/apache/logging/log4j/message/Clearable
instanceKlass org/apache/logging/log4j/message/ParameterVisitable
instanceKlass org/apache/logging/log4j/message/ReusableMessage
instanceKlass  @bci com/st/microxplorer/plugins/updater/engine/CheckConnectionManager getHttpFileSize (Ljava/lang/String;)J 241 <appendix> form vmentry <vmtarget> ; # java/lang/invoke/LambdaForm$MH+0x0000000800201000
instanceKlass  @bci com/st/microxplorer/plugins/updater/engine/CheckConnectionManager getHttpFileSize (Ljava/lang/String;)J 241 <appendix> argL3 form vmentry <vmtarget> ; # java/lang/invoke/LambdaForm$MH+0x0000000800200c00
# instanceKlass java/lang/invoke/LambdaForm$MH+0x0000000800200800
# instanceKlass java/lang/invoke/LambdaForm$MH+0x0000000800200400
instanceKlass  @bci com/st/microxplorer/plugins/updater/engine/CheckConnectionManager getHttpFileSize (Ljava/lang/String;)J 163 <appendix> argL1 argL0 form vmentry <vmtarget> ; # java/lang/invoke/LambdaForm$MH+0x0000000800200000
# instanceKlass java/lang/invoke/LambdaForm$MH+0x00000008001bdc00
instanceKlass  @bci org/apache/logging/log4j/util/StackLocator getCallerClass (I)Ljava/lang/Class; 15 <appendix> argL0 ; # org/apache/logging/log4j/util/StackLocator$$Lambda+0x00000008001bf378
instanceKlass java/util/stream/SliceOps
instanceKlass  @bci org/apache/logging/log4j/util/StackLocator getCallerClass (I)Ljava/lang/Class; 4 <appendix> member <vmtarget> ; # org/apache/logging/log4j/util/StackLocator$$Lambda+0x00000008001bf138
instanceKlass  @cpi javax/swing/plaf/basic/BasicLookAndFeel 2612 form vmentry <vmtarget> ; # java/lang/invoke/LambdaForm$DMH+0x00000008001bd800
instanceKlass com/st/components/util/CommandLine
instanceKlass com/st/components/util/CommandLineManager
instanceKlass com/st/microxplorer/maingui/MicroXplorer$2
instanceKlass org/apache/logging/log4j/core/jmx/LoggerConfigAdmin
instanceKlass org/apache/logging/log4j/core/jmx/LoggerConfigAdminMBean
instanceKlass org/apache/logging/log4j/core/config/Loggers
instanceKlass java/util/concurrent/atomic/AtomicBoolean
instanceKlass org/apache/logging/log4j/core/config/AwaitCompletionReliabilityStrategy
instanceKlass org/apache/logging/log4j/core/config/ReliabilityStrategyFactory
instanceKlass org/apache/logging/log4j/core/config/LoggerConfig$LevelAndRefs
instanceKlass org/apache/logging/log4j/core/config/LoggerConfig$RootLogger$Builder
instanceKlass  @bci java/lang/invoke/BootstrapMethodInvoker invoke (Ljava/lang/Class;Ljava/lang/invoke/MethodHandle;Ljava/lang/String;Ljava/lang/Object;Ljava/lang/Object;Ljava/lang/Class;)Ljava/lang/Object; 462 <adapter> ; # java/lang/invoke/LambdaForm$MH+0x00000008001bd400
# instanceKlass java/lang/invoke/LambdaForm$MH+0x00000008001bd000
# instanceKlass java/lang/invoke/LambdaForm$MH+0x00000008001bcc00
# instanceKlass java/lang/invoke/LambdaForm$MH+0x00000008001bc800
# instanceKlass java/lang/invoke/LambdaForm$MH+0x00000008001bc400
instanceKlass java/lang/Byte$ByteCache
instanceKlass java/lang/Short$ShortCache
instanceKlass org/apache/logging/log4j/core/config/plugins/PluginAttribute
instanceKlass org/apache/logging/log4j/core/config/plugins/PluginFactory
instanceKlass org/apache/logging/log4j/core/appender/ConfigurationFactoryData
instanceKlass org/apache/logging/log4j/core/appender/FileManager$FileManagerFactory
instanceKlass  @bci jdk/internal/reflect/MethodHandleBooleanFieldAccessorImpl setBoolean (Ljava/lang/Object;Z)V 41 <adapter> ; # java/lang/invoke/LambdaForm$MH+0x00000008001bc000
instanceKlass org/apache/logging/log4j/core/lookup/DefaultLookupResult
instanceKlass org/apache/logging/log4j/core/util/Assert
instanceKlass org/apache/logging/log4j/core/config/plugins/validation/validators/RequiredValidator
instanceKlass org/apache/logging/log4j/core/config/plugins/validation/ConstraintValidator
instanceKlass org/apache/logging/log4j/util/EnglishEnums
instanceKlass org/apache/logging/log4j/core/config/plugins/convert/EnumConverter
instanceKlass org/apache/logging/log4j/core/config/plugins/validation/constraints/Required
instanceKlass org/apache/logging/log4j/core/filter/AbstractFilterable$Builder
instanceKlass org/apache/logging/log4j/core/layout/PatternLayout$NoFormatPatternSerializer
instanceKlass org/apache/logging/log4j/core/util/datetime/FastDateParser$StrategyAndWidth
instanceKlass org/apache/logging/log4j/core/util/datetime/FastDateParser$StrategyParser
instanceKlass  @bci org/apache/logging/log4j/core/util/datetime/FastDateParser <clinit> ()V 16 <appendix> argL0 ; # org/apache/logging/log4j/core/util/datetime/FastDateParser$$Lambda+0x00000008001b7168
instanceKlass sun/util/locale/Extension
instanceKlass sun/util/locale/LocaleExtensions
instanceKlass org/apache/logging/log4j/core/util/datetime/FastDateParser$Strategy
instanceKlass org/apache/logging/log4j/core/util/datetime/FastDateParser
instanceKlass org/apache/logging/log4j/core/util/datetime/FastDatePrinter$TwoDigitNumberField
instanceKlass org/apache/logging/log4j/core/util/datetime/FastDatePrinter$TwoDigitMonthField
instanceKlass org/apache/logging/log4j/core/util/datetime/FastDatePrinter$CharacterLiteral
instanceKlass org/apache/logging/log4j/core/util/datetime/FastDatePrinter$PaddedNumberField
instanceKlass sun/util/resources/Bundles$2
instanceKlass sun/util/resources/LocaleData$LocaleDataResourceBundleProvider
instanceKlass java/util/spi/ResourceBundleProvider
instanceKlass org/apache/logging/log4j/core/util/datetime/FastDatePrinter$NumberRule
instanceKlass org/apache/logging/log4j/core/util/datetime/FastDatePrinter$Rule
instanceKlass org/apache/logging/log4j/core/util/datetime/FastDatePrinter
instanceKlass org/apache/logging/log4j/core/util/datetime/FormatCache$MultipartKey
instanceKlass org/apache/logging/log4j/core/util/datetime/FormatCache
instanceKlass org/apache/logging/log4j/core/util/datetime/Format
instanceKlass org/apache/logging/log4j/core/util/datetime/DatePrinter
instanceKlass org/apache/logging/log4j/core/util/datetime/DateParser
instanceKlass  @bci jdk/internal/reflect/MethodHandleIntegerFieldAccessorImpl getInt (Ljava/lang/Object;)I 20 <adapter> ; # java/lang/invoke/LambdaForm$MH+0x00000008001b3000
# instanceKlass java/lang/invoke/LambdaForm$MH+0x00000008001b2c00
# instanceKlass java/lang/invoke/LambdaForm$BMH+0x00000008001b2800
instanceKlass  @cpi java/io/ObjectInputStream 1214 form vmentry <vmtarget> ; # java/lang/invoke/LambdaForm$DMH+0x00000008001b2400
# instanceKlass java/lang/invoke/LambdaForm$MH+0x00000008001b2000
# instanceKlass java/lang/invoke/LambdaForm$MH+0x00000008001b1c00
# instanceKlass java/lang/invoke/LambdaForm$MH+0x00000008001b1800
instanceKlass org/apache/logging/log4j/core/config/plugins/PluginConfiguration
instanceKlass org/apache/logging/log4j/core/config/plugins/PluginElement
instanceKlass org/apache/logging/log4j/core/config/plugins/validation/Constraint
instanceKlass org/apache/logging/log4j/core/config/plugins/validation/ConstraintValidators
instanceKlass  @bci jdk/internal/reflect/MethodHandleObjectFieldAccessorImpl set (Ljava/lang/Object;Ljava/lang/Object;)V 41 <adapter> ; # java/lang/invoke/LambdaForm$MH+0x00000008001b1400
# instanceKlass java/lang/invoke/LambdaForm$MH+0x00000008001b1000
# instanceKlass java/lang/invoke/LambdaForm$MH+0x00000008001b0c00
# instanceKlass java/lang/invoke/LambdaForm$MH+0x00000008001b0800
# instanceKlass java/lang/invoke/LambdaForm$MH+0x00000008001b0400
instanceKlass org/apache/logging/log4j/util/StringBuilders
instanceKlass org/apache/logging/log4j/core/appender/rolling/action/Duration
instanceKlass org/apache/logging/log4j/core/util/CronExpression
instanceKlass java/lang/reflect/WildcardType
instanceKlass sun/reflect/generics/tree/Wildcard
instanceKlass sun/reflect/generics/tree/BottomSignature
instanceKlass sun/reflect/generics/tree/CharSignature
instanceKlass sun/reflect/generics/tree/ArrayTypeSignature
instanceKlass sun/reflect/generics/tree/ByteSignature
instanceKlass org/apache/logging/log4j/core/config/plugins/convert/TypeConverterRegistry
instanceKlass org/apache/logging/log4j/core/config/plugins/convert/TypeConverters
instanceKlass org/apache/logging/log4j/core/config/plugins/visitors/AbstractPluginVisitor
instanceKlass org/apache/logging/log4j/core/config/plugins/visitors/PluginVisitor
instanceKlass  @bci javax/swing/plaf/basic/BasicLookAndFeel initComponentDefaults (Ljavax/swing/UIDefaults;)V 377 <appendix> form vmentry <vmtarget> ; # java/lang/invoke/LambdaForm$DMH+0x00000008001b0000
instanceKlass  @bci sun/reflect/annotation/AnnotationParser parseEnumArray (ILjava/lang/Class;Ljava/nio/ByteBuffer;Ljdk/internal/reflect/ConstantPool;Ljava/lang/Class;)Ljava/lang/Object; 16 <appendix> member <vmtarget> ; # sun/reflect/annotation/AnnotationParser$$Lambda+0x00000008001f9448
instanceKlass org/apache/logging/log4j/core/config/plugins/visitors/PluginVisitors
instanceKlass org/apache/logging/log4j/core/config/plugins/PluginVisitorStrategy
instanceKlass org/apache/logging/log4j/core/config/plugins/PluginBuilderAttribute
instanceKlass org/apache/logging/log4j/core/util/TypeUtil
instanceKlass org/apache/logging/log4j/core/config/plugins/PluginBuilderFactory
instanceKlass org/apache/logging/log4j/core/config/plugins/util/PluginBuilder
instanceKlass org/apache/logging/log4j/core/config/plugins/PluginAliases
instanceKlass org/apache/logging/log4j/core/config/Scheduled
instanceKlass org/apache/xerces/dom/NodeListCache
instanceKlass org/apache/xerces/dom/CharacterDataImpl$1
instanceKlass java/util/concurrent/LinkedBlockingQueue$Itr
instanceKlass org/apache/logging/log4j/status/StatusConsoleListener
instanceKlass org/apache/logging/log4j/core/config/status/StatusConfiguration
instanceKlass org/apache/xerces/dom/NamedNodeMapImpl
instanceKlass org/w3c/dom/NamedNodeMap
instanceKlass org/apache/xerces/util/XMLChar
instanceKlass org/apache/xerces/dom/DeferredDocumentImpl$RefCount
instanceKlass org/w3c/dom/traversal/TreeWalker
instanceKlass org/w3c/dom/ranges/Range
instanceKlass org/w3c/dom/traversal/NodeIterator
instanceKlass org/w3c/dom/events/MutationEvent
instanceKlass org/w3c/dom/events/Event
instanceKlass org/w3c/dom/ElementTraversal
instanceKlass org/w3c/dom/Notation
instanceKlass org/w3c/dom/Entity
instanceKlass org/w3c/dom/TypeInfo
instanceKlass org/w3c/dom/DOMConfiguration
instanceKlass org/w3c/dom/EntityReference
instanceKlass org/w3c/dom/Attr
instanceKlass org/w3c/dom/ProcessingInstruction
instanceKlass org/w3c/dom/CDATASection
instanceKlass org/w3c/dom/Comment
instanceKlass org/w3c/dom/Text
instanceKlass org/w3c/dom/CharacterData
instanceKlass org/w3c/dom/DocumentFragment
instanceKlass org/w3c/dom/Element
instanceKlass org/w3c/dom/DocumentType
instanceKlass org/apache/xerces/dom/NodeImpl
instanceKlass org/w3c/dom/events/EventTarget
instanceKlass org/w3c/dom/NodeList
instanceKlass org/w3c/dom/ranges/DocumentRange
instanceKlass org/w3c/dom/events/DocumentEvent
instanceKlass org/w3c/dom/traversal/DocumentTraversal
instanceKlass org/apache/xerces/dom/DeferredNode
instanceKlass org/apache/xerces/impl/Constants$ArrayEnumeration
instanceKlass org/apache/xerces/impl/Constants
instanceKlass org/apache/xerces/util/IntStack
instanceKlass org/apache/xerces/xinclude/XIncludeMessageFormatter
instanceKlass org/apache/xerces/util/XMLLocatorWrapper
instanceKlass org/apache/xerces/util/XMLSymbols
instanceKlass org/apache/xerces/xinclude/XIncludeTextReader
instanceKlass org/apache/xerces/xpointer/XPointerProcessor
instanceKlass org/apache/xerces/xinclude/XIncludeHandler
instanceKlass org/apache/xerces/impl/XMLEntityManager$EncodingInfo
instanceKlass org/apache/xerces/util/URI
instanceKlass org/apache/xerces/xni/parser/XMLInputSource
instanceKlass org/apache/xerces/impl/msg/XMLMessageFormatter
instanceKlass org/apache/xerces/impl/XMLVersionDetector
instanceKlass org/apache/xerces/impl/validation/ValidationManager
instanceKlass org/apache/xerces/impl/dv/dtd/NMTOKENDatatypeValidator
instanceKlass org/apache/xerces/impl/dv/dtd/NOTATIONDatatypeValidator
instanceKlass org/apache/xerces/impl/dv/dtd/ENTITYDatatypeValidator
instanceKlass org/apache/xerces/impl/dv/dtd/ListDatatypeValidator
instanceKlass org/apache/xerces/impl/dv/dtd/IDREFDatatypeValidator
instanceKlass org/apache/xerces/impl/dv/dtd/IDDatatypeValidator
instanceKlass org/apache/xerces/impl/dv/dtd/StringDatatypeValidator
instanceKlass org/apache/xerces/impl/dv/DatatypeValidator
instanceKlass org/apache/xerces/impl/dv/SecuritySupport$2
instanceKlass org/apache/xerces/impl/dv/SecuritySupport$1
instanceKlass org/apache/xerces/impl/dv/SecuritySupport$4
instanceKlass org/apache/xerces/impl/dv/SecuritySupport
instanceKlass org/apache/xerces/impl/dv/ObjectFactory
instanceKlass org/apache/xerces/impl/dv/DTDDVFactory
instanceKlass org/apache/xerces/impl/dtd/DTDGrammarBucket
instanceKlass org/apache/xerces/impl/dtd/XMLAttributeDecl
instanceKlass org/apache/xerces/impl/dtd/XMLSimpleType
instanceKlass org/apache/xerces/impl/dtd/XMLElementDecl
instanceKlass org/apache/xerces/impl/validation/ValidationState
instanceKlass org/apache/xerces/impl/dtd/DTDGrammar
instanceKlass org/apache/xerces/xni/grammars/Grammar
instanceKlass org/apache/xerces/impl/validation/EntityState
instanceKlass org/apache/xerces/impl/dv/ValidationContext
instanceKlass org/apache/xerces/impl/dtd/XMLEntityDecl
instanceKlass org/apache/xerces/impl/dtd/XMLDTDProcessor
instanceKlass org/apache/xerces/xni/parser/XMLDTDContentModelFilter
instanceKlass org/apache/xerces/xni/parser/XMLDTDFilter
instanceKlass org/apache/xerces/impl/XMLDocumentScannerImpl$TrailingMiscDispatcher
instanceKlass org/apache/xerces/impl/XMLDocumentScannerImpl$DTDDispatcher
instanceKlass org/apache/xerces/impl/XMLDocumentScannerImpl$PrologDispatcher
instanceKlass org/apache/xerces/impl/XMLDocumentScannerImpl$XMLDeclDispatcher
instanceKlass org/apache/xerces/util/NamespaceSupport
instanceKlass org/apache/xerces/util/XMLAttributesImpl$Attribute
instanceKlass org/apache/xerces/util/XMLAttributesImpl
instanceKlass org/apache/xerces/impl/XMLDocumentFragmentScannerImpl$FragmentContentDispatcher
instanceKlass org/apache/xerces/xni/QName
instanceKlass org/apache/xerces/impl/XMLDocumentFragmentScannerImpl$ElementStack
instanceKlass org/apache/xerces/xni/grammars/XMLDTDDescription
instanceKlass org/apache/xerces/xni/grammars/XMLGrammarDescription
instanceKlass org/apache/xerces/impl/XMLDocumentFragmentScannerImpl$Dispatcher
instanceKlass org/apache/xerces/xni/XMLAttributes
instanceKlass org/apache/xerces/xni/XMLString
instanceKlass org/apache/xerces/impl/XMLScanner
instanceKlass org/apache/xerces/impl/XMLEntityHandler
instanceKlass org/apache/xerces/xni/parser/XMLErrorHandler
instanceKlass org/apache/xerces/impl/XMLErrorReporter
instanceKlass org/apache/xerces/impl/XMLEntityManager$CharacterBuffer
instanceKlass org/apache/xerces/impl/XMLEntityManager$CharacterBufferPool
instanceKlass org/apache/xerces/impl/XMLEntityManager$ByteBufferPool
instanceKlass org/apache/xerces/util/AugmentationsImpl$AugmentationsItemsContainer
instanceKlass org/apache/xerces/util/AugmentationsImpl
instanceKlass org/apache/xerces/util/XMLResourceIdentifierImpl
instanceKlass org/apache/xerces/impl/XMLEntityManager$1
instanceKlass org/apache/xerces/impl/XMLEntityScanner
instanceKlass org/apache/xerces/impl/XMLEntityManager$Entity
instanceKlass org/apache/xerces/xni/XMLResourceIdentifier
instanceKlass org/apache/xerces/xni/Augmentations
instanceKlass org/apache/xerces/impl/XMLEntityManager
instanceKlass org/apache/xerces/xni/parser/XMLEntityResolver
instanceKlass org/apache/xerces/util/SymbolTable$Entry
instanceKlass org/apache/xerces/xni/grammars/XMLGrammarPool
instanceKlass org/apache/xerces/util/SymbolTable
instanceKlass org/apache/xerces/xni/NamespaceContext
instanceKlass org/apache/xerces/xni/parser/XMLDocumentScanner
instanceKlass org/apache/xerces/util/MessageFormatter
instanceKlass org/apache/xerces/impl/dtd/XMLDTDValidator
instanceKlass org/apache/xerces/impl/RevalidationHandler
instanceKlass org/apache/xerces/impl/dtd/XMLDTDValidatorFilter
instanceKlass org/apache/xerces/xni/parser/XMLDocumentFilter
instanceKlass org/apache/xerces/xni/parser/XMLDocumentSource
instanceKlass org/apache/xerces/xni/parser/XMLDTDScanner
instanceKlass org/apache/xerces/xni/parser/XMLDTDContentModelSource
instanceKlass org/apache/xerces/xni/XMLLocator
instanceKlass org/apache/xerces/util/ParserConfigurationSettings
instanceKlass org/apache/xerces/parsers/XML11Configurable
instanceKlass org/apache/xerces/xni/parser/XMLPullParserConfiguration
instanceKlass org/apache/xerces/xni/parser/XMLParserConfiguration
instanceKlass org/apache/xerces/parsers/SecuritySupport$6
instanceKlass org/apache/xerces/parsers/SecuritySupport$7
instanceKlass org/apache/xerces/parsers/SecuritySupport$2
instanceKlass org/apache/xerces/parsers/SecuritySupport$1
instanceKlass org/apache/xerces/parsers/SecuritySupport$4
instanceKlass org/apache/xerces/parsers/SecuritySupport
instanceKlass org/apache/xerces/parsers/ObjectFactory
instanceKlass org/xml/sax/EntityResolver
instanceKlass org/xml/sax/Locator
instanceKlass org/w3c/dom/DOMError
instanceKlass org/apache/xerces/xs/XSTypeDefinition
instanceKlass org/apache/xerces/xs/XSObject
instanceKlass org/apache/xerces/parsers/XMLParser
instanceKlass org/apache/xerces/xni/XMLDTDContentModelHandler
instanceKlass org/w3c/dom/Document
instanceKlass org/w3c/dom/Node
instanceKlass org/apache/xerces/xni/XMLDocumentHandler
instanceKlass org/apache/xerces/xni/parser/XMLComponent
instanceKlass org/apache/xerces/xni/parser/XMLComponentManager
instanceKlass org/apache/xerces/xni/parser/XMLDTDSource
instanceKlass org/apache/xerces/xni/XMLDTDHandler
instanceKlass org/xml/sax/ErrorHandler
instanceKlass org/apache/xerces/jaxp/JAXPConstants
instanceKlass javax/xml/parsers/DocumentBuilder
instanceKlass javax/xml/parsers/FactoryFinder$1
instanceKlass  @bci jdk/xml/internal/SecuritySupport getFileInputStream (Ljava/io/File;)Ljava/io/FileInputStream; 1 <appendix> member <vmtarget> ; # jdk/xml/internal/SecuritySupport$$Lambda+0x00000008001f1db8
instanceKlass  @bci jdk/xml/internal/SecuritySupport doesFileExist (Ljava/io/File;)Z 1 <appendix> member <vmtarget> ; # jdk/xml/internal/SecuritySupport$$Lambda+0x00000008001f1b90
instanceKlass  @bci javax/xml/parsers/FactoryFinder find (Ljava/lang/Class;Ljava/lang/String;)Ljava/lang/Object; 6 <appendix> member <vmtarget> ; # javax/xml/parsers/FactoryFinder$$Lambda+0x00000008001f1968
instanceKlass  @bci jdk/xml/internal/SecuritySupport getSystemProperty (Ljava/lang/String;)Ljava/lang/String; 1 <appendix> member <vmtarget> ; # jdk/xml/internal/SecuritySupport$$Lambda+0x00000008001f1740
instanceKlass jdk/xml/internal/SecuritySupport
instanceKlass javax/xml/parsers/FactoryFinder
instanceKlass javax/xml/parsers/DocumentBuilderFactory
instanceKlass org/xml/sax/InputSource
instanceKlass org/apache/logging/log4j/core/util/Closer
instanceKlass org/apache/logging/log4j/core/config/plugins/util/ResolverUtil
instanceKlass javax/xml/transform/Source
instanceKlass org/apache/logging/log4j/core/config/Reconfigurable
instanceKlass sun/nio/fs/WindowsLinkSupport
instanceKlass sun/nio/fs/WindowsUriSupport
instanceKlass java/util/AbstractMap$SimpleEntry
instanceKlass jdk/internal/jimage/ImageBufferCache$2
instanceKlass jdk/internal/jimage/ImageBufferCache
instanceKlass  @bci sun/net/www/protocol/jrt/JavaRuntimeURLConnection <clinit> ()V 0 <appendix> argL0 ; # sun/net/www/protocol/jrt/JavaRuntimeURLConnection$$Lambda+0x00000008001ef2e0
instanceKlass java/nio/file/FileStore
instanceKlass java/nio/channels/AsynchronousFileChannel
instanceKlass java/nio/channels/AsynchronousChannel
instanceKlass java/nio/file/spi/FileSystemProvider$1
instanceKlass org/apache/logging/log4j/core/util/Source
instanceKlass java/text/DontCareFieldPosition$1
instanceKlass java/text/Format$FieldDelegate
instanceKlass java/text/DigitList
instanceKlass java/text/FieldPosition
instanceKlass  @bci sun/util/locale/provider/JRELocaleProviderAdapter getDecimalFormatSymbolsProvider ()Ljava/text/spi/DecimalFormatSymbolsProvider; 8 <appendix> member <vmtarget> ; # sun/util/locale/provider/JRELocaleProviderAdapter$$Lambda+0x00000008001eb3e8
instanceKlass java/text/DecimalFormatSymbols
instanceKlass  @bci sun/util/locale/provider/JRELocaleProviderAdapter getNumberFormatProvider ()Ljava/text/spi/NumberFormatProvider; 8 <appendix> member <vmtarget> ; # sun/util/locale/provider/JRELocaleProviderAdapter$$Lambda+0x00000008001eac00
instanceKlass  @bci sun/util/locale/provider/JRELocaleProviderAdapter getDateFormatSymbolsProvider ()Ljava/text/spi/DateFormatSymbolsProvider; 8 <appendix> member <vmtarget> ; # sun/util/locale/provider/JRELocaleProviderAdapter$$Lambda+0x00000008001e9ff0
instanceKlass java/text/DateFormatSymbols
instanceKlass java/text/AttributedCharacterIterator$Attribute
instanceKlass java/util/StringTokenizer
instanceKlass sun/net/www/MimeEntry
instanceKlass sun/net/www/MimeTable$DefaultInstanceHolder$1
instanceKlass sun/net/www/MimeTable$DefaultInstanceHolder
instanceKlass sun/net/www/MimeTable$2
instanceKlass sun/net/www/MimeTable$1
instanceKlass sun/net/www/MimeTable
instanceKlass java/net/URLConnection$1
instanceKlass java/net/FileNameMap
instanceKlass org/apache/logging/log4j/core/net/UrlConnectionFactory
instanceKlass org/apache/logging/log4j/core/util/FileUtils
instanceKlass org/apache/logging/log4j/core/util/NameUtil
instanceKlass org/apache/logging/log4j/core/Logger$PrivateConfig
instanceKlass org/apache/logging/log4j/core/util/DefaultShutdownCallbackRegistry$RegisteredCancellable
instanceKlass org/apache/logging/log4j/core/LoggerContext$1
instanceKlass org/apache/logging/log4j/core/util/ExecutorServices
instanceKlass org/apache/logging/log4j/core/impl/Log4jLogEvent
instanceKlass org/apache/logging/log4j/core/jmx/AppenderAdmin
instanceKlass org/apache/logging/log4j/core/jmx/AppenderAdminMBean
instanceKlass org/apache/logging/log4j/core/jmx/ContextSelectorAdmin
instanceKlass org/apache/logging/log4j/core/jmx/ContextSelectorAdminMBean
instanceKlass org/apache/logging/log4j/status/StatusData
instanceKlass org/apache/logging/log4j/core/jmx/StatusLoggerAdminMBean
instanceKlass org/apache/logging/log4j/status/StatusListener
instanceKlass java/beans/PropertyChangeListener
instanceKlass org/apache/logging/log4j/core/jmx/LoggerContextAdminMBean
instanceKlass  @bci java/util/stream/Collectors joining (Ljava/lang/CharSequence;Ljava/lang/CharSequence;Ljava/lang/CharSequence;)Ljava/util/stream/Collector; 22 <appendix> argL0 ; # java/util/stream/Collectors$$Lambda+0x00000008001e6298
instanceKlass  @bci java/util/stream/Collectors joining (Ljava/lang/CharSequence;Ljava/lang/CharSequence;Ljava/lang/CharSequence;)Ljava/util/stream/Collector; 17 <appendix> argL0 ; # java/util/stream/Collectors$$Lambda+0x00000008001e6050
instanceKlass  @bci java/util/stream/Collectors joining (Ljava/lang/CharSequence;Ljava/lang/CharSequence;Ljava/lang/CharSequence;)Ljava/util/stream/Collector; 12 <appendix> argL0 ; # java/util/stream/Collectors$$Lambda+0x00000008001e5e20
instanceKlass  @bci java/util/stream/Collectors joining (Ljava/lang/CharSequence;Ljava/lang/CharSequence;Ljava/lang/CharSequence;)Ljava/util/stream/Collector; 7 <appendix> member <vmtarget> ; # java/util/stream/Collectors$$Lambda+0x00000008001e5bf8
instanceKlass  @bci java/lang/Class methodToString (Ljava/lang/String;[Ljava/lang/Class;)Ljava/lang/String; 42 <appendix> argL0 ; # java/lang/Class$$Lambda+0x00000008001e59b8
instanceKlass jdk/jfr/FlightRecorder
instanceKlass jdk/jfr/Recording
instanceKlass jdk/management/jfr/FlightRecorderMXBeanImpl$MXBeanListener
instanceKlass jdk/jfr/FlightRecorderListener
instanceKlass javax/management/NotificationFilter
instanceKlass javax/management/NotificationListener
instanceKlass javax/management/StandardMBean$MBeanInfoSafeAction
instanceKlass jdk/jfr/internal/management/StreamManager
instanceKlass jdk/management/jfr/EventTypeInfo
instanceKlass jdk/management/jfr/ConfigurationInfo
instanceKlass jdk/management/jfr/RecordingInfo
instanceKlass sun/reflect/generics/tree/VoidDescriptor
instanceKlass sun/reflect/generics/tree/LongSignature
instanceKlass jdk/management/jfr/SettingDescriptorInfo$1
instanceKlass jdk/management/jfr/SettingDescriptorInfo
instanceKlass  @bci java/lang/management/DefaultPlatformMBeanProvider$10 nameToMBeanMap ()Ljava/util/Map; 36 <appendix> member <vmtarget> ; # java/lang/management/DefaultPlatformMBeanProvider$10$$Lambda+0x00000008001e2e28
instanceKlass sun/management/ManagementFactoryHelper$1
instanceKlass  @bci sun/management/ManagementFactoryHelper getBufferPoolMXBeans ()Ljava/util/List; 25 <appendix> argL0 ; # sun/management/ManagementFactoryHelper$$Lambda+0x00000008001e2968
instanceKlass java/lang/management/BufferPoolMXBean
instanceKlass sun/nio/ch/FileChannelImpl$3
instanceKlass sun/nio/ch/FileChannelImpl$2
instanceKlass jdk/internal/misc/VM$BufferPoolsHolder
instanceKlass com/sun/management/VMOption
instanceKlass com/sun/management/internal/HotSpotDiagnostic
instanceKlass com/sun/management/HotSpotDiagnosticMXBean
instanceKlass com/sun/management/GcInfo
instanceKlass javax/management/openmbean/CompositeDataView
# instanceKlass java/lang/invoke/LambdaForm$MH+0x0000000800184400
instanceKlass  @bci jdk/jfr/internal/dcmd/DCmdCheck printHelp ()[Ljava/lang/String; 6 <appendix> argL0 ; # jdk/jfr/internal/dcmd/DCmdCheck$$Lambda+0x00000008001e0e50
instanceKlass  @bci jdk/jfr/internal/dcmd/DCmdDump printHelp ()[Ljava/lang/String; 27 <appendix> argL0 ; # jdk/jfr/internal/dcmd/DCmdDump$$Lambda+0x00000008001e0c30
instanceKlass  @bci jdk/jfr/internal/dcmd/DCmdStart printHelp ()[Ljava/lang/String; 26 <appendix> argL0 ; # jdk/jfr/internal/dcmd/DCmdStart$$Lambda+0x00000008001e0a10
instanceKlass  @bci java/util/regex/CharPredicates ASCII_SPACE ()Ljava/util/regex/Pattern$BmpCharPredicate; 0 <appendix> argL0 ; # java/util/regex/CharPredicates$$Lambda+0x00000008001e0780
instanceKlass  @bci jdk/jfr/internal/jfc/model/JFCModel add (Ljdk/jfr/internal/jfc/model/ControlElement;)V 10 <appendix> argL0 ; # jdk/jfr/internal/jfc/model/JFCModel$$Lambda+0x00000008001e0540
instanceKlass  @bci jdk/jfr/internal/jfc/model/JFCModel <init> (Ljdk/jfr/internal/jfc/model/XmlConfiguration;)V 25 <appendix> argL0 ; # jdk/jfr/internal/jfc/model/JFCModel$$Lambda+0x00000008001e0310
instanceKlass jdk/jfr/internal/jfc/model/ControlElement
# instanceKlass java/lang/invoke/LambdaForm$DMH+0x0000000800184000
# instanceKlass java/lang/invoke/LambdaForm$DMH+0x0000000800183c00
instanceKlass java/lang/invoke/MethodHandle$1
instanceKlass jdk/jfr/internal/jfc/model/SettingsLog
instanceKlass jdk/jfr/internal/jfc/model/Utilities
instanceKlass jdk/jfr/internal/jfc/model/XmlElement
instanceKlass jdk/internal/util/xml/impl/Input
instanceKlass jdk/internal/org/xml/sax/InputSource
instanceKlass jdk/internal/org/xml/sax/helpers/DefaultHandler
instanceKlass jdk/internal/org/xml/sax/ErrorHandler
instanceKlass jdk/internal/org/xml/sax/ContentHandler
instanceKlass jdk/internal/org/xml/sax/DTDHandler
instanceKlass jdk/internal/org/xml/sax/EntityResolver
instanceKlass jdk/internal/util/xml/impl/Pair
instanceKlass jdk/internal/util/xml/impl/Attrs
instanceKlass jdk/internal/org/xml/sax/Attributes
instanceKlass jdk/internal/util/xml/impl/Parser
instanceKlass jdk/internal/org/xml/sax/Locator
instanceKlass jdk/internal/org/xml/sax/XMLReader
instanceKlass jdk/internal/util/xml/SAXParser
instanceKlass jdk/jfr/internal/jfc/model/Parser
instanceKlass sun/nio/ch/IOStatus
instanceKlass sun/nio/ch/Util$BufferCache
instanceKlass sun/nio/ch/Util
instanceKlass sun/nio/ch/NativeThread
instanceKlass java/nio/channels/NetworkChannel
instanceKlass sun/nio/ch/SelChImpl
instanceKlass sun/nio/ch/Streams
instanceKlass java/nio/channels/Channels
instanceKlass sun/nio/ch/FileChannelImpl$Closer
instanceKlass sun/nio/ch/NativeThreadSet
instanceKlass sun/nio/ch/IOUtil
instanceKlass sun/nio/ch/NativeDispatcher
instanceKlass java/nio/channels/spi/AbstractInterruptibleChannel
instanceKlass java/nio/channels/InterruptibleChannel
instanceKlass java/nio/channels/ScatteringByteChannel
instanceKlass java/nio/channels/GatheringByteChannel
instanceKlass java/nio/channels/SeekableByteChannel
instanceKlass java/nio/channels/ByteChannel
instanceKlass java/nio/channels/WritableByteChannel
instanceKlass java/nio/channels/ReadableByteChannel
instanceKlass java/nio/channels/Channel
instanceKlass sun/nio/fs/WindowsChannelFactory$Flags
instanceKlass sun/nio/fs/WindowsChannelFactory$1
instanceKlass sun/nio/fs/WindowsChannelFactory
instanceKlass sun/nio/fs/WindowsSecurityDescriptor
instanceKlass java/nio/file/attribute/FileAttribute
instanceKlass  @bci jdk/jfr/internal/SecuritySupport newFileInputStream (Ljdk/jfr/internal/SecuritySupport$SafePath;)Ljava/io/InputStream; 1 <appendix> member <vmtarget> ; # jdk/jfr/internal/SecuritySupport$$Lambda+0x00000008001d40f8
instanceKlass  @bci jdk/jfr/internal/SecuritySupport getFileSize (Ljdk/jfr/internal/SecuritySupport$SafePath;)J 1 <appendix> member <vmtarget> ; # jdk/jfr/internal/SecuritySupport$$Lambda+0x00000008001d3ed0
instanceKlass jdk/jfr/internal/jfc/JFC$KnownConfiguration
instanceKlass jdk/jfr/internal/jfc/model/JFCModel
instanceKlass  @bci jdk/jfr/internal/dcmd/DCmdStart jfcOptions ()Ljava/lang/String; 45 <appendix> argL0 ; # jdk/jfr/internal/dcmd/DCmdStart$$Lambda+0x00000008001d3880
instanceKlass jdk/jfr/internal/jfc/JFC
instanceKlass  @bci jdk/jfr/internal/SecuritySupport isDirectory (Ljdk/jfr/internal/SecuritySupport$SafePath;)Z 1 <appendix> member <vmtarget> ; # jdk/jfr/internal/SecuritySupport$$Lambda+0x00000008001d3450
instanceKlass sun/nio/fs/BasicFileAttributesHolder
instanceKlass sun/nio/fs/WindowsDirectoryStream$WindowsDirectoryIterator
instanceKlass sun/nio/fs/WindowsDirectoryStream
instanceKlass java/nio/file/Files$AcceptAllFilter
instanceKlass java/nio/file/DirectoryStream$Filter
instanceKlass jdk/jfr/internal/SecuritySupport$1
instanceKlass  @bci jdk/jfr/internal/SecuritySupport getPredefinedJFCFiles ()Ljava/util/List; 8 <appendix> argL0 ; # jdk/jfr/internal/SecuritySupport$$Lambda+0x00000008001d1f90
instanceKlass java/nio/file/DirectoryStream
instanceKlass jdk/jfr/internal/consumer/FileAccess
instanceKlass jdk/jfr/internal/SecuritySupport$4
instanceKlass  @bci jdk/jfr/internal/SecuritySupport getPathInProperty (Ljava/lang/String;Ljava/lang/String;)Ljdk/jfr/internal/SecuritySupport$SafePath; 2 <appendix> member <vmtarget> ; # jdk/jfr/internal/SecuritySupport$$Lambda+0x00000008001d1008
instanceKlass  @cpi jdk/jfr/internal/SecuritySupport 773 form vmentry <vmtarget> ; # java/lang/invoke/LambdaForm$DMH+0x0000000800183800
instanceKlass jdk/jfr/internal/SecuritySupport$SafePath
instanceKlass jdk/jfr/internal/SecuritySupport$CallableWithoutCheckException
instanceKlass jdk/internal/event/Event
instanceKlass jdk/jfr/internal/SecuritySupport
instanceKlass  @bci jdk/jfr/internal/dcmd/DCmdStop printHelp ()[Ljava/lang/String; 19 <appendix> argL0 ; # jdk/jfr/internal/dcmd/DCmdStop$$Lambda+0x00000008001cfed8
instanceKlass java/util/Formattable
instanceKlass  @bci jdk/jfr/internal/dcmd/DCmdView printHelp ()[Ljava/lang/String; 111 <appendix> argL0 ; # jdk/jfr/internal/dcmd/DCmdView$$Lambda+0x00000008001cfab8
instanceKlass jdk/jfr/internal/util/Columnizer$Column
instanceKlass jdk/jfr/internal/util/Tokenizer
instanceKlass  @bci jdk/internal/module/SystemModuleFinders$SystemModuleReader open (Ljava/lang/String;)Ljava/util/Optional; 6 <appendix> member <vmtarget> ; # jdk/internal/module/SystemModuleFinders$SystemModuleReader$$Lambda+0x00000008001cf228
instanceKlass jdk/jfr/internal/query/ViewFile
instanceKlass jdk/jfr/internal/util/Columnizer
instanceKlass jdk/jfr/internal/query/ViewPrinter
instanceKlass java/util/stream/AbstractSpinedBuffer
instanceKlass  @bci java/util/stream/ReferencePipeline toArray ()[Ljava/lang/Object; 1 <appendix> argL0 ; # java/util/stream/ReferencePipeline$$Lambda+0x00000008001ce118
instanceKlass java/util/ImmutableCollections$Access$1
instanceKlass jdk/internal/access/JavaUtilCollectionAccess
instanceKlass java/util/ImmutableCollections$Access
instanceKlass java/lang/StringLatin1$LinesSpliterator
instanceKlass java/util/Arrays$ArrayItr
instanceKlass com/sun/management/internal/DiagnosticCommandImpl$Wrapper
instanceKlass jdk/jfr/internal/util/Output$LinePrinter
instanceKlass jdk/jfr/internal/util/Output
instanceKlass jdk/jfr/internal/dcmd/AbstractDCmd
instanceKlass com/sun/management/internal/DiagnosticCommandArgumentInfo
instanceKlass com/sun/management/internal/DiagnosticCommandInfo
instanceKlass com/sun/management/internal/DiagnosticCommandImpl$OperationInfoComparator
instanceKlass sun/management/ClassLoadingImpl
instanceKlass java/lang/management/ClassLoadingMXBean
instanceKlass javax/management/MBeanInfo$ArrayGettersSafeAction
instanceKlass javax/management/openmbean/OpenMBeanOperationInfo
instanceKlass java/util/logging/LogManager$4
instanceKlass jdk/internal/logger/BootstrapLogger$BootstrapExecutors
instanceKlass sun/security/util/SecurityConstants
instanceKlass jdk/internal/logger/LoggerFinderLoader
instanceKlass  @bci java/lang/System$LoggerFinder accessProvider ()Ljava/lang/System$LoggerFinder; 8 <appendix> argL0 ; # java/lang/System$LoggerFinder$$Lambda+0x00000008001c8740
instanceKlass java/util/stream/Streams
instanceKlass java/util/stream/Streams$AbstractStreamBuilderImpl
instanceKlass java/util/stream/Stream$Builder
instanceKlass  @bci java/util/logging/Level$KnownLevel findByName (Ljava/lang/String;Ljava/util/function/Function;)Ljava/util/Optional; 29 <appendix> argL0 ; # java/util/logging/Level$KnownLevel$$Lambda+0x00000008001c77f0
instanceKlass  @bci java/util/logging/Level findLevel (Ljava/lang/String;)Ljava/util/logging/Level; 13 <appendix> argL0 ; # java/util/logging/Level$$Lambda+0x00000008001c75b0
instanceKlass java/util/Hashtable$Enumerator
instanceKlass java/util/Collections$3
instanceKlass java/util/logging/LogManager$LoggerContext$1
instanceKlass java/util/logging/LogManager$VisitedLoggers
instanceKlass java/util/logging/Logger$ConfigurationData
instanceKlass java/util/logging/Logger$LoggerBundle
instanceKlass java/util/logging/Handler
instanceKlass java/util/logging/LogManager$2
instanceKlass java/util/logging/Logging
instanceKlass java/util/logging/LogManager$LoggingProviderAccess
instanceKlass java/util/Collections$SynchronizedMap
instanceKlass java/util/logging/LogManager$LogNode
instanceKlass java/util/logging/LogManager$LoggerContext
instanceKlass java/util/logging/LogManager$1
instanceKlass  @bci java/util/logging/Level$KnownLevel add (Ljava/util/logging/Level;)V 49 <appendix> argL0 ; # java/util/logging/Level$KnownLevel$$Lambda+0x00000008001c4088
instanceKlass  @bci java/util/logging/Level$KnownLevel add (Ljava/util/logging/Level;)V 19 <appendix> argL0 ; # java/util/logging/Level$KnownLevel$$Lambda+0x00000008001c3e48
instanceKlass java/util/logging/Level
instanceKlass java/util/logging/LoggingMXBean
instanceKlass java/util/logging/Logger
instanceKlass sun/management/ManagementFactoryHelper$PlatformLoggingImpl
instanceKlass java/lang/management/PlatformLoggingMXBean
instanceKlass sun/management/CompilationImpl
instanceKlass java/lang/management/CompilationMXBean
instanceKlass sun/management/VMManagementImpl$1
instanceKlass java/lang/management/MemoryUsage
instanceKlass  @bci com/st/microxplorer/plugins/projectmanager/gui/ProjectChoiceTab$3 itemStateChanged (Ljava/awt/event/ItemEvent;)V 97 <appendix> form vmentry <vmtarget> ; # java/lang/invoke/LambdaForm$MH+0x0000000800183400
instanceKlass sun/management/Sensor
instanceKlass sun/management/MemoryPoolImpl
instanceKlass java/lang/management/MemoryPoolMXBean
instanceKlass  @bci com/l2fprod/common/util/converter/ConverterRegistry convert (Ljava/lang/Class;Ljava/lang/Object;)Ljava/lang/Object; 35 <appendix> form vmentry <vmtarget> ; # java/lang/invoke/LambdaForm$MH+0x0000000800183000
instanceKlass java/lang/invoke/LambdaFormEditor$1
# instanceKlass java/lang/invoke/LambdaForm$MH+0x0000000800182c00
instanceKlass  @bci com/l2fprod/common/util/converter/ConverterRegistry convert (Ljava/lang/Class;Ljava/lang/Object;)Ljava/lang/Object; 35 <appendix> argL3 form vmentry <vmtarget> ; # java/lang/invoke/LambdaForm$MH+0x0000000800182800
instanceKlass  @bci com/st/microxplorer/plugins/pinoutconfig/engine/AbstractGPin getMappedSignalModeConfigs ()Ljava/util/Set; 284 <appendix> argL4 argL2 form vmentry <vmtarget> ; # java/lang/invoke/LambdaForm$MH+0x0000000800182400
# instanceKlass java/lang/invoke/LambdaForm$MH+0x0000000800182000
# instanceKlass java/lang/invoke/LambdaForm$MH+0x0000000800181c00
# instanceKlass java/lang/invoke/LambdaForm$MH+0x0000000800181800
instanceKlass  @bci com/l2fprod/common/util/converter/ConverterRegistry convert (Ljava/lang/Class;Ljava/lang/Object;)Ljava/lang/Object; 35 <appendix> argL1 form vmentry <vmtarget> ; # java/lang/invoke/LambdaForm$MH+0x0000000800181400
# instanceKlass java/lang/invoke/LambdaForm$MH+0x0000000800181000
# instanceKlass java/lang/invoke/LambdaForm$MH+0x0000000800180c00
# instanceKlass java/lang/invoke/LambdaForm$MH+0x0000000800180800
# instanceKlass java/lang/invoke/LambdaForm$MH+0x0000000800180400
instanceKlass  @bci java/util/stream/Collectors uniqKeysMapMerger ()Ljava/util/function/BinaryOperator; 0 <appendix> argL0 ; # java/util/stream/Collectors$$Lambda+0x00000008001c0698
instanceKlass  @bci java/util/stream/Collectors uniqKeysMapAccumulator (Ljava/util/function/Function;Ljava/util/function/Function;)Ljava/util/function/BiConsumer; 2 <appendix> member <vmtarget> ; # java/util/stream/Collectors$$Lambda+0x00000008001c0460
instanceKlass  @bci java/util/stream/Collectors toMap (Ljava/util/function/Function;Ljava/util/function/Function;)Ljava/util/stream/Collector; 4 <appendix> argL0 ; # java/util/stream/Collectors$$Lambda+0x00000008001c0240
instanceKlass  @bci java/util/function/Function identity ()Ljava/util/function/Function; 0 <appendix> argL0 ; # java/util/function/Function$$Lambda+0x00000008001c0000
instanceKlass  @bci java/lang/management/DefaultPlatformMBeanProvider$5 nameToMBeanMap ()Ljava/util/Map; 21 <appendix> argL0 ; # java/lang/management/DefaultPlatformMBeanProvider$5$$Lambda+0x000000080013f8d8
instanceKlass  @bci java/lang/management/DefaultPlatformMBeanProvider$5 nameToMBeanMap ()Ljava/util/Map; 11 <appendix> member <vmtarget> ; # java/lang/management/DefaultPlatformMBeanProvider$5$$Lambda+0x000000080013f680
instanceKlass com/sun/management/GarbageCollectorMXBean
instanceKlass java/lang/management/GarbageCollectorMXBean
instanceKlass java/lang/management/MemoryManagerMXBean
instanceKlass java/lang/management/MemoryMXBean
instanceKlass javax/management/DescriptorKey
instanceKlass java/lang/Deprecated
instanceKlass sun/management/BaseOperatingSystemImpl
instanceKlass com/sun/management/OperatingSystemMXBean
instanceKlass java/lang/management/OperatingSystemMXBean
instanceKlass com/sun/jmx/mbeanserver/PerInterface$MethodAndSig
instanceKlass  @bci com/st/microxplorer/plugins/ipmanager/generictreatment/gui/MainPanel$1 stateChanged (Ljavax/swing/event/ChangeEvent;)V 15 <appendix> form vmentry <vmtarget> ; # java/lang/invoke/LambdaForm$MH+0x0000000800180000
instanceKlass  @bci com/st/microxplorer/plugins/ipmanager/generictreatment/gui/MainPanel$1 stateChanged (Ljavax/swing/event/ChangeEvent;)V 15 <appendix> argL3 form vmentry <vmtarget> ; # java/lang/invoke/LambdaForm$MH+0x000000080012fc00
# instanceKlass java/lang/invoke/LambdaForm$MH+0x000000080012f800
# instanceKlass java/lang/invoke/LambdaForm$MH+0x000000080012f400
instanceKlass  @bci com/st/components/swing/EachRowEditor setEditorAt (IILjavax/swing/JComponent;)V 271 <appendix> argL1 argL0 argL1 form vmentry <vmtarget> ; # java/lang/invoke/LambdaForm$MH+0x000000080012f000
# instanceKlass java/lang/invoke/LambdaForm$MH+0x000000080012ec00
instanceKlass java/lang/management/LockInfo
instanceKlass java/lang/management/ThreadInfo
instanceKlass sun/management/ThreadImpl
instanceKlass com/sun/management/ThreadMXBean
instanceKlass java/lang/management/ThreadMXBean
instanceKlass com/sun/jmx/mbeanserver/WeakIdentityHashMap
instanceKlass com/sun/jmx/mbeanserver/MXBeanLookup
instanceKlass com/sun/jmx/mbeanserver/PerInterface$InitMaps
instanceKlass com/sun/jmx/mbeanserver/PerInterface
instanceKlass javax/management/openmbean/OpenMBeanAttributeInfo
instanceKlass javax/management/openmbean/OpenMBeanParameterInfo
instanceKlass com/sun/jmx/mbeanserver/MBeanIntrospector$MBeanInfoMaker
instanceKlass com/sun/jmx/mbeanserver/MBeanAnalyzer$MBeanVisitor
instanceKlass  @bci com/st/microxplorer/plugins/ipmanager/generictreatment/model/ParameterProperty updateShortDescription ()V 2335 <appendix> form vmentry <vmtarget> ; # java/lang/invoke/LambdaForm$MH+0x000000080012e800
# instanceKlass java/lang/invoke/LambdaForm$MH+0x000000080012e400
instanceKlass  @bci com/st/microxplorer/plugins/ipmanager/generictreatment/model/ParameterProperty updateShortDescription ()V 2335 <appendix> argL3 form vmentry <vmtarget> ; # java/lang/invoke/LambdaForm$MH+0x000000080012e000
instanceKlass java/lang/invoke/MethodHandles$1
instanceKlass java/lang/Long$LongCache
# instanceKlass java/lang/invoke/LambdaForm$MH+0x000000080012dc00
instanceKlass  @bci com/l2fprod/common/swing/LookAndFeelTweaks htmlize (Ljavax/swing/JComponent;Ljava/awt/Font;)V 16 <appendix> argL2 form vmentry <vmtarget> ; # java/lang/invoke/LambdaForm$MH+0x000000080012d800
# instanceKlass java/lang/invoke/LambdaForm$MH+0x000000080012d400
instanceKlass  @bci com/l2fprod/common/util/converter/ConverterRegistry convert (Ljava/lang/Class;Ljava/lang/Object;)Ljava/lang/Object; 35 <appendix> argL1 argL0 form vmentry <vmtarget> ; # java/lang/invoke/LambdaForm$MH+0x000000080012d000
# instanceKlass java/lang/invoke/LambdaForm$MH+0x000000080012cc00
instanceKlass sun/reflect/generics/reflectiveObjects/LazyReflectiveObjectGenerator
instanceKlass sun/reflect/generics/tree/TypeVariableSignature
instanceKlass sun/reflect/generics/tree/ClassSignature
instanceKlass sun/reflect/generics/reflectiveObjects/ParameterizedTypeImpl
instanceKlass java/lang/reflect/ParameterizedType
instanceKlass sun/reflect/generics/tree/MethodTypeSignature
instanceKlass sun/reflect/generics/tree/Signature
instanceKlass sun/reflect/generics/tree/FormalTypeParameter
instanceKlass java/lang/reflect/TypeVariable
instanceKlass sun/reflect/generics/repository/AbstractRepository
instanceKlass com/sun/jmx/mbeanserver/MBeanAnalyzer$AttrMethods
# instanceKlass java/lang/invoke/LambdaForm$MH+0x000000080012c800
instanceKlass com/sun/jmx/mbeanserver/MXBeanMapping
instanceKlass javax/management/openmbean/TabularData
instanceKlass javax/management/openmbean/CompositeData
instanceKlass javax/management/openmbean/OpenType
instanceKlass com/sun/jmx/mbeanserver/MXBeanMappingFactory
instanceKlass com/sun/jmx/mbeanserver/ConvertingMethod
instanceKlass com/sun/jmx/mbeanserver/MBeanAnalyzer$MethodOrder
instanceKlass com/sun/jmx/mbeanserver/MBeanAnalyzer
instanceKlass com/sun/jmx/mbeanserver/MBeanIntrospector
instanceKlass javax/management/MXBean
instanceKlass com/sun/jmx/mbeanserver/MBeanSupport
instanceKlass com/sun/jmx/mbeanserver/DescriptorCache
instanceKlass javax/management/JMX
instanceKlass javax/management/StandardMBean
instanceKlass  @bci java/lang/management/ManagementFactory addMXBean (Ljavax/management/MBeanServer;Ljava/lang/String;Ljava/lang/Object;)V 8 <appendix> member <vmtarget> ; # java/lang/management/ManagementFactory$$Lambda+0x000000080017d9a8
instanceKlass java/util/AbstractMap$SimpleImmutableEntry
instanceKlass java/util/stream/ForEachOps$ForEachOp
instanceKlass java/util/stream/ForEachOps
instanceKlass  @bci java/lang/management/ManagementFactory getPlatformMBeanServer ()Ljavax/management/MBeanServer; 63 <appendix> argL0 ; # java/lang/management/ManagementFactory$$Lambda+0x000000080017c998
instanceKlass  @cpi org/sqlite/SQLiteJDBCLoader 297 form vmentry <vmtarget> ; # java/lang/invoke/LambdaForm$DMH+0x000000080012c400
instanceKlass  @bci java/lang/management/ManagementFactory getPlatformMBeanServer ()Ljavax/management/MBeanServer; 53 <appendix> argL0 ; # java/lang/management/ManagementFactory$$Lambda+0x000000080017c260
instanceKlass  @bci java/lang/management/ManagementFactory getPlatformMBeanServer ()Ljavax/management/MBeanServer; 43 <appendix> argL0 ; # java/lang/management/ManagementFactory$$Lambda+0x000000080017c010
instanceKlass  @cpi java/lang/management/ManagementFactory 556 form vmentry <vmtarget> ; # java/lang/invoke/LambdaForm$DMH+0x000000080012c000
instanceKlass com/sun/jmx/mbeanserver/JmxMBeanServer$3
instanceKlass javax/management/ObjectInstance
instanceKlass com/sun/jmx/mbeanserver/NamedObject
instanceKlass com/sun/jmx/interceptor/DefaultMBeanServerInterceptor$ResourceContext$1
instanceKlass com/sun/jmx/interceptor/DefaultMBeanServerInterceptor$ResourceContext
instanceKlass com/sun/jmx/mbeanserver/Repository$RegistrationContext
instanceKlass com/sun/jmx/mbeanserver/DynamicMBean2
instanceKlass sun/util/logging/PlatformLogger
instanceKlass sun/util/logging/PlatformLogger$ConfigurableBridge$LoggerConfiguration
instanceKlass jdk/internal/logger/BootstrapLogger$RedirectedLoggers
instanceKlass com/sun/jmx/defaults/JmxProperties
instanceKlass com/sun/jmx/mbeanserver/Introspector
instanceKlass com/sun/jmx/mbeanserver/JmxMBeanServer$2
instanceKlass com/sun/jmx/interceptor/DefaultMBeanServerInterceptor
instanceKlass com/sun/jmx/interceptor/MBeanServerInterceptor
instanceKlass com/sun/jmx/mbeanserver/Repository
instanceKlass com/sun/jmx/mbeanserver/JmxMBeanServer$1
instanceKlass com/sun/jmx/mbeanserver/SecureClassLoaderRepository
instanceKlass com/sun/jmx/mbeanserver/MBeanInstantiator
instanceKlass com/sun/jmx/mbeanserver/ClassLoaderRepositorySupport$LoaderEntry
instanceKlass com/sun/jmx/mbeanserver/ClassLoaderRepositorySupport
instanceKlass com/sun/jmx/mbeanserver/ModifiableClassLoaderRepository
instanceKlass javax/management/loading/ClassLoaderRepository
instanceKlass javax/management/ImmutableDescriptor
instanceKlass javax/management/Descriptor
instanceKlass jdk/internal/logger/LazyLoggers$LazyLoggerAccessor
instanceKlass jdk/internal/logger/LazyLoggers$LoggerAccessor
instanceKlass jdk/internal/logger/AbstractLoggerWrapper
instanceKlass sun/util/logging/internal/LoggingProviderImpl$LogManagerAccess
instanceKlass jdk/internal/logger/BootstrapLogger$DetectBackend$1
instanceKlass jdk/internal/logger/BootstrapLogger$DetectBackend
instanceKlass jdk/internal/logger/BootstrapLogger
instanceKlass sun/util/logging/PlatformLogger$ConfigurableBridge
instanceKlass sun/util/logging/PlatformLogger$Bridge
instanceKlass jdk/internal/logger/DefaultLoggerFinder$1
instanceKlass java/lang/System$LoggerFinder
instanceKlass jdk/internal/logger/LazyLoggers$LazyLoggerFactories
instanceKlass jdk/internal/logger/LazyLoggers$1
instanceKlass jdk/internal/logger/LazyLoggers
instanceKlass com/sun/jmx/remote/util/ClassLogger
instanceKlass java/lang/System$Logger
instanceKlass javax/management/NotificationBroadcasterSupport$1
instanceKlass javax/management/NotificationBroadcasterSupport
instanceKlass java/util/ComparableTimSort
instanceKlass javax/management/ObjectName$Property
instanceKlass javax/management/ObjectName
instanceKlass javax/management/QueryExp
instanceKlass com/sun/jmx/mbeanserver/Util
instanceKlass javax/management/MBeanInfo
instanceKlass javax/management/MBeanFeatureInfo
instanceKlass javax/management/DescriptorRead
instanceKlass javax/management/MBeanServerDelegate
instanceKlass javax/management/MBeanServerDelegateMBean
instanceKlass javax/management/MBeanRegistration
instanceKlass com/sun/jmx/mbeanserver/JmxMBeanServer
instanceKlass com/sun/jmx/mbeanserver/SunJmxMBeanServer
instanceKlass javax/management/MBeanServer
instanceKlass javax/management/MBeanServerConnection
instanceKlass javax/management/MBeanServerBuilder
instanceKlass com/sun/jmx/mbeanserver/GetPropertyAction
instanceKlass javax/management/MBeanServerFactory
instanceKlass jdk/internal/vm/ThreadContainers
instanceKlass jdk/internal/vm/StackableScope
instanceKlass java/util/concurrent/LinkedBlockingQueue$Node
instanceKlass java/util/concurrent/BlockingQueue
instanceKlass java/util/concurrent/ThreadPoolExecutor$AbortPolicy
instanceKlass java/util/concurrent/RejectedExecutionHandler
instanceKlass java/util/concurrent/AbstractExecutorService
instanceKlass org/apache/logging/log4j/core/util/Log4jThreadFactory
instanceKlass org/apache/logging/log4j/core/jmx/Server
instanceKlass java/util/EventObject
instanceKlass java/util/Formatter$Flags
instanceKlass java/util/Formatter$FixedString
instanceKlass java/util/Formatter$FormatSpecifier
instanceKlass java/util/Formatter$FormatString
instanceKlass java/util/Formatter$Conversion
instanceKlass  @bci java/util/regex/CharPredicates ASCII_DIGIT ()Ljava/util/regex/Pattern$BmpCharPredicate; 0 <appendix> argL0 ; # java/util/regex/CharPredicates$$Lambda+0x000000080016a128
instanceKlass java/util/regex/CharPredicates
instanceKlass java/util/Formatter
instanceKlass org/apache/logging/log4j/core/Version
instanceKlass java/net/InetAddress$CachedLocalHost
instanceKlass java/util/concurrent/atomic/Striped64$1
instanceKlass jdk/internal/util/random/RandomSupport
instanceKlass java/util/Random
instanceKlass java/util/random/RandomGenerator
instanceKlass java/net/InetAddress$CachedLookup
instanceKlass sun/net/InetAddressCachePolicy$1
instanceKlass sun/net/InetAddressCachePolicy
instanceKlass  @bci java/net/InetAddress getAddressesFromNameService (Ljava/lang/String;)[Ljava/net/InetAddress; 94 <appendix> argL0 ; # java/net/InetAddress$$Lambda+0x0000000800167910
instanceKlass java/net/Inet6Address$Inet6AddressHolder
instanceKlass  @bci java/net/InetAddress loadResolver ()Ljava/net/spi/InetAddressResolver; 8 <appendix> argL0 ; # java/net/InetAddress$$Lambda+0x0000000800166d10
instanceKlass java/net/spi/InetAddressResolverProvider
instanceKlass java/net/InetAddress$NameServiceAddresses
instanceKlass java/net/InetAddress$Addresses
instanceKlass java/util/concurrent/ConcurrentSkipListMap$Iter
instanceKlass java/net/InetAddress$PlatformResolver
instanceKlass java/net/spi/InetAddressResolver
instanceKlass java/net/spi/InetAddressResolver$LookupPolicy
instanceKlass java/net/Inet4AddressImpl
instanceKlass java/net/Inet6AddressImpl
instanceKlass java/net/InetAddressImpl
instanceKlass java/util/concurrent/ConcurrentSkipListMap$Node
instanceKlass java/util/concurrent/ConcurrentSkipListMap$Index
instanceKlass java/util/concurrent/ConcurrentNavigableMap
instanceKlass java/net/InetAddress$InetAddressHolder
instanceKlass java/net/InetAddress$1
instanceKlass jdk/internal/access/JavaNetInetAddressAccess
instanceKlass java/net/InetAddress
instanceKlass org/apache/logging/log4j/core/util/NetUtils
instanceKlass  @bci org/apache/logging/log4j/core/LoggerContext setConfiguration (Lorg/apache/logging/log4j/core/config/Configuration;)Lorg/apache/logging/log4j/core/config/Configuration; 59 <appendix> argL0 ; # org/apache/logging/log4j/core/LoggerContext$$Lambda+0x0000000800129018
instanceKlass  @bci org/apache/logging/log4j/core/util/BasicAuthorizationProvider <init> (Lorg/apache/logging/log4j/util/PropertiesUtil;)V 48 <appendix> member <vmtarget> ; # org/apache/logging/log4j/core/util/BasicAuthorizationProvider$$Lambda+0x0000000800128df0
instanceKlass  @bci org/apache/logging/log4j/core/util/BasicAuthorizationProvider <init> (Lorg/apache/logging/log4j/util/PropertiesUtil;)V 32 <appendix> member <vmtarget> ; # org/apache/logging/log4j/core/util/BasicAuthorizationProvider$$Lambda+0x0000000800128bc8
instanceKlass  @bci org/apache/logging/log4j/core/util/BasicAuthorizationProvider <init> (Lorg/apache/logging/log4j/util/PropertiesUtil;)V 16 <appendix> member <vmtarget> ; # org/apache/logging/log4j/core/util/BasicAuthorizationProvider$$Lambda+0x0000000800125c80
instanceKlass org/apache/logging/log4j/core/util/BasicAuthorizationProvider
instanceKlass com/fasterxml/jackson/core/JsonParser
instanceKlass com/fasterxml/jackson/databind/JsonSerializable$Base
instanceKlass com/fasterxml/jackson/databind/JsonSerializable
instanceKlass com/fasterxml/jackson/core/TreeNode
instanceKlass com/fasterxml/jackson/core/TreeCodec
instanceKlass com/fasterxml/jackson/core/Versioned
instanceKlass org/apache/logging/log4j/core/config/Order
instanceKlass java/util/TimSort
instanceKlass java/util/Arrays$LegacyMergeSort
instanceKlass org/apache/logging/log4j/core/config/OrderComparator
instanceKlass org/apache/logging/log4j/core/util/AuthorizationProvider
instanceKlass org/apache/logging/log4j/core/config/builder/api/ConfigurationBuilder
instanceKlass  @bci org/apache/logging/log4j/core/selector/ClassLoaderContextSelector locateContext (Ljava/lang/ClassLoader;Ljava/util/Map$Entry;Ljava/net/URI;)Lorg/apache/logging/log4j/core/LoggerContext; 160 <appendix> member <vmtarget> ; # org/apache/logging/log4j/core/selector/ClassLoaderContextSelector$$Lambda+0x0000000800126258
instanceKlass org/apache/logging/log4j/core/appender/DefaultErrorHandler
instanceKlass org/apache/logging/log4j/core/appender/ConsoleAppender$FactoryData
instanceKlass org/apache/logging/log4j/core/appender/ConsoleAppender$ConsoleManagerFactory
instanceKlass org/apache/logging/log4j/core/layout/ByteBufferDestination
instanceKlass org/apache/logging/log4j/core/ErrorHandler
instanceKlass org/apache/logging/log4j/core/layout/PatternLayout$PatternFormatterPatternSerializer
instanceKlass org/apache/logging/log4j/core/pattern/PlainTextRenderer
instanceKlass org/apache/logging/log4j/core/impl/ThrowableFormatOptions
instanceKlass org/apache/logging/log4j/core/pattern/PatternFormatter
instanceKlass  @bci jdk/internal/reflect/DirectConstructorHandleAccessor invokeImpl ([Ljava/lang/Object;)Ljava/lang/Object; 88 <adapter> ; # java/lang/invoke/LambdaForm$MH+0x0000000800124c00
# instanceKlass java/lang/invoke/LambdaForm$MH+0x0000000800124800
# instanceKlass java/lang/invoke/LambdaForm$MH+0x0000000800124400
# instanceKlass java/lang/invoke/LambdaForm$MH+0x0000000800124000
instanceKlass org/apache/logging/log4j/core/pattern/TextRenderer
instanceKlass org/apache/logging/log4j/core/util/Integers
instanceKlass org/apache/logging/log4j/core/pattern/NameAbbreviator
instanceKlass org/apache/logging/log4j/core/util/OptionConverter
instanceKlass sun/util/calendar/CalendarUtils
instanceKlass sun/util/calendar/CalendarDate
instanceKlass sun/util/resources/Bundles$CacheKeyReference
instanceKlass  @bci java/util/ResourceBundle$ResourceBundleProviderHelper newResourceBundle (Ljava/lang/Class;)Ljava/util/ResourceBundle; 22 <appendix> member <vmtarget> ; # java/util/ResourceBundle$ResourceBundleProviderHelper$$Lambda+0x000000080015fd80
instanceKlass java/util/ResourceBundle$ResourceBundleProviderHelper
instanceKlass  @bci sun/util/cldr/CLDRLocaleProviderAdapter applyAliases (Ljava/util/Locale;)Ljava/util/Locale; 4 <appendix> argL0 ; # sun/util/cldr/CLDRLocaleProviderAdapter$$Lambda+0x000000080015f488
instanceKlass sun/util/resources/Bundles$CacheKey
instanceKlass java/util/ResourceBundle$1
instanceKlass jdk/internal/access/JavaUtilResourceBundleAccess
instanceKlass sun/util/resources/Bundles
instanceKlass sun/util/resources/LocaleData$LocaleDataStrategy
instanceKlass sun/util/resources/Bundles$Strategy
instanceKlass sun/util/resources/LocaleData$1
instanceKlass sun/util/resources/LocaleData
instanceKlass sun/util/locale/provider/LocaleResources
instanceKlass java/util/stream/Nodes$ArrayNode
instanceKlass java/util/stream/Node$Builder
instanceKlass java/util/stream/Node$OfDouble
instanceKlass java/util/stream/Node$OfLong
instanceKlass java/util/stream/Node$OfInt
instanceKlass java/util/stream/Node$OfPrimitive
instanceKlass java/util/stream/Nodes$EmptyNode
instanceKlass java/util/stream/Node
instanceKlass java/util/stream/Nodes
instanceKlass  @bci sun/util/locale/provider/LocaleProviderAdapter toLocaleArray (Ljava/util/Set;)[Ljava/util/Locale; 16 <appendix> argL0 ; # sun/util/locale/provider/LocaleProviderAdapter$$Lambda+0x000000080015b210
instanceKlass java/util/function/IntFunction
instanceKlass  @bci sun/util/locale/provider/LocaleProviderAdapter toLocaleArray (Ljava/util/Set;)[Ljava/util/Locale; 6 <appendix> argL0 ; # sun/util/locale/provider/LocaleProviderAdapter$$Lambda+0x000000080015abd8
instanceKlass java/util/Spliterators$IteratorSpliterator
instanceKlass  @bci sun/util/cldr/CLDRLocaleProviderAdapter getCalendarDataProvider ()Ljava/util/spi/CalendarDataProvider; 8 <appendix> member <vmtarget> ; # sun/util/cldr/CLDRLocaleProviderAdapter$$Lambda+0x000000080015a270
instanceKlass java/util/ResourceBundle
instanceKlass java/util/ResourceBundle$Control
instanceKlass sun/util/locale/provider/CalendarDataUtility$CalendarWeekParameterGetter
instanceKlass sun/util/locale/provider/LocaleServiceProviderPool$LocalizedObjectGetter
instanceKlass sun/util/locale/provider/LocaleServiceProviderPool
instanceKlass java/util/Locale$Builder
instanceKlass sun/util/locale/provider/CalendarDataUtility
instanceKlass sun/util/calendar/CalendarSystem$GregorianHolder
instanceKlass sun/util/calendar/CalendarSystem
instanceKlass java/util/Calendar$Builder
instanceKlass sun/util/locale/provider/AvailableLanguageTags
instanceKlass  @bci sun/util/locale/provider/JRELocaleProviderAdapter getCalendarProvider ()Lsun/util/spi/CalendarProvider; 8 <appendix> member <vmtarget> ; # sun/util/locale/provider/JRELocaleProviderAdapter$$Lambda+0x0000000800155cf8
instanceKlass sun/util/resources/cldr/provider/CLDRLocaleDataMetaInfo
instanceKlass jdk/internal/module/ModulePatcher$PatchedModuleReader
instanceKlass  @bci sun/util/cldr/CLDRLocaleProviderAdapter <init> ()V 4 <appendix> argL0 ; # sun/util/cldr/CLDRLocaleProviderAdapter$$Lambda+0x00000008001555b8
instanceKlass sun/util/locale/LocaleObjectCache
instanceKlass sun/util/locale/BaseLocale$Key
instanceKlass sun/util/locale/InternalLocaleBuilder$CaseInsensitiveChar
instanceKlass sun/util/locale/InternalLocaleBuilder
instanceKlass sun/util/locale/StringTokenIterator
instanceKlass sun/util/locale/ParseStatus
instanceKlass sun/util/locale/LanguageTag
instanceKlass sun/util/cldr/CLDRBaseLocaleDataMetaInfo
instanceKlass sun/util/locale/provider/LocaleDataMetaInfo
instanceKlass sun/util/locale/provider/ResourceBundleBasedAdapter
instanceKlass sun/util/locale/provider/LocaleProviderAdapter
instanceKlass java/util/spi/LocaleServiceProvider
instanceKlass java/util/Calendar
instanceKlass sun/util/calendar/ZoneInfoFile$ZoneOffsetTransitionRule
instanceKlass sun/util/calendar/ZoneInfoFile$1
instanceKlass sun/util/calendar/ZoneInfoFile
instanceKlass java/util/TimeZone
# instanceKlass java/lang/invoke/LambdaForm$MH+0x000000080011cc00
# instanceKlass java/lang/invoke/LambdaForm$MH+0x000000080011c800
instanceKlass org/apache/logging/log4j/core/util/datetime/FixedDateFormat
instanceKlass org/apache/logging/log4j/core/pattern/DatePatternConverter$CachedTime
instanceKlass org/apache/logging/log4j/core/time/MutableInstant
instanceKlass java/time/temporal/TemporalAccessor
instanceKlass java/util/Date
instanceKlass org/apache/logging/log4j/core/pattern/DatePatternConverter$Formatter
instanceKlass org/apache/logging/log4j/core/time/Instant
instanceKlass org/apache/logging/log4j/core/pattern/PatternParser$1
instanceKlass org/apache/logging/log4j/core/pattern/FormattingInfo
instanceKlass java/lang/Class$AnnotationData
instanceKlass java/lang/annotation/Target
# instanceKlass java/lang/invoke/LambdaForm$MH+0x000000080011c400
instanceKlass  @bci sun/awt/DebugSettings getString (Ljava/lang/String;Ljava/lang/String;)Ljava/lang/String; 1 <appendix> form vmentry <vmtarget> ; # java/lang/invoke/LambdaForm$MH+0x000000080011c000
instanceKlass java/lang/reflect/Proxy$ProxyBuilder$1
instanceKlass jdk/internal/org/objectweb/asm/Edge
instanceKlass  @bci java/lang/reflect/ProxyGenerator addProxyMethod (Ljava/lang/reflect/Method;Ljava/lang/Class;)V 23 <appendix> argL0 ; # java/lang/reflect/ProxyGenerator$$Lambda+0x000000080014dfa8
instanceKlass  @bci java/lang/reflect/ProxyGenerator addProxyMethod (Ljava/lang/reflect/ProxyGenerator$ProxyMethod;)V 10 <appendix> argL0 ; # java/lang/reflect/ProxyGenerator$$Lambda+0x000000080014dd68
instanceKlass java/util/StringJoiner
instanceKlass java/lang/reflect/ProxyGenerator$ProxyMethod
instanceKlass  @bci java/lang/reflect/Proxy getLoader (Ljava/lang/Module;)Ljava/lang/ClassLoader; 6 <appendix> member <vmtarget> ; # java/lang/reflect/Proxy$$Lambda+0x000000080014d400
instanceKlass  @bci java/lang/module/ModuleDescriptor$Builder packages (Ljava/util/Set;)Ljava/lang/module/ModuleDescriptor$Builder; 17 <appendix> argL0 ; # java/lang/module/ModuleDescriptor$Builder$$Lambda+0x000000080014cfc0
instanceKlass jdk/internal/module/Checks
instanceKlass java/lang/module/ModuleDescriptor$Builder
instanceKlass  @bci java/lang/reflect/Proxy$ProxyBuilder getDynamicModule (Ljava/lang/ClassLoader;)Ljava/lang/Module; 4 <appendix> argL0 ; # java/lang/reflect/Proxy$ProxyBuilder$$Lambda+0x000000080014c978
instanceKlass java/lang/reflect/Proxy$ProxyBuilder
instanceKlass  @bci java/lang/reflect/Proxy getProxyConstructor (Ljava/lang/Class;Ljava/lang/ClassLoader;[Ljava/lang/Class;)Ljava/lang/reflect/Constructor; 35 <appendix> argL0 ; # java/lang/reflect/Proxy$$Lambda+0x000000080014c538
instanceKlass java/lang/ClassValue$Version
instanceKlass java/lang/ClassValue$Identity
instanceKlass java/lang/ClassValue
instanceKlass java/lang/reflect/Proxy
instanceKlass sun/reflect/annotation/AnnotationInvocationHandler
instanceKlass java/lang/reflect/InvocationHandler
instanceKlass sun/reflect/annotation/AnnotationParser$1
instanceKlass java/lang/annotation/Documented
instanceKlass java/lang/annotation/Inherited
instanceKlass java/lang/annotation/Retention
instanceKlass sun/reflect/annotation/ExceptionProxy
instanceKlass sun/reflect/annotation/AnnotationType$1
instanceKlass sun/reflect/annotation/AnnotationType
instanceKlass java/lang/reflect/GenericArrayType
instanceKlass org/apache/logging/log4j/core/config/plugins/Plugin
instanceKlass sun/reflect/generics/visitor/Reifier
instanceKlass sun/reflect/generics/visitor/TypeTreeVisitor
instanceKlass sun/reflect/generics/factory/CoreReflectionFactory
instanceKlass sun/reflect/generics/factory/GenericsFactory
instanceKlass sun/reflect/generics/scope/AbstractScope
instanceKlass sun/reflect/generics/scope/Scope
instanceKlass sun/reflect/generics/tree/ClassTypeSignature
instanceKlass sun/reflect/generics/tree/SimpleClassTypeSignature
instanceKlass sun/reflect/generics/tree/FieldTypeSignature
instanceKlass sun/reflect/generics/tree/BaseType
instanceKlass sun/reflect/generics/tree/TypeSignature
instanceKlass sun/reflect/generics/tree/ReturnType
instanceKlass sun/reflect/generics/tree/TypeArgument
instanceKlass sun/reflect/generics/tree/TypeTree
instanceKlass sun/reflect/generics/tree/Tree
instanceKlass sun/reflect/generics/parser/SignatureParser
instanceKlass org/apache/logging/log4j/core/pattern/ConverterKeys
instanceKlass org/apache/logging/log4j/core/pattern/PatternParser
instanceKlass org/apache/logging/log4j/core/layout/StringBuilderEncoder
instanceKlass org/apache/logging/log4j/core/layout/PatternLayout$PatternSerializer
instanceKlass org/apache/logging/log4j/core/layout/AbstractStringLayout$Serializer
instanceKlass org/apache/logging/log4j/core/layout/PatternLayout$SerializerBuilder
instanceKlass org/apache/logging/log4j/core/layout/PatternLayout$Builder
instanceKlass org/apache/logging/log4j/core/layout/AbstractStringLayout$Serializer2
instanceKlass org/apache/logging/log4j/spi/LoggerRegistry$ConcurrentMapFactory
instanceKlass org/apache/logging/log4j/spi/LoggerRegistry$MapFactory
instanceKlass org/apache/logging/log4j/spi/LoggerRegistry
instanceKlass org/apache/logging/log4j/core/config/Node
instanceKlass org/apache/logging/log4j/core/util/DummyNanoClock
instanceKlass jdk/internal/foreign/MemorySessionImpl
instanceKlass java/lang/foreign/MemorySegment$Scope
instanceKlass org/apache/logging/log4j/core/util/WatchEventService
instanceKlass java/util/UUID
instanceKlass org/apache/logging/log4j/core/util/WatchManager$LocalUUID
instanceKlass java/util/concurrent/Future
instanceKlass java/util/concurrent/ScheduledExecutorService
instanceKlass java/util/concurrent/ExecutorService
instanceKlass java/util/concurrent/Executor
instanceKlass org/apache/logging/log4j/core/config/DefaultReliabilityStrategy
instanceKlass org/apache/logging/log4j/core/config/LocationAwareReliabilityStrategy
instanceKlass sun/reflect/misc/ReflectUtil
instanceKlass java/util/concurrent/atomic/AtomicReferenceFieldUpdater$AtomicReferenceFieldUpdaterImpl$1
instanceKlass java/util/concurrent/atomic/AtomicReferenceFieldUpdater
instanceKlass org/apache/logging/log4j/core/config/AppenderControlArraySet
instanceKlass org/apache/logging/log4j/core/util/SystemClock
instanceKlass org/apache/logging/log4j/core/time/PreciseClock
instanceKlass org/apache/logging/log4j/core/util/Clock
instanceKlass org/apache/logging/log4j/core/util/ClockFactory
instanceKlass org/apache/logging/log4j/core/impl/ReusableLogEventFactory
instanceKlass org/apache/logging/log4j/core/LogEvent
instanceKlass org/apache/logging/log4j/core/impl/LogEventFactory
instanceKlass org/apache/logging/log4j/core/impl/LocationAwareLogEventFactory
instanceKlass org/apache/logging/log4j/core/config/ReliabilityStrategy
instanceKlass java/util/DualPivotQuicksort
instanceKlass org/apache/logging/log4j/core/lookup/StrMatcher
instanceKlass sun/management/Util
instanceKlass  @bci java/util/stream/Collectors toList ()Ljava/util/stream/Collector; 14 <appendix> argL0 ; # java/util/stream/Collectors$$Lambda+0x0000000800144750
instanceKlass  @bci java/util/stream/Collectors toList ()Ljava/util/stream/Collector; 9 <appendix> argL0 ; # java/util/stream/Collectors$$Lambda+0x0000000800144520
instanceKlass  @bci java/util/stream/Collectors toList ()Ljava/util/stream/Collector; 4 <appendix> argL0 ; # java/util/stream/Collectors$$Lambda+0x0000000800144300
instanceKlass  @bci sun/management/spi/PlatformMBeanProvider$PlatformComponent getMBeans (Ljava/lang/Class;)Ljava/util/List; 63 <appendix> member <vmtarget> ; # sun/management/spi/PlatformMBeanProvider$PlatformComponent$$Lambda+0x0000000800143bc0
instanceKlass  @bci sun/management/spi/PlatformMBeanProvider$PlatformComponent getMBeans (Ljava/lang/Class;)Ljava/util/List; 47 <appendix> member <vmtarget> ; # sun/management/spi/PlatformMBeanProvider$PlatformComponent$$Lambda+0x0000000800143968
instanceKlass  @cpi com/st/microxplorer/plugins/thirdparty/cli/ThirdPartyCli 477 form vmentry <vmtarget> ; # java/lang/invoke/LambdaForm$DMH+0x0000000800114400
instanceKlass java/util/Collections$2
instanceKlass sun/management/RuntimeImpl
instanceKlass java/util/stream/ReduceOps$2ReducingSink
instanceKlass  @bci java/lang/management/ManagementFactory$PlatformMBeanFinder findSingleton (Ljava/lang/Class;)Lsun/management/spi/PlatformMBeanProvider$PlatformComponent; 30 <appendix> member <vmtarget> ; # java/lang/management/ManagementFactory$PlatformMBeanFinder$$Lambda+0x0000000800142520
instanceKlass  @bci java/lang/management/ManagementFactory$PlatformMBeanFinder findSingleton (Ljava/lang/Class;)Lsun/management/spi/PlatformMBeanProvider$PlatformComponent; 19 <appendix> member <vmtarget> ; # java/lang/management/ManagementFactory$PlatformMBeanFinder$$Lambda+0x00000008001418e0
instanceKlass java/util/HashMap$HashMapSpliterator
instanceKlass java/util/Collections$1
instanceKlass jdk/management/jfr/internal/FlightRecorderMXBeanProvider$SingleMBeanComponent
instanceKlass jdk/management/jfr/FlightRecorderMXBean
instanceKlass java/util/Collections$UnmodifiableCollection$1
instanceKlass java/lang/management/DefaultPlatformMBeanProvider$11
instanceKlass java/lang/management/DefaultPlatformMBeanProvider$10
instanceKlass java/lang/management/DefaultPlatformMBeanProvider$9
instanceKlass java/util/logging/LogManager
instanceKlass sun/management/ManagementFactoryHelper$LoggingMXBeanAccess$1
instanceKlass sun/management/ManagementFactoryHelper$LoggingMXBeanAccess
instanceKlass java/lang/management/DefaultPlatformMBeanProvider$8
instanceKlass java/lang/management/DefaultPlatformMBeanProvider$7
instanceKlass java/lang/management/DefaultPlatformMBeanProvider$6
instanceKlass java/lang/management/DefaultPlatformMBeanProvider$5
instanceKlass java/lang/management/DefaultPlatformMBeanProvider$4
instanceKlass java/lang/management/DefaultPlatformMBeanProvider$3
instanceKlass java/lang/management/DefaultPlatformMBeanProvider$2
instanceKlass java/lang/management/DefaultPlatformMBeanProvider$1
instanceKlass java/util/concurrent/Callable
instanceKlass com/sun/management/internal/PlatformMBeanProviderImpl$5
instanceKlass sun/management/VMManagementImpl
instanceKlass sun/management/VMManagement
instanceKlass sun/management/ManagementFactoryHelper
instanceKlass sun/management/NotificationEmitterSupport
instanceKlass javax/management/NotificationEmitter
instanceKlass javax/management/NotificationBroadcaster
instanceKlass com/sun/management/DiagnosticCommandMBean
instanceKlass javax/management/DynamicMBean
instanceKlass com/sun/management/internal/PlatformMBeanProviderImpl$4
instanceKlass com/sun/management/internal/PlatformMBeanProviderImpl$3
instanceKlass com/sun/management/internal/PlatformMBeanProviderImpl$2
instanceKlass java/util/stream/ReduceOps$Box
instanceKlass java/util/stream/ReduceOps$AccumulatingSink
instanceKlass java/util/stream/ReduceOps$ReduceOp
instanceKlass java/util/stream/ReduceOps
instanceKlass  @bci java/util/stream/Collectors castingIdentity ()Ljava/util/function/Function; 0 <appendix> argL0 ; # java/util/stream/Collectors$$Lambda+0x00000008000ba5b8
instanceKlass  @bci java/util/stream/Collectors toSet ()Ljava/util/stream/Collector; 14 <appendix> argL0 ; # java/util/stream/Collectors$$Lambda+0x00000008000ba370
instanceKlass java/util/function/BinaryOperator
instanceKlass  @bci java/util/stream/Collectors toSet ()Ljava/util/stream/Collector; 9 <appendix> argL0 ; # java/util/stream/Collectors$$Lambda+0x00000008000b9f40
instanceKlass java/util/function/BiConsumer
instanceKlass  @bci java/util/stream/Collectors toSet ()Ljava/util/stream/Collector; 4 <appendix> argL0 ; # java/util/stream/Collectors$$Lambda+0x00000008000b9b20
instanceKlass java/util/stream/Collector
instanceKlass java/util/stream/Collectors
instanceKlass com/sun/management/internal/PlatformMBeanProviderImpl$1
instanceKlass sun/management/spi/PlatformMBeanProvider$PlatformComponent
instanceKlass  @bci com/sun/management/internal/PlatformMBeanProviderImpl <clinit> ()V 8 <appendix> argL0 ; # com/sun/management/internal/PlatformMBeanProviderImpl$$Lambda+0x00000008000b89e0
instanceKlass sun/management/spi/PlatformMBeanProvider
instanceKlass java/security/Security$1
instanceKlass jdk/internal/access/JavaSecurityPropertiesAccess
instanceKlass java/util/concurrent/ConcurrentHashMap$MapEntry
instanceKlass java/io/FileInputStream$1
instanceKlass java/util/Properties$LineReader
instanceKlass  @bci java/security/Security <clinit> ()V 9 <appendix> argL0 ; # java/security/Security$$Lambda+0x00000008000b78c8
instanceKlass java/security/Security
instanceKlass sun/security/util/SecurityProperties
instanceKlass sun/security/util/FilePermCompat
instanceKlass java/io/FilePermission$1
instanceKlass jdk/internal/access/JavaIOFilePermissionAccess
instanceKlass java/lang/management/ManagementFactory$PlatformMBeanFinder$1
instanceKlass java/lang/management/ManagementFactory$PlatformMBeanFinder
instanceKlass java/lang/management/RuntimeMXBean
instanceKlass java/lang/management/PlatformManagedObject
instanceKlass  @bci java/lang/management/ManagementFactory loadNativeLib ()V 0 <appendix> argL0 ; # java/lang/management/ManagementFactory$$Lambda+0x00000008000b5de0
instanceKlass java/lang/management/ManagementFactory
instanceKlass org/apache/logging/log4j/core/net/JndiManager$JndiManagerFactory
instanceKlass javax/naming/Context
instanceKlass org/apache/logging/log4j/core/appender/ManagerFactory
instanceKlass org/apache/logging/log4j/core/appender/AbstractManager
instanceKlass  @bci java/util/stream/MatchOps makeRef (Ljava/util/function/Predicate;Ljava/util/stream/MatchOps$MatchKind;)Ljava/util/stream/TerminalOp; 20 <appendix> member <vmtarget> ; # java/util/stream/MatchOps$$Lambda+0x00000008000b4630
instanceKlass java/util/stream/MatchOps$BooleanTerminalSink
instanceKlass java/util/stream/MatchOps$MatchOp
instanceKlass java/util/stream/MatchOps
instanceKlass  @bci org/apache/logging/log4j/core/impl/ThreadContextDataInjector getServiceProviders ()Ljava/util/List; 69 <appendix> member <vmtarget> ; # org/apache/logging/log4j/core/impl/ThreadContextDataInjector$$Lambda+0x00000008001113a8
instanceKlass  @cpi org/apache/logging/log4j/core/util/datetime/FastDateParser 466 form vmentry <vmtarget> ; # java/lang/invoke/LambdaForm$DMH+0x0000000800114000
instanceKlass java/util/ArrayList$ArrayListSpliterator
instanceKlass org/apache/logging/log4j/core/impl/ThreadContextDataProvider
instanceKlass org/apache/logging/log4j/core/util/ContextDataProvider
instanceKlass java/util/concurrent/ConcurrentLinkedDeque$Node
instanceKlass org/apache/logging/log4j/core/impl/ThreadContextDataInjector
instanceKlass org/apache/logging/log4j/core/impl/ThreadContextDataInjector$ForCopyOnWriteThreadContextMap
instanceKlass org/apache/logging/log4j/spi/DefaultThreadContextStack
instanceKlass org/apache/logging/log4j/spi/DefaultThreadContextMap
instanceKlass org/apache/logging/log4j/spi/GarbageFreeSortedArrayThreadContextMap
instanceKlass java/io/ObjectInputFilter$FilterInfo
instanceKlass org/apache/logging/log4j/util/internal/DefaultObjectInputFilter
instanceKlass java/io/ObjectInputFilter
instanceKlass java/io/ObjectInputValidation
instanceKlass java/io/ObjectInputStream$GetField
instanceKlass java/lang/PublicMethods
instanceKlass  @bci org/apache/logging/log4j/util/SortedArrayStringMap <clinit> ()V 0 <appendix> argL0 ; # org/apache/logging/log4j/util/SortedArrayStringMap$$Lambda+0x000000080010fdc8
instanceKlass  @cpi org/apache/logging/log4j/util/SortedArrayStringMap 465 form vmentry <vmtarget> ; # java/lang/invoke/LambdaForm$DMH+0x000000080010d400
# instanceKlass java/lang/invoke/LambdaForm$DMH+0x000000080010d000
instanceKlass org/apache/logging/log4j/util/TriConsumer
instanceKlass java/io/ObjectStreamConstants
instanceKlass java/io/ObjectInput
instanceKlass org/apache/logging/log4j/util/SortedArrayStringMap
instanceKlass org/apache/logging/log4j/util/IndexedStringMap
instanceKlass org/apache/logging/log4j/util/IndexedReadOnlyStringMap
instanceKlass org/apache/logging/log4j/util/StringMap
instanceKlass org/apache/logging/log4j/util/ReadOnlyStringMap
instanceKlass org/apache/logging/log4j/spi/CopyOnWriteSortedArrayThreadContextMap
instanceKlass org/apache/logging/log4j/spi/CopyOnWrite
instanceKlass org/apache/logging/log4j/spi/ObjectThreadContextMap
instanceKlass org/apache/logging/log4j/spi/CleanableThreadContextMap
instanceKlass org/apache/logging/log4j/spi/ThreadContextMap2
instanceKlass org/apache/logging/log4j/spi/ReadOnlyThreadContextMap
instanceKlass org/apache/logging/log4j/spi/ThreadContextMapFactory
instanceKlass org/apache/logging/log4j/ThreadContext$EmptyIterator
instanceKlass org/apache/logging/log4j/spi/ThreadContextMap
instanceKlass org/apache/logging/log4j/spi/ThreadContextStack
instanceKlass org/apache/logging/log4j/ThreadContext$ContextStack
instanceKlass org/apache/logging/log4j/ThreadContext
instanceKlass org/apache/logging/log4j/core/ContextDataInjector
instanceKlass org/apache/logging/log4j/core/impl/ContextDataInjectorFactory
instanceKlass org/apache/logging/log4j/core/util/ReflectionUtil
instanceKlass java/util/concurrent/CopyOnWriteArrayList$COWIterator
instanceKlass  @bci org/apache/logging/log4j/core/config/plugins/util/PluginRegistry decodeCacheFiles (Ljava/lang/ClassLoader;)Ljava/util/Map; 320 <adapter> ; # java/lang/invoke/LambdaForm$MH+0x000000080010cc00
# instanceKlass java/lang/invoke/LambdaForm$DMH+0x000000080010c800
instanceKlass  @bci org/apache/logging/log4j/core/config/plugins/util/PluginRegistry decodeCacheFiles (Ljava/lang/ClassLoader;)Ljava/util/Map; 320 <appendix> form vmentry <vmtarget> ; # java/lang/invoke/LambdaForm$DMH+0x000000080010c400
instanceKlass  @bci org/apache/logging/log4j/core/config/plugins/util/PluginRegistry decodeCacheFiles (Ljava/lang/ClassLoader;)Ljava/util/Map; 320 <appendix> member <vmtarget> ; # org/apache/logging/log4j/core/config/plugins/util/PluginRegistry$$Lambda+0x000000080010a178
instanceKlass  @cpi org/apache/logging/log4j/core/config/plugins/util/PluginRegistry 326 form vmentry <vmtarget> ; # java/lang/invoke/LambdaForm$DMH+0x000000080010c000
instanceKlass org/apache/logging/log4j/util/Supplier
instanceKlass org/apache/logging/log4j/core/util/AbstractWatcher
instanceKlass org/apache/logging/log4j/core/config/plugins/convert/TypeConverters$UuidConverter
instanceKlass org/apache/logging/log4j/core/config/plugins/convert/TypeConverters$UrlConverter
instanceKlass org/apache/logging/log4j/core/config/plugins/convert/TypeConverters$UriConverter
instanceKlass org/apache/logging/log4j/core/config/plugins/convert/TypeConverters$StringConverter
instanceKlass org/apache/logging/log4j/core/config/plugins/convert/TypeConverters$ShortConverter
instanceKlass org/apache/logging/log4j/core/config/plugins/convert/TypeConverters$SecurityProviderConverter
instanceKlass org/apache/logging/log4j/core/config/plugins/convert/TypeConverters$PatternConverter
instanceKlass org/apache/logging/log4j/core/config/plugins/convert/TypeConverters$PathConverter
instanceKlass org/apache/logging/log4j/core/config/plugins/convert/TypeConverters$LongConverter
instanceKlass org/apache/logging/log4j/core/config/plugins/convert/TypeConverters$LevelConverter
instanceKlass org/apache/logging/log4j/core/config/plugins/convert/TypeConverters$IntegerConverter
instanceKlass org/apache/logging/log4j/core/config/plugins/convert/TypeConverters$InetAddressConverter
instanceKlass org/apache/logging/log4j/core/config/plugins/convert/TypeConverters$FloatConverter
instanceKlass org/apache/logging/log4j/core/config/plugins/convert/TypeConverters$FileConverter
instanceKlass org/apache/logging/log4j/core/config/plugins/convert/TypeConverters$DurationConverter
instanceKlass org/apache/logging/log4j/core/config/plugins/convert/TypeConverters$DoubleConverter
instanceKlass org/apache/logging/log4j/core/config/plugins/convert/TypeConverters$CronExpressionConverter
instanceKlass org/apache/logging/log4j/core/config/plugins/convert/TypeConverters$ClassConverter
instanceKlass org/apache/logging/log4j/core/config/plugins/convert/TypeConverters$CharsetConverter
instanceKlass org/apache/logging/log4j/core/config/plugins/convert/TypeConverters$CharArrayConverter
instanceKlass org/apache/logging/log4j/core/config/plugins/convert/TypeConverters$CharacterConverter
instanceKlass org/apache/logging/log4j/core/config/plugins/convert/TypeConverters$ByteArrayConverter
instanceKlass org/apache/logging/log4j/core/config/plugins/convert/TypeConverters$ByteConverter
instanceKlass org/apache/logging/log4j/core/config/plugins/convert/TypeConverters$BooleanConverter
instanceKlass org/apache/logging/log4j/core/config/plugins/convert/TypeConverters$BigIntegerConverter
instanceKlass org/apache/logging/log4j/core/config/plugins/convert/TypeConverters$BigDecimalConverter
instanceKlass org/apache/logging/log4j/core/config/plugins/convert/TypeConverter
instanceKlass org/apache/logging/log4j/core/lookup/UpperLookup
instanceKlass org/apache/logging/log4j/core/lookup/StructuredDataLookup
instanceKlass org/apache/logging/log4j/core/lookup/LowerLookup
instanceKlass org/apache/logging/log4j/core/lookup/MapLookup
instanceKlass org/apache/logging/log4j/core/lookup/DateLookup
instanceKlass org/apache/logging/log4j/core/lookup/ContextMapLookup
instanceKlass org/apache/logging/log4j/core/pattern/FileDatePatternConverter
instanceKlass org/apache/logging/log4j/core/config/arbiters/SystemPropertyArbiter
instanceKlass org/apache/logging/log4j/core/net/ssl/SslConfiguration
instanceKlass org/apache/logging/log4j/core/appender/rolling/action/PathSortByModificationTime
instanceKlass org/apache/logging/log4j/core/appender/rolling/action/PathSorter
instanceKlass org/apache/logging/log4j/core/net/SocketPerformancePreferences
instanceKlass org/apache/logging/log4j/core/net/SocketOptions
instanceKlass org/apache/logging/log4j/core/util/Builder
instanceKlass org/apache/logging/log4j/core/net/SocketAddress
instanceKlass org/apache/logging/log4j/core/config/arbiters/SelectArbiter
instanceKlass org/apache/logging/log4j/core/config/ScriptsPlugin
instanceKlass org/apache/logging/log4j/core/layout/ScriptPatternSelector
instanceKlass org/apache/logging/log4j/core/appender/rolling/action/ScriptCondition
instanceKlass org/apache/logging/log4j/core/config/arbiters/ScriptArbiter
instanceKlass org/apache/logging/log4j/core/script/AbstractScript
instanceKlass org/apache/logging/log4j/core/appender/routing/Routes
instanceKlass org/apache/logging/log4j/core/appender/routing/Route
instanceKlass org/apache/logging/log4j/core/pattern/RegexReplacement
instanceKlass org/apache/logging/log4j/core/appender/rewrite/PropertiesRewritePolicy
instanceKlass org/apache/logging/log4j/core/config/PropertiesPlugin
instanceKlass org/apache/logging/log4j/core/layout/PatternMatch
instanceKlass org/apache/logging/log4j/core/net/MulticastDnsAdvertiser
instanceKlass org/apache/logging/log4j/core/layout/MarkerPatternSelector
instanceKlass org/apache/logging/log4j/core/appender/rewrite/MapRewritePolicy
instanceKlass org/apache/logging/log4j/core/config/LoggersPlugin
instanceKlass org/apache/logging/log4j/core/appender/rewrite/LoggerNameLevelRewritePolicy
instanceKlass org/apache/logging/log4j/core/appender/rewrite/RewritePolicy
instanceKlass org/apache/logging/log4j/core/layout/LoggerFields
instanceKlass org/apache/logging/log4j/core/async/LinkedTransferQueueFactory
instanceKlass org/apache/logging/log4j/core/layout/LevelPatternSelector
instanceKlass org/apache/logging/log4j/core/layout/PatternSelector
instanceKlass org/apache/logging/log4j/core/util/KeyValuePair
instanceKlass org/apache/logging/log4j/core/net/ssl/StoreConfiguration
instanceKlass org/apache/logging/log4j/core/async/JCToolsBlockingQueueFactory
instanceKlass org/apache/logging/log4j/core/appender/rolling/action/IfNot
instanceKlass org/apache/logging/log4j/core/appender/rolling/action/IfLastModified
instanceKlass org/apache/logging/log4j/core/appender/rolling/action/IfFileName
instanceKlass org/apache/logging/log4j/core/appender/rolling/action/IfAny
instanceKlass org/apache/logging/log4j/core/appender/rolling/action/IfAll
instanceKlass org/apache/logging/log4j/core/appender/rolling/action/IfAccumulatedFileSize
instanceKlass org/apache/logging/log4j/core/appender/rolling/action/IfAccumulatedFileCount
instanceKlass org/apache/logging/log4j/core/appender/rolling/action/PathCondition
instanceKlass org/apache/logging/log4j/core/appender/routing/PurgePolicy
instanceKlass org/apache/logging/log4j/core/appender/FailoversPlugin
instanceKlass org/apache/logging/log4j/core/async/DisruptorBlockingQueueFactory
instanceKlass org/apache/logging/log4j/core/appender/rolling/DirectFileRolloverStrategy
instanceKlass org/apache/logging/log4j/core/appender/rolling/action/AbstractAction
instanceKlass org/apache/logging/log4j/core/appender/rolling/action/Action
instanceKlass org/apache/logging/log4j/core/appender/rolling/AbstractRolloverStrategy
instanceKlass org/apache/logging/log4j/core/appender/rolling/RolloverStrategy
instanceKlass org/apache/logging/log4j/core/config/arbiters/DefaultArbiter
instanceKlass org/apache/logging/log4j/core/config/CustomLevels
instanceKlass org/apache/logging/log4j/core/config/CustomLevelConfig
instanceKlass org/apache/logging/log4j/core/layout/AbstractLayout
instanceKlass org/apache/logging/log4j/core/StringLayout
instanceKlass org/apache/logging/log4j/core/appender/rolling/TriggeringPolicy
instanceKlass org/apache/logging/log4j/core/appender/db/jdbc/ConnectionSource
instanceKlass org/apache/logging/log4j/core/appender/db/ColumnMapping
instanceKlass org/apache/logging/log4j/core/appender/db/jdbc/ColumnConfig
instanceKlass org/apache/logging/log4j/core/config/arbiters/ClassArbiter
instanceKlass org/apache/logging/log4j/core/config/arbiters/Arbiter
instanceKlass org/apache/logging/log4j/core/async/ArrayBlockingQueueFactory
instanceKlass org/apache/logging/log4j/core/async/BlockingQueueFactory
instanceKlass org/apache/logging/log4j/core/appender/AppenderSet
instanceKlass org/apache/logging/log4j/core/config/AppendersPlugin
instanceKlass org/apache/logging/log4j/core/config/AppenderRef
instanceKlass org/apache/logging/log4j/core/pattern/AnsiConverter
instanceKlass org/apache/logging/log4j/core/pattern/ArrayPatternConverter
instanceKlass org/apache/logging/log4j/core/impl/LocationAware
instanceKlass org/apache/logging/log4j/core/pattern/AbstractPatternConverter
instanceKlass org/apache/logging/log4j/core/pattern/PatternConverter
instanceKlass org/apache/logging/log4j/core/config/plugins/util/PluginType
instanceKlass org/apache/logging/log4j/core/config/builder/api/ConfigurationBuilderFactory
instanceKlass  @bci org/apache/logging/log4j/core/config/plugins/processor/PluginCache loadCacheFiles (Ljava/util/Enumeration;)V 140 <adapter> ; # java/lang/invoke/LambdaForm$MH+0x00000008000e0c00
# instanceKlass java/lang/invoke/LambdaForm$DMH+0x00000008000e0800
instanceKlass  @bci org/apache/logging/log4j/core/config/plugins/processor/PluginCache loadCacheFiles (Ljava/util/Enumeration;)V 140 <appendix> form vmentry <vmtarget> ; # java/lang/invoke/LambdaForm$DMH+0x00000008000e0400
instanceKlass  @bci org/apache/logging/log4j/core/config/plugins/processor/PluginCache loadCacheFiles (Ljava/util/Enumeration;)V 140 <appendix> member <vmtarget> ; # org/apache/logging/log4j/core/config/plugins/processor/PluginCache$$Lambda+0x00000008000dc088
instanceKlass  @cpi org/apache/logging/log4j/core/config/plugins/processor/PluginCache 190 form vmentry <vmtarget> ; # java/lang/invoke/LambdaForm$DMH+0x00000008000e0000
instanceKlass org/apache/logging/log4j/core/config/plugins/processor/PluginEntry
instanceKlass  @bci org/apache/logging/log4j/core/config/plugins/processor/PluginCache getCategory (Ljava/lang/String;)Ljava/util/Map; 10 <appendix> argL0 ; # org/apache/logging/log4j/core/config/plugins/processor/PluginCache$$Lambda+0x00000008000dbbd8
instanceKlass jdk/internal/util/ByteArray
instanceKlass org/apache/logging/log4j/core/config/plugins/processor/PluginCache
instanceKlass org/apache/logging/log4j/core/config/plugins/util/ResolverUtil$Test
instanceKlass org/apache/logging/log4j/core/config/plugins/util/PluginRegistry
instanceKlass org/apache/logging/log4j/core/config/plugins/util/PluginManager
instanceKlass org/apache/logging/log4j/core/lookup/PropertiesLookup
instanceKlass org/apache/logging/log4j/core/lookup/LookupResult
instanceKlass org/apache/logging/log4j/core/lookup/AbstractLookup
instanceKlass org/apache/logging/log4j/core/config/DefaultAdvertiser
instanceKlass org/apache/logging/log4j/core/config/Property
instanceKlass org/apache/logging/log4j/core/config/ConfigurationSource
instanceKlass org/apache/logging/log4j/core/util/Watcher
instanceKlass org/apache/logging/log4j/core/Appender
instanceKlass org/apache/logging/log4j/core/Layout
instanceKlass org/apache/logging/log4j/core/layout/Encoder
instanceKlass org/apache/logging/log4j/core/async/AsyncLoggerConfigDelegate
instanceKlass org/apache/logging/log4j/core/util/NanoClock
instanceKlass org/apache/logging/log4j/core/lookup/StrLookup
instanceKlass org/apache/logging/log4j/core/net/Advertiser
instanceKlass org/apache/logging/log4j/core/lookup/StrSubstitutor
instanceKlass org/apache/logging/log4j/core/config/ConfigurationAware
instanceKlass org/apache/logging/log4j/core/Filter
instanceKlass org/apache/logging/log4j/core/AbstractLifeCycle
instanceKlass org/apache/logging/log4j/spi/LoggerContextShutdownEnabled
instanceKlass org/apache/logging/log4j/core/config/ConfigurationListener
instanceKlass org/apache/logging/log4j/spi/Terminable
instanceKlass  @bci org/apache/logging/log4j/util/StackLocator getCallerClass (Ljava/lang/String;Ljava/lang/String;)Ljava/lang/Class; 16 <appendix> argL0 ; # org/apache/logging/log4j/util/StackLocator$$Lambda+0x00000008000d5c08
instanceKlass  @cpi org/glassfish/jaxb/core/StackHelper 41 form vmentry <vmtarget> ; # java/lang/invoke/LambdaForm$DMH+0x00000008000ccc00
instanceKlass java/util/stream/Sink$ChainedReference
instanceKlass java/util/stream/WhileOps$DropWhileSink
instanceKlass  @bci java/util/stream/FindOps$FindSink$OfRef <clinit> ()V 43 <appendix> argL0 ; # java/util/stream/FindOps$FindSink$OfRef$$Lambda+0x00000008000aba80
instanceKlass  @bci java/util/stream/FindOps$FindSink$OfRef <clinit> ()V 38 <appendix> argL0 ; # java/util/stream/FindOps$FindSink$OfRef$$Lambda+0x00000008000ab830
instanceKlass  @bci java/util/stream/FindOps$FindSink$OfRef <clinit> ()V 16 <appendix> argL0 ; # java/util/stream/FindOps$FindSink$OfRef$$Lambda+0x00000008000ab610
instanceKlass  @bci java/util/stream/FindOps$FindSink$OfRef <clinit> ()V 11 <appendix> argL0 ; # java/util/stream/FindOps$FindSink$OfRef$$Lambda+0x00000008000ab3c0
instanceKlass java/util/stream/FindOps$FindOp
instanceKlass java/util/stream/TerminalOp
instanceKlass java/util/stream/FindOps$FindSink
instanceKlass java/util/stream/TerminalSink
instanceKlass java/util/stream/Sink
instanceKlass java/util/stream/FindOps
instanceKlass  @bci org/apache/logging/log4j/util/StackLocator lambda$getCallerClass$6 (Ljava/lang/String;Ljava/lang/String;Ljava/util/stream/Stream;)Ljava/util/Optional; 24 <appendix> member <vmtarget> ; # org/apache/logging/log4j/util/StackLocator$$Lambda+0x00000008000d59b0
instanceKlass  @bci org/apache/logging/log4j/util/StackLocator lambda$getCallerClass$6 (Ljava/lang/String;Ljava/lang/String;Ljava/util/stream/Stream;)Ljava/util/Optional; 13 <appendix> member <vmtarget> ; # org/apache/logging/log4j/util/StackLocator$$Lambda+0x00000008000d5758
instanceKlass java/util/stream/WhileOps$DropWhileOp
instanceKlass java/util/stream/WhileOps
instanceKlass  @bci org/apache/logging/log4j/util/StackLocator lambda$getCallerClass$6 (Ljava/lang/String;Ljava/lang/String;Ljava/util/stream/Stream;)Ljava/util/Optional; 2 <appendix> member <vmtarget> ; # org/apache/logging/log4j/util/StackLocator$$Lambda+0x00000008000d5500
instanceKlass java/util/function/Predicate
instanceKlass java/lang/StackStreamFactory$FrameBuffer
instanceKlass java/lang/StackStreamFactory
instanceKlass  @bci org/apache/logging/log4j/util/StackLocator getCallerClass (Ljava/lang/String;Ljava/lang/String;)Ljava/lang/Class; 5 <appendix> member <vmtarget> ; # org/apache/logging/log4j/util/StackLocator$$Lambda+0x00000008000d52b8
instanceKlass org/apache/logging/log4j/util/StackLocator
instanceKlass org/apache/logging/log4j/util/StackLocatorUtil
instanceKlass org/apache/logging/log4j/internal/LogManagerStatus
instanceKlass java/lang/Shutdown$Lock
instanceKlass java/lang/Shutdown
instanceKlass java/lang/ApplicationShutdownHooks$1
instanceKlass java/lang/ApplicationShutdownHooks
instanceKlass java/lang/invoke/VarHandle$AccessDescriptor
instanceKlass java/util/concurrent/Executors$DefaultThreadFactory
instanceKlass java/util/concurrent/Executors
instanceKlass org/apache/logging/log4j/core/util/Cancellable
instanceKlass org/apache/logging/log4j/core/util/DefaultShutdownCallbackRegistry
instanceKlass org/apache/logging/log4j/core/LifeCycle2
instanceKlass java/util/concurrent/atomic/AtomicReference
instanceKlass org/apache/logging/log4j/core/selector/ClassLoaderContextSelector
instanceKlass org/apache/logging/log4j/spi/LoggerContextShutdownAware
instanceKlass org/apache/logging/log4j/core/util/Loader
instanceKlass org/apache/logging/log4j/core/util/Constants
instanceKlass org/apache/logging/log4j/core/selector/ContextSelector
instanceKlass org/apache/logging/log4j/core/config/Configuration
instanceKlass org/apache/logging/log4j/core/filter/Filterable
instanceKlass org/apache/logging/log4j/core/LifeCycle
instanceKlass org/apache/logging/log4j/spi/LoggerContext
instanceKlass org/apache/logging/log4j/core/impl/Log4jContextFactory
instanceKlass org/apache/logging/log4j/core/util/ShutdownCallbackRegistry
instanceKlass org/apache/logging/log4j/spi/Provider
instanceKlass org/apache/logging/log4j/util/ProviderUtil
instanceKlass java/text/Format
instanceKlass java/util/RegularEnumSet$EnumSetIterator
instanceKlass org/apache/logging/log4j/Level
instanceKlass  @bci org/apache/logging/log4j/util/Strings <clinit> ()V 0 <appendix> argL0 ; # org/apache/logging/log4j/util/Strings$$Lambda+0x00000008000cfce0
instanceKlass org/apache/logging/log4j/util/Strings
instanceKlass java/lang/invoke/VarForm
instanceKlass java/lang/invoke/VarHandleGuards
instanceKlass java/lang/invoke/VarHandles
instanceKlass java/util/concurrent/ConcurrentLinkedQueue$Node
instanceKlass java/util/concurrent/locks/ReentrantReadWriteLock$WriteLock
instanceKlass java/util/concurrent/locks/ReentrantReadWriteLock$ReadLock
instanceKlass java/util/concurrent/locks/ReentrantReadWriteLock
instanceKlass org/apache/logging/log4j/message/EntryMessage
instanceKlass org/apache/logging/log4j/message/ExitMessage
instanceKlass org/apache/logging/log4j/message/FlowMessage
instanceKlass org/apache/logging/log4j/message/DefaultFlowMessageFactory
instanceKlass org/apache/logging/log4j/message/FlowMessageFactory
instanceKlass java/util/regex/IntHashSet
instanceKlass java/util/regex/Matcher
instanceKlass java/util/regex/MatchResult
instanceKlass java/util/regex/Pattern$TreeInfo
instanceKlass  @bci java/util/regex/Pattern union (Ljava/util/regex/Pattern$CharPredicate;Ljava/util/regex/Pattern$CharPredicate;Z)Ljava/util/regex/Pattern$CharPredicate; 6 <appendix> member <vmtarget> ; # java/util/regex/Pattern$$Lambda+0x00000008000a0bb0
instanceKlass  @bci java/util/regex/Pattern Range (II)Ljava/util/regex/Pattern$CharPredicate; 23 <appendix> member <vmtarget> ; # java/util/regex/Pattern$$Lambda+0x00000008000a04b0
instanceKlass java/util/regex/Pattern$BitClass
instanceKlass  @bci java/util/regex/Pattern Single (I)Ljava/util/regex/Pattern$BmpCharPredicate; 1 <appendix> member <vmtarget> ; # java/util/regex/Pattern$$Lambda+0x000000080009f078
instanceKlass java/util/regex/Pattern$BmpCharPredicate
instanceKlass java/util/regex/Pattern$CharPredicate
instanceKlass java/util/regex/ASCII
instanceKlass java/util/regex/Pattern$Node
instanceKlass java/util/regex/Pattern
instanceKlass org/apache/logging/log4j/util/PropertySource$Util
instanceKlass java/util/Collections$UnmodifiableMap$UnmodifiableEntrySet$UnmodifiableEntry
instanceKlass java/util/Collections$UnmodifiableMap$UnmodifiableEntrySet$1
instanceKlass java/util/Collections$UnmodifiableCollection
instanceKlass java/lang/ProcessEnvironment$CheckedEntry
instanceKlass java/lang/ProcessEnvironment$CheckedEntrySet$1
instanceKlass java/lang/ProcessEnvironment$EntryComparator
instanceKlass java/lang/ProcessEnvironment$NameComparator
instanceKlass  @bci org/apache/logging/log4j/util/PropertiesUtil$Environment reload ()V 59 <appendix> member <vmtarget> ; # org/apache/logging/log4j/util/PropertiesUtil$Environment$$Lambda+0x00000008000ce4d0
instanceKlass  @cpi org/apache/logging/log4j/util/PropertiesUtil$Environment 162 form vmentry <vmtarget> ; # java/lang/invoke/LambdaForm$DMH+0x00000008000cc800
instanceKlass org/apache/logging/log4j/util/SystemPropertiesPropertySource
instanceKlass java/util/ServiceLoader$ProviderImpl
instanceKlass java/util/ServiceLoader$Provider
instanceKlass java/util/ServiceLoader$1
instanceKlass org/apache/logging/log4j/util/EnvironmentPropertySource
instanceKlass java/io/Reader
instanceKlass sun/net/www/MessageHeader
instanceKlass sun/net/www/protocol/jar/JarFileFactory
instanceKlass sun/net/www/protocol/jar/URLJarFile$URLJarFileCloseController
instanceKlass java/net/URLConnection
instanceKlass java/util/ServiceLoader$3
instanceKlass java/util/ServiceLoader$2
instanceKlass java/util/ServiceLoader$LazyClassPathLookupIterator
instanceKlass java/util/Spliterators$1Adapter
instanceKlass java/util/function/Consumer
# instanceKlass java/lang/invoke/LambdaForm$MH+0x00000008000cc400
instanceKlass jdk/internal/reflect/MethodHandleAccessorFactory$LazyStaticHolder
instanceKlass sun/reflect/annotation/AnnotationParser
instanceKlass java/lang/Class$3
instanceKlass java/util/EnumMap$1
instanceKlass java/util/stream/StreamOpFlag$MaskBuilder
instanceKlass java/util/stream/PipelineHelper
instanceKlass java/util/stream/Stream
instanceKlass java/util/stream/BaseStream
instanceKlass java/util/stream/StreamSupport
instanceKlass java/util/Spliterators$ArraySpliterator
instanceKlass java/util/Spliterator$OfDouble
instanceKlass java/util/Spliterator$OfLong
instanceKlass java/util/Spliterator$OfInt
instanceKlass java/util/Spliterator$OfPrimitive
instanceKlass java/util/Spliterators$EmptySpliterator
instanceKlass java/util/Spliterator
instanceKlass java/util/Spliterators
instanceKlass java/util/ServiceLoader$ModuleServicesLookupIterator
instanceKlass java/util/ServiceLoader
instanceKlass java/util/Collections$SynchronizedCollection
instanceKlass java/util/Properties$EntrySet
instanceKlass  @bci org/apache/logging/log4j/util/PropertiesUtil$Environment <init> (Lorg/apache/logging/log4j/util/PropertySource;)V 66 <appendix> argL0 ; # org/apache/logging/log4j/util/PropertiesUtil$Environment$$Lambda+0x00000008000cbd30
instanceKlass  @cpi javax/swing/border/TitledBorder 498 form vmentry <vmtarget> ; # java/lang/invoke/LambdaForm$DMH+0x00000008000cc000
instanceKlass org/apache/logging/log4j/util/BiConsumer
instanceKlass org/apache/logging/log4j/util/PropertySource$Comparator
instanceKlass java/util/LinkedHashMap$LinkedHashIterator
instanceKlass jdk/internal/loader/URLClassPath$1
instanceKlass java/lang/CompoundEnumeration
instanceKlass jdk/internal/loader/BuiltinClassLoader$1
instanceKlass java/util/Collections$EmptyEnumeration
instanceKlass java/util/Collections$EmptyIterator
instanceKlass jdk/internal/jimage/ImageLocation
instanceKlass jdk/internal/jimage/decompressor/Decompressor
instanceKlass jdk/internal/jimage/ImageStringsReader
instanceKlass jdk/internal/jimage/ImageStrings
instanceKlass jdk/internal/jimage/ImageHeader
instanceKlass jdk/internal/jimage/NativeImageBuffer$1
instanceKlass jdk/internal/jimage/NativeImageBuffer
instanceKlass jdk/internal/jimage/BasicImageReader$1
instanceKlass jdk/internal/jimage/BasicImageReader
instanceKlass jdk/internal/jimage/ImageReader
instanceKlass jdk/internal/jimage/ImageReaderFactory$1
instanceKlass java/net/URI$Parser
instanceKlass java/nio/file/FileSystems$DefaultFileSystemHolder$1
instanceKlass java/nio/file/FileSystems$DefaultFileSystemHolder
instanceKlass java/nio/file/FileSystems
instanceKlass java/nio/file/Paths
instanceKlass jdk/internal/jimage/ImageReaderFactory
instanceKlass jdk/internal/module/SystemModuleFinders$SystemImage
instanceKlass jdk/internal/module/SystemModuleFinders$SystemModuleReader
instanceKlass java/lang/module/ModuleReader
instanceKlass jdk/internal/loader/BuiltinClassLoader$5
instanceKlass jdk/internal/loader/BuiltinClassLoader$2
instanceKlass jdk/internal/module/Resources
instanceKlass org/apache/logging/log4j/util/LoaderUtil$ThreadContextClassLoaderGetter
instanceKlass org/apache/logging/log4j/util/LoaderUtil
instanceKlass org/apache/logging/log4j/util/PropertiesPropertySource
instanceKlass org/apache/logging/log4j/util/PropertiesUtil$Environment
instanceKlass org/apache/logging/log4j/util/PropertySource
instanceKlass org/apache/logging/log4j/util/PropertiesUtil
instanceKlass org/apache/logging/log4j/util/Constants
instanceKlass org/apache/logging/log4j/message/AbstractMessageFactory
instanceKlass org/apache/logging/log4j/message/ReusableMessageFactory
instanceKlass org/apache/logging/log4j/MarkerManager$Log4jMarker
instanceKlass org/apache/logging/log4j/util/StringBuilderFormattable
instanceKlass org/apache/logging/log4j/Marker
instanceKlass org/apache/logging/log4j/MarkerManager
instanceKlass java/util/concurrent/locks/ReadWriteLock
instanceKlass org/apache/logging/log4j/message/MessageFactory2
instanceKlass org/apache/logging/log4j/LogBuilder
instanceKlass org/apache/logging/log4j/message/Message
instanceKlass org/apache/logging/log4j/spi/AbstractLogger
instanceKlass org/apache/logging/log4j/spi/LocationAwareLogger
instanceKlass org/apache/logging/log4j/spi/ExtendedLogger
instanceKlass org/apache/logging/log4j/message/MessageFactory
instanceKlass org/apache/logging/log4j/spi/LoggerContextFactory
instanceKlass org/apache/logging/log4j/Logger
instanceKlass org/apache/logging/log4j/LogManager
instanceKlass java/lang/PublicMethods$Key
instanceKlass java/lang/PublicMethods$MethodList
instanceKlass com/st/microxplorer/plugin/IPluginDBAccessor
instanceKlass com/st/components/util/CommandLineListener
instanceKlass javax/swing/TransferHandler$HasGetTransferHandler
instanceKlass javax/swing/RootPaneContainer
instanceKlass javax/swing/WindowConstants
instanceKlass java/awt/event/MouseListener
instanceKlass java/awt/event/WindowStateListener
instanceKlass java/awt/event/ComponentListener
instanceKlass java/util/EventListener
instanceKlass com/st/microxplorer/plugin/PluginViewConstants
instanceKlass com/st/microxplorer/maingui/IMainframe
instanceKlass java/awt/Component
instanceKlass java/awt/image/ImageObserver
instanceKlass javax/accessibility/Accessible
instanceKlass java/awt/MenuContainer
instanceKlass jdk/internal/misc/PreviewFeatures
instanceKlass jdk/internal/misc/MainMethodFinder
instanceKlass com/st/microxplorer/maingui/MicroXplorer
instanceKlass java/security/SecureClassLoader$DebugHolder
instanceKlass java/security/Permission
instanceKlass java/security/Guard
instanceKlass java/security/PermissionCollection
instanceKlass java/security/SecureClassLoader$1
instanceKlass java/util/zip/Checksum$1
instanceKlass java/util/zip/CRC32
instanceKlass java/util/zip/Checksum
instanceKlass sun/nio/ByteBuffered
instanceKlass java/lang/Package$VersionInfo
instanceKlass java/lang/NamedPackage
instanceKlass jdk/internal/loader/Resource
instanceKlass java/util/jar/Attributes$Name
instanceKlass java/util/jar/Attributes
instanceKlass sun/security/action/GetIntegerAction
instanceKlass sun/security/util/Debug
instanceKlass sun/security/util/SignatureFileVerifier
instanceKlass java/util/zip/ZipFile$InflaterCleanupAction
instanceKlass java/util/zip/Inflater$InflaterZStreamRef
instanceKlass java/util/zip/Inflater
instanceKlass java/util/zip/ZipEntry
instanceKlass java/util/zip/ZipFile$2
instanceKlass java/nio/Bits$1
instanceKlass jdk/internal/misc/VM$BufferPool
instanceKlass java/nio/Bits
instanceKlass sun/nio/ch/DirectBuffer
instanceKlass jdk/internal/perf/PerfCounter$CoreCounters
instanceKlass jdk/internal/perf/Perf
instanceKlass jdk/internal/perf/Perf$GetPerfAction
instanceKlass jdk/internal/perf/PerfCounter
instanceKlass sun/util/locale/LocaleUtils
instanceKlass sun/util/locale/BaseLocale
instanceKlass java/util/Locale
instanceKlass java/nio/file/attribute/FileTime
instanceKlass java/util/TreeMap$PrivateEntryIterator
instanceKlass java/util/TreeMap$Entry
instanceKlass java/util/NavigableMap
instanceKlass java/util/SortedMap
instanceKlass java/util/SequencedMap
instanceKlass java/util/NavigableSet
instanceKlass java/util/SortedSet
instanceKlass java/util/SequencedSet
instanceKlass java/util/zip/ZipUtils
instanceKlass java/util/zip/ZipFile$Source$End
instanceKlass java/io/RandomAccessFile$2
instanceKlass jdk/internal/access/JavaIORandomAccessFileAccess
instanceKlass java/io/RandomAccessFile
instanceKlass java/io/DataInput
instanceKlass java/io/DataOutput
instanceKlass sun/nio/fs/WindowsNativeDispatcher$CompletionStatus
instanceKlass sun/nio/fs/WindowsNativeDispatcher$AclInformation
instanceKlass sun/nio/fs/WindowsNativeDispatcher$Account
instanceKlass sun/nio/fs/WindowsNativeDispatcher$DiskFreeSpace
instanceKlass sun/nio/fs/WindowsNativeDispatcher$VolumeInformation
instanceKlass sun/nio/fs/WindowsNativeDispatcher$FirstStream
instanceKlass sun/nio/fs/WindowsNativeDispatcher$FirstFile
instanceKlass java/util/concurrent/ConcurrentHashMap$Traverser
instanceKlass java/util/Enumeration
instanceKlass jdk/internal/loader/NativeLibraries$3
instanceKlass jdk/internal/loader/NativeLibrary
instanceKlass java/util/ArrayDeque$DeqIterator
instanceKlass jdk/internal/loader/NativeLibraries$NativeLibraryContext$1
instanceKlass jdk/internal/loader/NativeLibraries$NativeLibraryContext
instanceKlass jdk/internal/loader/NativeLibraries$2
instanceKlass jdk/internal/loader/NativeLibraries$1
instanceKlass jdk/internal/loader/NativeLibraries$LibraryPaths
instanceKlass sun/nio/fs/WindowsNativeDispatcher
instanceKlass sun/nio/fs/NativeBuffer$Deallocator
instanceKlass sun/nio/fs/NativeBuffer
instanceKlass java/lang/ThreadLocal$ThreadLocalMap
instanceKlass java/lang/ThreadLocal
instanceKlass sun/nio/fs/NativeBuffers
instanceKlass sun/nio/fs/WindowsFileAttributes
instanceKlass java/nio/file/attribute/DosFileAttributes
instanceKlass sun/nio/fs/AbstractBasicFileAttributeView
instanceKlass sun/nio/fs/DynamicFileAttributeView
instanceKlass sun/nio/fs/WindowsFileAttributeViews
instanceKlass sun/nio/fs/Util
instanceKlass java/nio/file/attribute/BasicFileAttributeView
instanceKlass java/nio/file/attribute/FileAttributeView
instanceKlass java/nio/file/attribute/AttributeView
instanceKlass java/nio/file/Files
instanceKlass java/nio/file/CopyOption
instanceKlass java/nio/file/attribute/BasicFileAttributes
instanceKlass sun/nio/fs/WindowsPath
instanceKlass java/nio/file/Path
instanceKlass java/nio/file/Watchable
instanceKlass java/util/zip/ZipFile$Source$Key
instanceKlass sun/nio/fs/WindowsPathParser$Result
instanceKlass sun/nio/fs/WindowsPathParser
instanceKlass java/nio/file/FileSystem
instanceKlass java/nio/file/OpenOption
instanceKlass java/util/concurrent/ForkJoinPool$ManagedBlocker
instanceKlass java/nio/file/spi/FileSystemProvider
instanceKlass java/util/concurrent/locks/AbstractQueuedSynchronizer$Node
instanceKlass sun/nio/fs/DefaultFileSystemProvider
instanceKlass java/util/zip/ZipFile$Source
instanceKlass java/lang/ref/Cleaner$Cleanable
instanceKlass jdk/internal/ref/CleanerImpl
instanceKlass java/lang/ref/Cleaner$1
instanceKlass java/lang/ref/Cleaner
instanceKlass jdk/internal/ref/CleanerFactory$1
instanceKlass java/util/concurrent/ThreadFactory
instanceKlass jdk/internal/ref/CleanerFactory
instanceKlass java/util/zip/ZipCoder
instanceKlass java/util/zip/ZipFile$CleanableResource
instanceKlass java/lang/Runtime$Version
instanceKlass java/util/jar/JavaUtilJarAccessImpl
instanceKlass jdk/internal/access/JavaUtilJarAccess
instanceKlass jdk/internal/loader/FileURLMapper
instanceKlass jdk/internal/loader/URLClassPath$JarLoader$1
instanceKlass java/util/zip/ZipFile$1
instanceKlass jdk/internal/access/JavaUtilZipFileAccess
instanceKlass java/util/zip/ZipFile
instanceKlass java/util/zip/ZipConstants
instanceKlass jdk/internal/loader/URLClassPath$Loader
instanceKlass jdk/internal/loader/URLClassPath$3
instanceKlass java/security/PrivilegedExceptionAction
instanceKlass sun/net/util/URLUtil
instanceKlass sun/launcher/LauncherHelper
instanceKlass java/lang/invoke/StringConcatFactory
instanceKlass  @bci java/lang/WeakPairMap computeIfAbsent (Ljava/lang/Object;Ljava/lang/Object;Ljava/util/function/BiFunction;)Ljava/lang/Object; 18 <appendix> member <vmtarget> ; # java/lang/WeakPairMap$$Lambda+0x0000000800012700
instanceKlass  @bci java/lang/Module implAddExportsOrOpens (Ljava/lang/String;Ljava/lang/Module;ZZ)V 145 <appendix> argL0 ; # java/lang/Module$$Lambda+0x0000000800011da8
instanceKlass java/lang/WeakPairMap$Pair$Lookup
instanceKlass java/lang/WeakPairMap$Pair
instanceKlass java/lang/WeakPairMap
instanceKlass java/lang/Module$ReflectionData
instanceKlass  @bci sun/font/SunLayoutEngine getFacePtr (Lsun/font/Font2D;)J 10 <appendix> form vmentry <vmtarget> ; # java/lang/invoke/LambdaForm$MH+0x0000000800000400
instanceKlass jdk/internal/org/objectweb/asm/FieldVisitor
instanceKlass java/util/ArrayList$Itr
instanceKlass java/lang/invoke/InvokerBytecodeGenerator$ClassData
instanceKlass jdk/internal/org/objectweb/asm/Frame
instanceKlass java/lang/invoke/LambdaFormBuffer
instanceKlass java/lang/invoke/LambdaFormEditor$TransformKey
instanceKlass java/lang/invoke/LambdaFormEditor
instanceKlass java/lang/invoke/DelegatingMethodHandle$Holder
instanceKlass java/lang/invoke/DirectMethodHandle$2
instanceKlass java/lang/invoke/ClassSpecializer$Factory
instanceKlass java/lang/invoke/ClassSpecializer$SpeciesData
instanceKlass java/lang/invoke/ClassSpecializer$1
instanceKlass java/lang/invoke/ClassSpecializer
instanceKlass sun/invoke/empty/Empty
instanceKlass sun/invoke/util/VerifyType
instanceKlass  @bci jdk/internal/module/ModuleBootstrap decode (Ljava/lang/String;Ljava/lang/String;Z)Ljava/util/Map; 193 <appendix> argL0 ; # jdk/internal/module/ModuleBootstrap$$Lambda+0x000000080003be58
instanceKlass java/lang/invoke/MethodHandles$Lookup$ClassDefiner
instanceKlass java/lang/invoke/MethodHandles$Lookup$ClassFile
instanceKlass jdk/internal/org/objectweb/asm/AnnotationVisitor
instanceKlass jdk/internal/org/objectweb/asm/Attribute
instanceKlass jdk/internal/org/objectweb/asm/Handler
instanceKlass jdk/internal/org/objectweb/asm/Label
instanceKlass jdk/internal/org/objectweb/asm/MethodVisitor
instanceKlass java/lang/invoke/LambdaProxyClassArchive
instanceKlass jdk/internal/org/objectweb/asm/ByteVector
instanceKlass jdk/internal/org/objectweb/asm/Symbol
instanceKlass jdk/internal/org/objectweb/asm/SymbolTable
instanceKlass jdk/internal/org/objectweb/asm/ClassVisitor
instanceKlass java/lang/invoke/InfoFromMemberName
instanceKlass java/lang/invoke/MethodHandleInfo
instanceKlass jdk/internal/org/objectweb/asm/ConstantDynamic
instanceKlass sun/invoke/util/BytecodeDescriptor
instanceKlass jdk/internal/org/objectweb/asm/Handle
instanceKlass sun/security/action/GetBooleanAction
instanceKlass jdk/internal/org/objectweb/asm/Type
instanceKlass java/lang/invoke/AbstractValidatingLambdaMetafactory
instanceKlass java/lang/invoke/MethodHandleImpl$1
instanceKlass jdk/internal/access/JavaLangInvokeAccess
instanceKlass java/lang/invoke/Invokers$Holder
instanceKlass java/lang/invoke/BootstrapMethodInvoker
instanceKlass java/lang/invoke/InvokerBytecodeGenerator$1
instanceKlass java/lang/invoke/InvokerBytecodeGenerator
instanceKlass java/lang/invoke/LambdaForm$Holder
instanceKlass java/lang/invoke/LambdaForm$Name
instanceKlass java/lang/reflect/Array
instanceKlass java/lang/invoke/Invokers
instanceKlass java/lang/invoke/MethodHandleImpl
instanceKlass sun/invoke/util/ValueConversions
instanceKlass java/lang/invoke/DirectMethodHandle$Holder
instanceKlass java/lang/invoke/LambdaForm$NamedFunction
instanceKlass sun/invoke/util/Wrapper$Format
instanceKlass java/lang/invoke/MethodTypeForm
instanceKlass java/lang/Void
instanceKlass jdk/internal/util/StrongReferenceKey
instanceKlass jdk/internal/util/ReferenceKey
instanceKlass jdk/internal/util/ReferencedKeyMap
instanceKlass java/lang/invoke/MethodType$1
instanceKlass java/lang/invoke/LambdaMetafactory
instanceKlass java/lang/ModuleLayer$Controller
instanceKlass java/util/concurrent/CopyOnWriteArrayList
instanceKlass jdk/internal/module/ServicesCatalog$ServiceProvider
instanceKlass jdk/internal/loader/AbstractClassLoaderValue$Memoizer
instanceKlass java/util/ImmutableCollections$ListItr
instanceKlass java/util/ListIterator
instanceKlass java/lang/ModuleLayer
instanceKlass jdk/internal/module/ModuleLoaderMap$Modules
instanceKlass jdk/internal/module/ModuleLoaderMap$Mapper
instanceKlass jdk/internal/module/ModuleLoaderMap
instanceKlass java/util/AbstractMap$1$1
instanceKlass java/lang/module/ResolvedModule
instanceKlass java/lang/module/Configuration
instanceKlass jdk/internal/loader/BuiltinClassLoader$LoadedModule
instanceKlass jdk/internal/loader/AbstractClassLoaderValue
instanceKlass jdk/internal/module/ServicesCatalog
instanceKlass java/util/Deque
instanceKlass java/util/Queue
instanceKlass sun/net/util/IPAddressUtil$MASKS
instanceKlass sun/net/util/IPAddressUtil
instanceKlass java/net/URLStreamHandler
instanceKlass sun/net/www/ParseUtil
instanceKlass java/net/URL$3
instanceKlass jdk/internal/access/JavaNetURLAccess
instanceKlass java/net/URL$DefaultFactory
instanceKlass java/net/URLStreamHandlerFactory
instanceKlass jdk/internal/loader/URLClassPath
instanceKlass java/security/Principal
instanceKlass java/security/ProtectionDomain$Key
instanceKlass java/security/ProtectionDomain$JavaSecurityAccessImpl
instanceKlass jdk/internal/access/JavaSecurityAccess
instanceKlass java/lang/ClassLoader$ParallelLoaders
instanceKlass java/security/cert/Certificate
instanceKlass jdk/internal/loader/ArchivedClassLoaders
instanceKlass java/util/concurrent/ConcurrentHashMap$CollectionView
instanceKlass jdk/internal/loader/ClassLoaderHelper
instanceKlass jdk/internal/loader/NativeLibraries
instanceKlass java/lang/Module$EnableNativeAccess
instanceKlass jdk/internal/loader/BootLoader
instanceKlass java/util/Optional
instanceKlass jdk/internal/module/SystemModuleFinders$SystemModuleFinder
instanceKlass java/lang/module/ModuleFinder
instanceKlass jdk/internal/module/SystemModuleFinders$3
instanceKlass jdk/internal/module/ModuleHashes$HashSupplier
instanceKlass jdk/internal/module/SystemModuleFinders$2
instanceKlass java/util/function/Supplier
instanceKlass java/lang/module/ModuleReference
instanceKlass jdk/internal/module/ModuleResolution
instanceKlass java/util/Collections$UnmodifiableMap
instanceKlass jdk/internal/module/ModuleHashes$Builder
instanceKlass jdk/internal/module/ModuleHashes
instanceKlass jdk/internal/module/ModuleTarget
instanceKlass java/util/ImmutableCollections$Set12$1
instanceKlass java/lang/reflect/AccessFlag$18
instanceKlass java/lang/reflect/AccessFlag$17
instanceKlass java/lang/reflect/AccessFlag$16
instanceKlass java/lang/reflect/AccessFlag$15
instanceKlass java/lang/reflect/AccessFlag$14
instanceKlass java/lang/reflect/AccessFlag$13
instanceKlass java/lang/reflect/AccessFlag$12
instanceKlass java/lang/reflect/AccessFlag$11
instanceKlass java/lang/reflect/AccessFlag$10
instanceKlass java/lang/reflect/AccessFlag$9
instanceKlass java/lang/reflect/AccessFlag$8
instanceKlass java/lang/reflect/AccessFlag$7
instanceKlass java/lang/reflect/AccessFlag$6
instanceKlass java/lang/reflect/AccessFlag$5
instanceKlass java/lang/reflect/AccessFlag$4
instanceKlass java/lang/reflect/AccessFlag$3
instanceKlass java/lang/reflect/AccessFlag$2
instanceKlass java/lang/reflect/AccessFlag$1
instanceKlass java/lang/module/ModuleDescriptor$Version
instanceKlass java/lang/module/ModuleDescriptor$Provides
instanceKlass java/lang/module/ModuleDescriptor$Opens
instanceKlass java/util/ImmutableCollections$SetN$SetNIterator
instanceKlass java/lang/module/ModuleDescriptor$Exports
instanceKlass java/lang/module/ModuleDescriptor$Requires
instanceKlass jdk/internal/module/Builder
instanceKlass jdk/internal/module/SystemModules$default
instanceKlass jdk/internal/module/SystemModules
instanceKlass jdk/internal/module/SystemModulesMap
instanceKlass java/net/URI$1
instanceKlass jdk/internal/access/JavaNetUriAccess
instanceKlass java/net/URI
instanceKlass jdk/internal/module/SystemModuleFinders
instanceKlass jdk/internal/module/ArchivedModuleGraph
instanceKlass jdk/internal/module/ArchivedBootLayer
instanceKlass jdk/internal/module/ModuleBootstrap$Counters
instanceKlass jdk/internal/module/ModulePatcher
instanceKlass java/io/FileSystem
instanceKlass java/io/DefaultFileSystem
instanceKlass java/io/File
instanceKlass java/lang/module/ModuleDescriptor$1
instanceKlass jdk/internal/access/JavaLangModuleAccess
instanceKlass sun/invoke/util/VerifyAccess
instanceKlass java/util/KeyValueHolder
instanceKlass java/util/ImmutableCollections$MapN$MapNIterator
instanceKlass java/lang/StrictMath
instanceKlass java/lang/invoke/MethodHandles$Lookup
instanceKlass java/lang/invoke/MemberName$Factory
instanceKlass java/lang/invoke/MethodHandles
instanceKlass java/lang/module/ModuleDescriptor
instanceKlass jdk/internal/module/ModuleBootstrap
instanceKlass java/lang/Character$CharacterCache
instanceKlass java/util/HexFormat
instanceKlass jdk/internal/util/ClassFileDumper
instanceKlass sun/security/action/GetPropertyAction
instanceKlass java/lang/invoke/MethodHandleStatics
instanceKlass java/util/Collections
instanceKlass java/util/concurrent/locks/AbstractQueuedSynchronizer$ConditionObject
instanceKlass jdk/internal/misc/Blocker
instanceKlass java/util/concurrent/locks/Condition
instanceKlass java/lang/Thread$ThreadIdentifiers
instanceKlass sun/io/Win32ErrorMode
instanceKlass jdk/internal/misc/OSEnvironment
instanceKlass java/lang/Integer$IntegerCache
instanceKlass jdk/internal/misc/Signal$NativeHandler
instanceKlass java/util/Hashtable$Entry
instanceKlass jdk/internal/misc/Signal
instanceKlass java/lang/Terminator$1
instanceKlass jdk/internal/misc/Signal$Handler
instanceKlass java/lang/Terminator
instanceKlass java/nio/charset/CoderResult
instanceKlass java/lang/Readable
instanceKlass java/nio/ByteOrder
instanceKlass java/nio/Buffer$2
instanceKlass jdk/internal/access/JavaNioAccess
instanceKlass java/nio/Buffer$1
instanceKlass jdk/internal/misc/ScopedMemoryAccess
instanceKlass sun/nio/cs/GBK$EncodeHolder
instanceKlass java/nio/charset/CharsetEncoder
instanceKlass sun/nio/cs/ArrayEncoder
instanceKlass java/io/Writer
instanceKlass java/io/PrintStream$1
instanceKlass jdk/internal/access/JavaIOPrintStreamAccess
instanceKlass jdk/internal/misc/InternalLock
instanceKlass java/io/OutputStream
instanceKlass java/io/Flushable
instanceKlass java/io/FileDescriptor$1
instanceKlass jdk/internal/access/JavaIOFileDescriptorAccess
instanceKlass java/io/FileDescriptor
instanceKlass jdk/internal/util/StaticProperty
instanceKlass java/util/HashMap$HashIterator
instanceKlass java/util/concurrent/locks/LockSupport
instanceKlass java/util/concurrent/ConcurrentHashMap$Node
instanceKlass java/util/concurrent/ConcurrentHashMap$CounterCell
instanceKlass java/util/concurrent/locks/ReentrantLock
instanceKlass java/util/concurrent/locks/Lock
instanceKlass java/lang/CharacterData
instanceKlass java/lang/Runtime
instanceKlass java/lang/VersionProps
instanceKlass java/lang/StringConcatHelper
instanceKlass java/util/HashMap$Node
instanceKlass java/util/Map$Entry
instanceKlass java/lang/StringCoding
instanceKlass java/nio/charset/CodingErrorAction
instanceKlass java/lang/StringUTF16
instanceKlass sun/nio/cs/DoubleByte
instanceKlass sun/nio/cs/GBK$DecodeHolder
instanceKlass java/nio/charset/CharsetDecoder
instanceKlass sun/nio/cs/ArrayDecoder
instanceKlass sun/nio/cs/DelegatableDecoder
instanceKlass jdk/internal/reflect/MethodHandleAccessorFactory
instanceKlass java/lang/reflect/Modifier
instanceKlass java/lang/Class$1
instanceKlass java/lang/Class$Atomic
instanceKlass java/lang/Class$ReflectionData
instanceKlass java/nio/charset/StandardCharsets
instanceKlass sun/nio/cs/HistoricallyNamedCharset
instanceKlass jdk/internal/util/ArraysSupport
instanceKlass java/util/Arrays
instanceKlass jdk/internal/util/Preconditions$3
instanceKlass jdk/internal/util/Preconditions$2
instanceKlass jdk/internal/util/Preconditions$4
instanceKlass java/util/function/BiFunction
instanceKlass jdk/internal/util/Preconditions$1
instanceKlass java/util/function/Function
instanceKlass jdk/internal/util/Preconditions
instanceKlass java/nio/charset/spi/CharsetProvider
instanceKlass java/nio/charset/Charset
instanceKlass jdk/internal/util/SystemProps$Raw
instanceKlass jdk/internal/util/SystemProps
instanceKlass java/lang/System$2
instanceKlass jdk/internal/access/JavaLangAccess
instanceKlass java/lang/ref/NativeReferenceQueue$Lock
instanceKlass java/lang/ref/ReferenceQueue
instanceKlass java/lang/ref/Reference$1
instanceKlass jdk/internal/access/JavaLangRefAccess
instanceKlass jdk/internal/reflect/ReflectionFactory
instanceKlass java/lang/Math
instanceKlass java/lang/StringLatin1
instanceKlass jdk/internal/reflect/Reflection
instanceKlass jdk/internal/reflect/ReflectionFactory$GetReflectionFactoryAction
instanceKlass java/security/PrivilegedAction
instanceKlass jdk/internal/access/SharedSecrets
instanceKlass java/lang/reflect/ReflectAccess
instanceKlass jdk/internal/access/JavaLangReflectAccess
instanceKlass java/util/ImmutableCollections
instanceKlass java/util/Objects
instanceKlass java/util/Set
instanceKlass jdk/internal/misc/CDS
instanceKlass java/lang/Module$ArchivedData
instanceKlass jdk/internal/misc/VM
instanceKlass java/lang/String$CaseInsensitiveComparator
instanceKlass java/util/Comparator
instanceKlass java/io/ObjectStreamField
instanceKlass jdk/internal/vm/FillerObject
instanceKlass jdk/internal/vm/vector/VectorSupport$VectorPayload
instanceKlass jdk/internal/vm/vector/VectorSupport
instanceKlass java/lang/reflect/RecordComponent
instanceKlass java/util/Iterator
instanceKlass java/lang/Number
instanceKlass java/lang/Character
instanceKlass java/lang/Boolean
instanceKlass java/util/concurrent/locks/AbstractOwnableSynchronizer
instanceKlass java/lang/LiveStackFrame
instanceKlass java/lang/StackFrameInfo
instanceKlass java/lang/StackWalker$StackFrame
instanceKlass java/lang/StackStreamFactory$AbstractStackWalker
instanceKlass java/lang/StackWalker
instanceKlass java/nio/Buffer
instanceKlass java/lang/StackTraceElement
instanceKlass java/util/AbstractCollection
instanceKlass java/util/RandomAccess
instanceKlass java/util/List
instanceKlass java/util/SequencedCollection
instanceKlass java/util/Collection
instanceKlass java/lang/Iterable
instanceKlass java/util/AbstractMap
instanceKlass java/util/concurrent/ConcurrentMap
instanceKlass java/security/CodeSource
instanceKlass jdk/internal/loader/ClassLoaders
instanceKlass java/util/jar/Manifest
instanceKlass java/lang/Enum
instanceKlass java/net/URL
instanceKlass java/io/InputStream
instanceKlass java/io/Closeable
instanceKlass java/lang/AutoCloseable
instanceKlass jdk/internal/module/Modules
instanceKlass jdk/internal/misc/Unsafe
instanceKlass jdk/internal/misc/UnsafeConstants
instanceKlass java/lang/AbstractStringBuilder
instanceKlass java/lang/Appendable
instanceKlass java/lang/AssertionStatusDirectives
instanceKlass jdk/internal/foreign/abi/ABIDescriptor
instanceKlass jdk/internal/foreign/abi/NativeEntryPoint
instanceKlass java/lang/invoke/CallSite
instanceKlass java/lang/invoke/MethodType
instanceKlass java/lang/invoke/TypeDescriptor$OfMethod
instanceKlass java/lang/invoke/LambdaForm
instanceKlass java/lang/invoke/MethodHandleNatives
instanceKlass java/lang/invoke/ResolvedMethodName
instanceKlass java/lang/invoke/MemberName
instanceKlass java/lang/invoke/VarHandle
instanceKlass java/lang/invoke/MethodHandle
instanceKlass jdk/internal/reflect/CallerSensitive
instanceKlass java/lang/annotation/Annotation
instanceKlass jdk/internal/reflect/FieldAccessor
instanceKlass jdk/internal/reflect/ConstantPool
instanceKlass jdk/internal/reflect/ConstructorAccessor
instanceKlass jdk/internal/reflect/MethodAccessor
instanceKlass jdk/internal/reflect/MagicAccessorImpl
instanceKlass jdk/internal/vm/StackChunk
instanceKlass jdk/internal/vm/Continuation
instanceKlass jdk/internal/vm/ContinuationScope
instanceKlass java/lang/reflect/Parameter
instanceKlass java/lang/reflect/Member
instanceKlass java/lang/reflect/AccessibleObject
instanceKlass java/lang/Module
instanceKlass java/util/Dictionary
instanceKlass java/util/Map
instanceKlass java/lang/ThreadGroup
instanceKlass java/lang/Thread$UncaughtExceptionHandler
instanceKlass java/lang/Thread$Constants
instanceKlass java/lang/Thread$FieldHolder
instanceKlass java/lang/Thread
instanceKlass java/lang/Runnable
instanceKlass java/lang/ref/Reference
instanceKlass java/lang/Record
instanceKlass java/security/AccessController
instanceKlass java/security/AccessControlContext
instanceKlass java/security/ProtectionDomain
instanceKlass java/lang/SecurityManager
instanceKlass java/lang/Throwable
instanceKlass java/lang/System
instanceKlass java/lang/ClassLoader
instanceKlass java/lang/Cloneable
instanceKlass java/lang/Class
instanceKlass java/lang/invoke/TypeDescriptor$OfField
instanceKlass java/lang/invoke/TypeDescriptor
instanceKlass java/lang/reflect/Type
instanceKlass java/lang/reflect/GenericDeclaration
instanceKlass java/lang/reflect/AnnotatedElement
instanceKlass java/lang/String
instanceKlass java/lang/constant/ConstantDesc
instanceKlass java/lang/constant/Constable
instanceKlass java/lang/CharSequence
instanceKlass java/lang/Comparable
instanceKlass java/io/Serializable
ciInstanceKlass java/lang/Object 1 1 124 7 1 10 12 1 1 10 7 12 1 1 1 10 7 12 1 1 1 10 12 1 1 8 1 10 12 1 1 10 7 12 1 1 1 10 12 1 10 12 1 1 10 7 12 1 1 1 10 12 1 10 12 1 7 1 10 100 12 1 1 1 10 12 1 1 10 12 1 100 1 8 1 10 12 1 3 8 1 100 1 5 0 1 1 1 1 1 1 1 1 1 1 1 1 1 1 1 1 7 1 1 1 1 1 1 1 1 1 1 7 1 1 1 1 1 1 1 1 1 1 3 1 1
ciInstanceKlass java/io/Serializable 1 1 7 100 1 100 1 1 1
ciInstanceKlass java/lang/Comparable 1 0 12 100 1 100 1 1 1 1 1 1 1 1
ciInstanceKlass java/lang/CharSequence 1 1 131 11 7 12 1 1 1 18 12 1 1 100 1 10 100 12 1 1 1 18 10 100 12 1 1 1 11 12 1 1 11 100 1 11 12 1 1 10 100 12 1 1 1 11 12 1 1 100 1 10 12 1 1 10 100 12 1 1 1 100 1 10 10 12 1 1 100 1 1 1 1 1 1 1 1 1 1 1 1 1 1 1 1 1 1 1 1 1 1 1 1 1 1 1 1 1 1 1 1 1 16 1 15 11 12 16 15 11 12 15 10 100 12 1 1 1 1 1 100 1 100 1 1 100 1 1 100 1 100 1 1
ciInstanceKlass java/lang/constant/Constable 1 0 11 100 1 100 1 1 1 1 1 1 1
ciInstanceKlass java/lang/constant/ConstantDesc 1 0 37 100 1 100 1 1 1 1 100 1 1 1 1 100 1 100 1 100 1 100 1 100 1 100 1 100 1 100 1 100 1 1 100 1 100 1 1
ciInstanceKlass java/lang/String 1 1 1451 10 7 12 1 1 1 8 1 9 7 12 1 1 1 9 12 1 1 9 12 1 1 9 12 1 1 10 12 1 10 12 1 1 10 12 1 1 9 12 1 10 7 12 1 1 1 10 12 1 1 10 12 1 10 7 12 1 1 1 10 12 1 1 10 12 1 1 10 12 1 10 12 1 1 10 12 1 10 7 12 1 1 1 7 1 9 7 12 1 1 1 10 7 12 1 1 1 10 12 1 1 10 12 1 1 10 7 12 1 1 1 10 12 1 1 9 7 12 1 1 10 12 9 7 12 1 1 10 12 1 1 3 10 12 1 1 7 1 11 12 1 1 11 12 1 11 12 1 1 10 7 12 1 1 1 10 12 1 1 9 7 12 1 1 1 10 12 1 1 10 12 1 11 12 1 1 10 12 1 10 12 10 12 1 1 10 7 12 1 1 1 10 7 12 1 1 1 10 12 1 1 7 1 100 1 10 12 1 10 12 1 10 12 1 1 10 12 1 1 100 1 10 12 1 1 100 1 10 12 1 1 10 12 1 1 10 12 1 10 10 12 1 100 1 100 1 7 1 10 12 1 10 12 1 1 10 12 1 1 10 12 1 10 12 1 1 10 12 1 1 10 7 12 1 1 7 1 11 10 7 12 1 1 11 12 1 11 12 1 10 12 1 1 10 12 1 10 12 10 12 1 1 10 10 7 12 1 1 1 10 7 12 1 1 10 12 1 1 10 7 12 1 1 10 12 1 10 12 1 1 10 12 1 1 10 12 1 10 12 1 10 12 1 1 100 1 10 12 1 1 10 12 10 12 1 10 12 1 1 10 12 1 1 10 7 12 1 1 1 10 12 1 10 12 1 1 10 12 1 10 12 1 3 3 10 12 1 1 10 12 1 10 12 1 1 10 12 1 1 10 12 1 1 10 12 1 10 12 1 1 10 12 1 1 10 12 1 10 12 1 10 12 1 10 12 1 1 10 12 1 10 12 1 10 12 1 10 12 1 10 12 1 10 12 1 10 100 1 10 8 1 10 12 1 1 10 12 1 8 1 10 12 1 1 10 12 10 12 1 8 1 10 10 12 1 1 10 12 1 1 10 12 1 1 10 100 1 10 10 12 1 10 12 1 10 12 1 10 10 12 1 10 12 1 10 12 1 10 12 1 10 12 1 10 12 1 10 12 1 1 10 12 1 1 10 12 1 1 10 10 12 1 1 10 10 12 1 100 1 10 10 12 1 1 10 12 1 1 10 7 1 10 12 1 10 12 1 10 7 12 1 1 1 10 12 1 10 12 1 1 10 12 1 11 7 1 11 12 10 12 1 10 12 1 1 10 12 1 1 10 10 12 1 10 12 1 9 12 1 1 11 7 12 1 1 1 10 12 10 10 12 1 10 12 1 1 10 10 12 1 10 12 1 10 12 1 1 10 12 1 1 10 10 12 1 1 10 12 1 10 10 12 1 10 12 10 10 12 10 10 12 1 10 12 1 10 10 12 10 7 12 1 1 1 10 12 10 10 12 10 12 1 10 12 10 12 10 10 12 1 10 12 1 1 10 12 1 1 10 10 12 1 10 7 12 1 1 1 10 12 1 1 10 10 7 12 1 1 1 11 10 12 1 10 12 1 1 10 12 1 1 10 7 12 1 1 1 10 12 1 10 12 1 10 12 1 10 12 1 10 12 1 10 12 1 100 1 100 1 8 1 10 10 10 12 1 10 12 1 1 8 1 10 12 1 3 3 10 12 1 10 12 1 1 10 12 7 1 10 10 12 1 1 10 12 1 10 12 1 10 12 1 1 10 12 1 1 11 7 12 1 1 1 7 1 10 12 1 10 12 1 1 8 1 10 12 1 1 10 12 1 11 100 12 1 1 1 11 100 12 1 1 11 12 1 10 12 1 10 12 1 1 10 10 7 12 1 1 1 10 12 1 10 12 1 10 10 12 10 12 1 1 10 10 12 1 10 10 12 1 10 10 12 1 10 10 12 1 10 12 1 1 10 10 12 1 8 1 10 12 1 1 18 12 1 1 11 100 12 1 1 1 7 1 3 18 12 1 18 12 1 8 1 10 100 12 1 1 1 11 12 1 1 10 12 10 10 12 1 10 11 12 1 1 10 12 1 1 11 12 1 18 3 11 10 12 1 11 11 10 12 1 10 12 1 1 8 1 10 12 1 10 12 1 10 12 1 1 10 10 12 1 11 100 12 1 100 1 100 1 10 12 100 1 10 10 100 12 1 1 1 100 1 10 7 1 10 10 12 1 10 10 12 1 8 1 10 10 12 1 8 1 8 1 10 12 1 10 12 1 10 10 12 10 7 12 1 1 10 7 12 1 1 10 7 12 1 1 8 1 10 12 1 10 12 1 10 9 12 1 10 12 9 7 12 1 1 1 10 12 1 10 12 1 10 12 1 10 12 10 12 1 10 12 1 8 1 10 100 12 1 1 1 10 12 10 12 1 1 10 12 10 10 12 10 12 7 1 9 12 1 1 7 1 10 100 1 100 1 100 1 100 1 1 1 1 1 1 5 0 1 1 1 1 1 3 1 3 1 1 1 1 1 1 1 1 1 1 1 1 1 1 1 100 1 1 1 1 1 1 1 1 1 1 1 1 1 1 1 1 1 1 1 1 1 1 1 1 1 1 1 1 1 1 1 100 1 1 1 1 1 1 1 1 1 1 1 1 100 1 1 1 1 1 1 1 1 1 1 1 1 1 1 1 1 1 1 1 1 1 1 1 1 1 1 1 1 1 1 1 1 1 1 1 1 1 1 1 1 1 1 1 1 1 1 1 1 1 1 1 1 1 1 1 1 1 1 1 1 1 1 1 1 1 1 1 1 1 1 1 1 1 1 1 1 1 1 1 1 1 1 1 1 1 1 1 1 1 1 1 1 1 1 1 1 1 1 1 1 1 1 1 1 1 1 1 1 1 1 1 1 1 1 1 1 1 1 1 1 1 1 1 1 1 1 1 1 1 1 1 1 1 1 1 1 1 1 1 1 1 1 1 1 1 1 1 1 1 1 1 1 1 1 1 1 1 1 1 1 1 1 1 1 1 1 1 1 1 1 1 1 1 1 100 1 1 1 1 1 1 1 1 1 1 1 1 1 1 1 1 1 1 1 1 1 1 1 100 1 1 1 1 1 1 1 1 1 1 1 1 1 1 1 7 1 1 1 1 1 1 1 1 1 1 1 1 1 1 1 16 15 10 12 16 15 10 12 15 10 12 15 10 12 15 10 100 12 1 1 1 1 1 1 1 100 1 100 1 1 1
staticfield java/lang/String COMPACT_STRINGS Z 1
staticfield java/lang/String serialPersistentFields [Ljava/io/ObjectStreamField; 0 [Ljava/io/ObjectStreamField;
staticfield java/lang/String CASE_INSENSITIVE_ORDER Ljava/util/Comparator; java/lang/String$CaseInsensitiveComparator
ciInstanceKlass java/lang/reflect/AnnotatedElement 1 1 164 11 7 12 1 1 1 11 12 1 1 100 1 10 100 12 1 1 1 10 12 1 1 10 12 1 1 10 12 1 10 100 12 1 1 1 11 12 1 1 11 100 12 1 1 10 100 12 1 1 1 10 12 1 10 100 12 1 1 1 18 12 1 1 11 100 12 1 1 18 12 1 18 12 1 1 10 100 12 1 1 1 11 100 12 1 1 1 100 1 10 100 12 1 1 1 1 1 1 1 1 1 1 1 1 1 1 1 1 1 1 1 1 1 1 1 1 1 100 1 1 1 1 1 1 1 1 1 1 1 16 15 16 1 16 1 15 11 12 16 16 1 15 10 100 12 1 1 1 16 1 15 10 100 12 1 1 1 1 100 1 100 1 1
ciInstanceKlass java/lang/reflect/GenericDeclaration 1 0 30 100 1 100 1 100 1 1 1 1 1 1 1 1 100 1 8 1 1 12 10 1 1 1 8 1 1 1 8 1
ciInstanceKlass java/lang/reflect/Type 1 1 17 11 100 12 1 1 1 100 1 1 1 1 1 1 1 1 1
ciInstanceKlass java/lang/invoke/TypeDescriptor 1 0 17 100 1 100 1 1 1 1 1 1 100 1 100 1 1 1 1
ciInstanceKlass java/lang/invoke/TypeDescriptor$OfField 1 0 21 100 1 100 1 100 1 1 1 1 1 1 1 1 1 1 1 1 1 1 1
ciInstanceKlass java/lang/Class 1 1 1687 10 7 12 1 1 1 9 7 12 1 1 1 9 12 1 1 10 12 1 1 8 1 10 12 1 8 1 8 1 10 12 1 1 10 7 12 1 1 1 10 12 1 7 1 10 10 12 1 10 12 1 1 10 12 1 1 10 12 1 1 10 7 12 1 1 10 12 1 10 12 1 10 12 1 8 1 10 12 1 8 1 10 12 1 8 1 8 1 10 12 1 1 10 7 12 1 1 1 18 12 1 1 11 7 12 1 1 1 8 1 8 1 8 1 10 7 12 1 1 1 11 12 1 1 8 1 10 12 1 10 11 100 12 1 1 1 11 100 12 1 1 1 11 8 1 18 8 1 10 12 1 10 7 12 1 1 10 12 1 1 10 7 12 1 1 1 10 12 1 1 10 12 1 1 10 7 12 1 1 1 10 12 9 100 12 1 1 1 10 100 12 1 1 1 10 12 1 10 7 12 1 1 1 10 12 1 1 18 12 1 1 10 7 12 1 1 1 10 7 12 1 10 12 1 1 10 7 1 100 1 10 12 1 1 9 12 1 1 7 1 8 1 10 12 1 10 12 1 1 10 12 1 1 10 7 12 1 1 1 7 1 10 12 1 7 1 7 1 10 10 12 1 1 10 12 1 1 100 1 10 100 12 1 1 1 10 12 1 1 10 12 1 1 9 12 1 1 10 12 1 10 12 1 1 9 12 1 1 9 12 1 1 10 12 1 1 10 7 1 10 12 1 10 12 1 10 12 1 1 10 9 12 1 10 12 1 8 1 10 12 1 1 10 12 1 1 10 12 1 10 12 1 1 10 12 1 1 10 12 1 1 9 7 12 1 1 1 10 7 12 1 1 10 12 10 12 1 10 12 1 10 12 1 10 12 1 9 100 12 1 1 1 9 12 1 10 12 1 10 100 12 1 1 1 10 12 1 1 10 100 12 1 1 10 12 1 10 12 1 1 10 100 12 1 1 1 10 12 1 10 12 1 1 10 12 1 10 12 1 10 12 1 1 10 7 1 10 10 10 12 1 1 10 12 1 1 10 12 10 10 12 1 1 100 1 8 1 10 10 12 1 1 10 12 1 100 1 11 12 1 10 100 12 1 1 10 12 1 10 12 1 10 100 12 1 1 10 10 12 1 1 8 1 10 12 1 10 12 1 1 8 1 10 12 1 9 12 1 10 12 1 10 12 1 10 12 1 10 12 100 1 9 12 1 10 12 1 9 12 1 10 12 1 10 12 1 10 12 1 10 10 12 1 10 12 1 10 7 12 1 1 10 12 1 10 12 1 10 12 1 1 10 12 1 10 12 1 10 12 1 100 1 10 12 1 10 12 1 1 10 12 1 1 10 12 1 1 10 12 1 1 10 12 1 1 10 12 1 1 7 1 10 10 12 1 1 10 12 1 1 10 12 1 1 10 10 12 1 10 12 1 1 10 12 1 1 10 12 1 1 10 12 1 1 7 1 10 10 12 11 100 12 1 1 10 12 1 10 12 1 10 7 12 1 1 1 10 12 1 1 10 10 12 1 1 100 1 10 10 12 1 1 10 100 12 1 1 1 100 1 7 1 10 12 1 1 10 12 1 10 10 12 1 1 10 12 1 10 12 1 10 12 1 10 100 12 1 1 1 11 7 12 1 1 10 12 1 10 12 1 9 12 1 10 12 1 1 10 12 1 9 7 12 1 1 1 9 12 1 10 100 12 1 1 1 10 12 1 10 12 1 10 100 12 1 1 1 10 12 1 10 12 10 12 1 1 100 1 10 8 1 10 12 1 11 11 12 1 1 11 7 12 1 1 11 12 1 8 1 10 12 1 10 12 1 1 9 12 1 9 12 1 1 10 7 12 1 1 9 12 1 10 12 1 1 10 10 12 1 10 7 12 1 1 1 10 7 12 1 1 10 7 12 1 1 9 12 1 1 10 12 1 9 12 1 10 12 1 10 12 1 1 9 12 1 1 9 12 1 10 12 1 10 12 1 1 9 12 1 100 1 10 10 12 1 1 7 1 10 12 1 1 100 11 100 1 9 12 1 1 9 12 1 100 1 10 12 1 9 12 1 1 9 12 1 10 12 1 10 12 1 1 9 12 1 7 1 10 10 12 1 1 10 10 12 1 10 12 10 10 12 1 9 12 1 10 12 1 1 10 7 12 1 1 1 10 12 1 1 10 12 1 8 10 7 8 1 18 8 1 8 1 10 12 1 9 12 1 9 12 1 1 10 12 1 7 1 7 1 10 12 1 9 12 1 1 7 1 10 10 12 1 10 7 1 9 12 1 8 1 10 12 1 7 1 10 12 1 10 12 1 1 100 1 100 1 9 12 1 100 1 8 1 10 10 7 12 1 1 1 10 12 11 7 12 1 1 1 10 12 1 10 12 1 1 10 8 1 8 1 10 12 1 1 9 7 12 1 1 11 12 7 1 11 7 12 1 1 9 12 1 10 100 12 1 1 1 10 7 12 1 1 10 12 1 1 9 12 1 9 10 12 1 1 10 12 1 1 10 12 1 1 10 12 1 1 10 12 1 1 11 12 1 7 1 11 12 1 10 7 12 1 1 1 10 12 1 11 12 1 10 100 12 1 1 1 10 12 1 10 100 12 1 1 1 11 12 1 11 12 1 1 10 12 1 10 12 1 1 9 12 1 1 9 100 12 1 1 10 12 1 10 100 12 1 1 1 10 12 1 1 10 12 1 10 12 1 10 12 1 10 7 12 1 1 1 10 12 1 8 1 10 12 1 10 12 1 10 12 1 100 1 10 12 10 100 12 1 1 1 11 100 12 1 1 1 10 12 1 1 10 12 1 18 12 1 1 11 12 1 1 18 11 12 1 18 12 1 11 12 1 10 12 1 1 10 12 1 10 12 1 10 12 1 10 12 1 10 12 10 12 1 8 1 10 12 1 7 1 9 12 1 1 100 1 100 1 100 1 100 1 1 1 3 1 3 1 3 1 1 1 1 1 1 1 5 0 1 1 1 1 1 1 1 1 1 1 1 1 1 1 1 1 1 1 1 1 1 1 1 1 100 1 1 1 1 1 1 1 100 1 1 1 1 1 7 1 1 1 1 1 1 1 1 1 1 1 1 1 1 1 1 1 1 1 1 1 1 1 1 1 1 1 1 1 1 1 1 1 1 1 1 1 1 1 1 1 1 100 1 1 1 1 1 1 1 1 1 1 1 1 1 1 1 1 1 1 1 1 1 1 1 1 1 1 1 1 1 1 1 100 1 1 1 1 1 1 1 1 1 1 1 1 1 1 1 1 1 1 1 1 3 1 1 1 1 1 1 1 1 1 1 1 1 1 1 1 1 1 1 1 1 1 1 1 1 1 1 1 1 1 1 1 1 1 1 1 100 1 100 1 1 1 1 1 1 1 100 1 1 1 1 1 1 1 1 1 1 1 1 1 1 1 1 1 1 1 1 1 1 1 1 1 1 1 1 1 1 1 1 1 1 1 1 1 1 1 1 1 1 1 1 1 1 1 1 1 1 1 1 1 1 1 1 1 1 1 1 1 1 1 1 1 1 1 1 1 1 1 1 1 1 1 1 1 1 1 1 1 1 1 1 1 1 1 1 1 1 1 1 1 1 1 1 1 1 1 1 1 1 1 1 1 1 1 1 1 1 1 1 1 1 1 1 1 1 1 1 1 1 1 1 16 15 10 12 16 15 11 12 16 1 16 15 16 15 10 12 16 16 15 10 12 16 15 16 1 15 10 12 16 15 10 7 12 1 1 1 1 1 1 1 1 1 1 1 1 1 100 1 1 100 1 100 1 1 100 1 100 1 1 100 1 100 1 1
staticfield java/lang/Class EMPTY_CLASS_ARRAY [Ljava/lang/Class; 0 [Ljava/lang/Class;
staticfield java/lang/Class serialPersistentFields [Ljava/io/ObjectStreamField; 0 [Ljava/io/ObjectStreamField;
ciInstanceKlass java/lang/Cloneable 1 0 7 100 1 100 1 1 1
instanceKlass com/thoughtworks/xstream/core/util/ClassLoaderReference
instanceKlass com/thoughtworks/xstream/core/util/CompositeClassLoader
instanceKlass jdk/internal/reflect/DelegatingClassLoader
instanceKlass java/security/SecureClassLoader
ciInstanceKlass java/lang/ClassLoader 1 1 1108 9 7 12 1 1 1 10 7 12 1 1 1 9 12 1 1 10 7 12 1 1 1 7 1 10 12 1 1 10 12 1 1 9 12 1 1 10 12 1 1 100 1 10 12 1 10 12 1 1 10 7 12 1 1 1 100 1 8 1 10 12 1 10 7 12 1 1 1 10 100 12 1 10 7 1 10 7 1 7 1 7 1 10 12 1 10 12 1 9 12 1 1 10 10 7 12 1 1 1 9 12 1 1 9 12 1 9 12 1 1 9 12 1 9 12 1 1 9 12 1 1 7 1 10 12 1 9 12 1 1 10 12 1 1 10 7 12 1 1 1 9 12 1 9 12 1 1 9 12 1 10 12 1 1 9 12 10 12 1 1 7 1 10 8 1 10 12 1 1 10 12 1 10 7 1 7 1 10 12 1 1 10 7 12 1 1 1 8 1 10 12 1 10 12 1 10 12 1 1 10 12 1 1 10 12 1 1 10 12 1 1 10 12 1 1 10 12 1 7 1 10 12 1 10 7 12 1 1 1 10 12 1 1 10 12 1 10 12 1 10 12 1 10 12 1 10 12 1 1 10 10 12 1 10 12 1 10 100 12 1 1 10 12 1 1 10 12 1 1 10 12 1 100 1 10 12 1 100 1 10 12 1 10 100 12 1 1 1 10 10 12 1 1 10 12 1 1 100 1 8 1 10 8 1 10 12 1 10 12 1 100 1 8 1 10 12 1 1 10 12 1 1 10 10 12 1 1 10 12 1 1 10 12 1 1 10 7 1 10 12 1 1 10 12 1 1 10 12 1 1 10 12 1 1 10 12 1 1 10 12 1 1 10 12 1 10 7 12 1 1 1 10 12 1 10 12 1 10 12 1 1 10 12 1 10 12 1 10 12 1 10 12 1 1 10 12 1 10 12 1 1 8 1 9 12 1 10 12 1 1 8 1 8 1 10 7 12 1 1 100 1 10 10 12 10 12 1 10 12 1 10 12 1 10 12 1 1 10 7 12 1 1 10 12 1 10 7 1 7 1 10 12 1 1 10 12 1 10 7 1 10 12 1 100 1 18 12 1 10 100 12 1 1 1 10 100 12 1 1 1 10 7 12 1 1 10 12 1 10 12 1 100 1 10 12 1 8 1 10 10 12 1 1 10 12 1 10 12 1 1 7 1 10 12 1 10 12 1 1 10 7 12 1 1 10 12 1 8 1 100 1 10 10 12 1 9 12 1 10 7 12 1 1 10 12 1 100 1 8 1 10 12 1 10 8 1 8 1 10 12 1 1 10 12 1 1 10 12 1 1 10 100 12 1 1 100 1 100 1 10 12 1 1 100 1 100 1 10 100 12 1 1 10 12 1 10 12 1 1 10 12 1 10 12 1 1 10 12 1 1 9 100 12 1 1 1 10 12 1 1 10 12 1 10 12 1 10 12 1 1 10 12 1 8 1 7 1 18 12 1 1 10 12 1 1 10 12 1 10 12 1 10 12 1 8 1 10 12 1 10 12 1 18 12 1 11 100 12 1 1 1 100 1 10 12 1 1 10 12 1 10 11 12 1 1 10 18 10 12 1 1 11 100 12 1 18 12 1 11 12 1 1 10 12 10 12 1 1 10 12 1 1 100 1 8 1 10 10 12 1 8 1 8 1 10 100 12 1 1 10 12 1 100 1 10 10 12 1 8 1 8 1 8 1 10 12 1 10 12 1 1 10 12 1 10 100 12 1 1 1 11 100 12 1 1 100 1 10 11 10 12 1 10 12 1 10 12 1 1 9 100 12 1 1 9 12 1 1 9 12 9 12 1 9 12 1 9 12 1 8 10 12 1 1 10 7 12 1 1 1 10 12 1 1 10 12 1 1 10 12 1 10 10 12 1 11 12 1 1 10 100 12 1 1 1 100 1 10 12 1 10 12 1 10 12 1 1 1 1 1 1 1 1 1 1 1 1 1 1 1 1 1 1 1 1 1 1 1 1 1 1 1 1 100 1 1 1 1 1 1 1 1 1 1 1 1 1 1 1 1 1 1 1 1 1 100 1 1 1 1 1 1 1 1 1 1 7 1 1 1 1 1 1 1 1 1 1 1 1 1 1 1 1 1 1 1 1 1 1 1 1 1 1 1 1 1 1 1 1 1 1 1 1 1 1 1 1 1 100 1 1 1 1 1 1 1 1 1 1 1 1 1 1 1 1 1 1 1 100 1 1 1 1 1 1 1 1 1 1 1 1 1 1 1 1 1 1 1 1 1 1 1 1 1 1 1 1 1 1 1 1 1 1 1 1 1 1 1 1 1 1 1 1 1 1 1 1 1 1 100 1 1 1 1 1 1 1 1 1 1 1 1 1 1 1 1 1 1 1 1 1 1 1 1 1 1 1 1 1 1 1 1 1 1 1 1 1 1 1 1 1 1 1 1 1 1 16 1 15 10 12 16 1 16 15 10 12 16 1 16 1 15 10 12 16 15 10 12 16 15 10 12 16 15 10 100 12 1 1 1 1 1 100 1 100 1 1
staticfield java/lang/ClassLoader nocerts [Ljava/security/cert/Certificate; 0 [Ljava/security/cert/Certificate;
staticfield java/lang/ClassLoader $assertionsDisabled Z 1
ciInstanceKlass java/lang/System 1 1 834 10 100 12 1 1 1 9 7 12 1 1 1 10 12 1 10 12 1 1 10 12 1 1 10 12 1 9 12 1 1 10 7 12 1 1 1 11 100 12 1 1 1 10 100 12 1 1 1 10 12 1 1 10 12 1 1 100 1 8 1 10 12 1 10 100 12 1 1 1 10 7 12 1 1 1 18 12 1 1 10 100 12 1 1 1 100 1 10 12 1 1 10 100 12 1 1 1 10 12 1 10 7 12 1 1 1 9 100 12 1 1 1 10 100 12 1 1 1 11 7 12 1 1 1 10 12 1 1 10 7 12 1 1 1 100 1 10 10 12 1 1 8 1 10 12 1 8 1 10 12 1 9 12 1 1 8 1 10 7 12 1 1 1 10 12 1 1 100 1 8 1 10 9 12 1 1 8 1 10 12 1 1 10 100 12 1 1 1 8 1 10 12 1 100 1 10 12 1 8 1 10 12 1 10 12 1 1 100 1 10 12 10 12 1 9 12 1 1 9 12 1 1 10 7 12 1 1 1 10 7 12 1 1 1 10 12 1 1 10 12 1 10 12 1 10 7 12 1 1 1 10 12 1 100 1 100 1 8 1 10 12 1 10 12 1 1 7 1 10 12 1 100 1 8 1 10 10 12 1 100 1 8 1 10 8 1 10 7 12 1 1 8 1 10 12 100 1 8 1 10 10 12 1 1 10 7 12 1 1 1 100 1 18 12 1 100 1 9 100 12 1 1 1 10 12 1 100 1 10 12 1 1 10 12 1 1 10 7 12 1 1 1 10 12 1 1 10 12 1 10 12 1 10 12 1 1 10 12 1 7 1 10 12 1 9 7 12 1 1 1 10 7 12 1 1 1 10 12 1 10 12 1 10 7 12 1 1 1 100 1 8 1 10 9 12 1 9 12 1 10 12 1 10 100 12 1 1 10 12 1 10 12 1 1 8 1 10 12 1 1 8 1 11 12 1 10 12 11 12 1 1 11 7 12 1 1 1 11 7 12 1 1 11 12 1 1 7 1 11 12 1 10 12 1 8 1 10 12 1 1 8 1 8 1 8 1 8 1 11 12 1 10 12 1 10 12 1 10 12 1 8 1 10 12 1 1 8 1 9 12 1 8 1 10 7 12 1 1 8 1 7 1 9 7 12 1 1 1 10 12 1 7 1 9 12 10 9 12 7 1 10 12 9 12 1 1 8 1 10 12 1 1 8 1 10 7 12 1 1 10 12 1 10 12 1 1 11 7 12 1 1 10 12 10 7 12 1 1 1 9 12 1 1 100 1 8 1 10 12 1 1 10 7 12 1 1 1 7 1 10 12 1 1 10 12 1 8 1 8 1 10 8 1 8 1 8 1 8 1 10 10 7 12 1 1 10 12 1 10 12 1 1 10 12 1 1 10 12 1 10 100 12 1 1 1 10 100 1 8 1 10 10 10 12 1 1 10 12 1 1 8 1 10 12 1 8 1 8 1 10 12 1 10 7 12 1 1 1 10 12 1 1 7 1 10 10 12 1 10 12 1 9 12 1 1 3 1 3 1 1 1 1 1 1 1 1 1 1 1 1 100 1 1 100 1 1 1 1 1 1 1 1 1 1 1 100 1 100 1 1 1 1 1 1 1 1 1 1 1 1 1 1 1 1 1 1 1 1 1 1 1 1 1 1 1 1 1 1 1 1 1 1 1 1 1 1 1 1 1 1 1 1 1 1 1 1 1 1 1 1 1 1 1 1 1 1 100 1 1 1 1 1 1 1 1 1 1 1 1 1 1 1 1 1 1 1 1 1 1 1 1 1 1 1 1 1 1 1 1 1 100 1 1 16 15 10 12 1 1 16 15 10 12 16 1 15 10 100 12 1 1 1 1 1 1 1 1 1 100 1 100 1 1
staticfield java/lang/System in Ljava/io/InputStream; java/io/BufferedInputStream
staticfield java/lang/System out Ljava/io/PrintStream; com/st/microxplorer/maingui/MicroXplorer$RedirectStdOutToLogger
staticfield java/lang/System err Ljava/io/PrintStream; com/st/microxplorer/maingui/MicroXplorer$RedirectStdErrToLogger
instanceKlass java/lang/Exception
instanceKlass java/lang/Error
ciInstanceKlass java/lang/Throwable 1 1 404 10 7 12 1 1 1 9 7 12 1 1 1 9 12 1 1 9 12 1 9 12 1 1 9 12 1 10 12 1 1 9 12 1 1 10 12 1 1 10 12 1 100 1 7 1 10 8 1 10 12 1 1 8 1 10 7 12 1 1 10 10 12 1 100 1 8 1 10 10 12 1 1 10 7 12 1 1 10 12 1 8 1 9 100 12 1 1 1 10 12 1 1 100 1 10 12 10 12 1 10 100 12 1 1 1 100 1 10 12 10 12 1 10 12 1 100 1 10 10 7 12 1 1 1 11 100 12 1 1 1 10 12 1 1 10 12 1 1 8 1 10 12 1 10 12 1 1 8 1 8 1 10 12 1 1 10 12 1 8 1 8 1 9 12 1 1 10 12 1 1 100 1 10 11 12 1 8 1 8 1 10 7 12 1 1 8 1 10 12 1 8 1 100 1 10 12 1 9 12 1 1 10 12 1 10 7 12 1 9 12 1 1 10 12 1 1 100 1 8 1 10 12 1 10 100 12 1 1 10 12 1 1 7 1 10 100 12 1 1 1 10 12 1 11 7 12 1 1 1 11 100 12 1 1 11 12 1 8 1 10 12 1 1 8 1 10 10 9 100 12 1 1 1 8 1 10 12 1 1 11 10 100 1 8 1 10 11 12 1 1 8 1 9 12 1 10 100 12 1 1 11 9 12 1 1 11 12 1 1 100 10 12 1 10 12 1 1 100 1 1 1 1 5 0 1 1 1 1 1 1 1 1 1 1 1 1 1 100 1 1 1 1 1 1 1 1 1 1 1 1 1 1 1 1 1 1 1 1 1 1 1 1 1 1 1 1 1 1 1 1 1 1 1 1 1 1 1 1 1 1 1 1 100 1 100 1 1 1 1 1 1 1 1 1 1 1 1 1 1 1 1 1 1
staticfield java/lang/Throwable UNASSIGNED_STACK [Ljava/lang/StackTraceElement; 0 [Ljava/lang/StackTraceElement;
staticfield java/lang/Throwable SUPPRESSED_SENTINEL Ljava/util/List; java/util/Collections$EmptyList
staticfield java/lang/Throwable EMPTY_THROWABLE_ARRAY [Ljava/lang/Throwable; 0 [Ljava/lang/Throwable;
staticfield java/lang/Throwable $assertionsDisabled Z 1
instanceKlass java/util/ServiceConfigurationError
instanceKlass javax/xml/parsers/FactoryConfigurationError
instanceKlass java/lang/AssertionError
instanceKlass org/apache/xerces/impl/dv/ObjectFactory$ConfigurationError
instanceKlass org/apache/xerces/parsers/ObjectFactory$ConfigurationError
instanceKlass java/lang/VirtualMachineError
instanceKlass java/lang/LinkageError
ciInstanceKlass java/lang/Error 1 1 40 10 7 12 1 1 1 10 12 1 10 12 1 10 12 1 10 12 1 100 1 1 1 1 5 0 1 1 1 1 1 1 1 1 1 1 1 1 1 1
instanceKlass java/awt/print/PrinterException
instanceKlass org/jaxen/saxpath/SAXPathException
instanceKlass java/awt/geom/NoninvertibleTransformException
instanceKlass com/st/microxplorer/plugins/thirdparty/ThirdPartyPackRequestProcessor$BadParameterTypeException
instanceKlass javax/swing/tree/ExpandVetoException
instanceKlass org/sqlite/FileException
instanceKlass org/sqlite/NativeLibraryNotFoundException
instanceKlass com/st/microxplorer/plugins/thirdparty/ThirdPartyIpManager$ThirdPartyIpManagerException
instanceKlass com/st/microxplorer/plugins/thirdparty/Migration$NoMigrationOngoing
instanceKlass com/st/microxplorer/plugins/thirdparty/Migration$MigrationNotPossible
instanceKlass com/st/microxplorer/mcufinder/crossselector/core/WebServiceHttpErrorException
instanceKlass com/st/microxplorer/mcufinder/crossselector/core/WebServiceServerUnreachableException
instanceKlass java/util/concurrent/ExecutionException
instanceKlass java/util/concurrent/TimeoutException
instanceKlass sun/security/ec/ECOperations$IntermediateValueException
instanceKlass sun/security/pkcs11/wrapper/PKCS11Exception
instanceKlass org/apache/http/HttpException
instanceKlass java/util/prefs/BackingStoreException
instanceKlass com/st/microxplorer/plugins/power/util/IncorrectSeriesDataException
instanceKlass com/st/microxplorer/plugins/power/util/DbException
instanceKlass java/awt/AWTException
instanceKlass com/st/microxplorer/plugins/thirdparty/db/solver/condition/EvaluatedConditionItemBuilder$CompositeConditionException
instanceKlass com/st/microxplorer/plugins/thirdparty/ThirdPartyApiDb$PackCreationException
instanceKlass com/st/microxplorer/plugins/thirdparty/engine/PackLoader$PackLoaderException
instanceKlass com/st/microxplorer/plugins/thirdparty/AbstractThirdPartyUpdaterManager$UpdaterTaskErrorException
instanceKlass com/st/microxplorer/plugins/thirdparty/AbstractThirdPartyUpdaterManager$UpdaterNotAvailableException
instanceKlass com/st/microxplorer/plugins/thirdparty/AbstractThirdPartyUpdaterManager$UpdaterNotRetrievedException
instanceKlass com/st/microxplorer/plugins/thirdparty/util/SwPackException
instanceKlass com/st/microxplorer/plugins/thirdparty/util/EngineException
instanceKlass org/glassfish/jaxb/runtime/v2/model/impl/ClassInfoImpl$DuplicateException
instanceKlass org/glassfish/jaxb/runtime/v2/model/impl/ClassInfoImpl$ConflictException
instanceKlass jakarta/activation/MimeTypeParseException
instanceKlass org/glassfish/jaxb/runtime/api/AccessorException
instanceKlass org/apache/xerces/impl/xpath/XPathException
instanceKlass org/apache/xerces/impl/xs/traversers/XSDComplexTypeTraverser$ComplexTypeRecoverableError
instanceKlass org/apache/xerces/impl/xs/XMLSchemaException
instanceKlass javax/xml/stream/XMLStreamException
instanceKlass jakarta/xml/bind/JAXBException
instanceKlass freemarker/template/TemplateException
instanceKlass javax/xml/transform/TransformerException
instanceKlass javax/xml/xpath/XPathException
instanceKlass com/lowagie/text/DocumentException
instanceKlass sun/nio/fs/WindowsException
instanceKlass javax/xml/datatype/DatatypeConfigurationException
instanceKlass javax/swing/text/BadLocationException
instanceKlass org/apache/commons/cli/ParseException
instanceKlass org/jdom/JDOMException
instanceKlass com/bestcode/mathparser/ParserException
instanceKlass com/st/microxplorer/mcufinder/db/crossselector/PleaseUseOtherDataSourceException
instanceKlass com/st/microxplorer/mcufinder/db/crossselector/CrdbException
instanceKlass java/sql/SQLException
instanceKlass com/st/microxplorer/db/DbException
instanceKlass java/awt/FontFormatException
instanceKlass java/text/ParseException
instanceKlass org/apache/xerces/impl/dv/DatatypeException
instanceKlass javax/xml/parsers/ParserConfigurationException
instanceKlass org/xml/sax/SAXException
instanceKlass java/security/GeneralSecurityException
instanceKlass javax/management/JMException
instanceKlass javax/naming/NamingException
instanceKlass java/lang/InterruptedException
instanceKlass java/lang/CloneNotSupportedException
instanceKlass java/security/PrivilegedActionException
instanceKlass java/io/IOException
instanceKlass java/net/URISyntaxException
instanceKlass java/lang/ReflectiveOperationException
instanceKlass java/lang/RuntimeException
ciInstanceKlass java/lang/Exception 1 1 40 10 7 12 1 1 1 10 12 1 10 12 1 10 12 1 10 12 1 100 1 1 1 1 5 0 1 1 1 1 1 1 1 1 1 1 1 1 1 1
instanceKlass org/jfree/data/general/SeriesException
instanceKlass org/jaxen/JaxenRuntimeException
instanceKlass com/altova/SourceInstanceUnavailableException
instanceKlass com/altova/TargetInstanceUnavailableException
instanceKlass org/apache/http/ParseException
instanceKlass java/security/ProviderException
instanceKlass java/lang/reflect/InaccessibleObjectException
instanceKlass com/st/microxplorer/plugins/updater/util/WinRegistry$RegError
instanceKlass com/st/microxplorer/plugins/usernotification/util/jsonUtil/JsonUtils$JsonConversionException
instanceKlass com/vdurmont/semver4j/SemverException
instanceKlass java/lang/reflect/MalformedParameterizedTypeException
instanceKlass org/apache/xerces/impl/xpath/regex/ParseException
instanceKlass org/apache/xerces/impl/dv/xs/SchemaDateTimeException
instanceKlass com/thoughtworks/xstream/core/BaseException
instanceKlass java/lang/TypeNotPresentException
instanceKlass org/json/JSONException
instanceKlass java/lang/IndexOutOfBoundsException
instanceKlass org/w3c/dom/events/EventException
instanceKlass org/w3c/dom/DOMException
instanceKlass org/apache/xerces/impl/dv/DVFactoryException
instanceKlass org/apache/xerces/parsers/AbstractDOMParser$Abort
instanceKlass org/apache/xerces/xni/XNIException
instanceKlass java/nio/file/FileSystemNotFoundException
instanceKlass java/nio/file/FileSystemAlreadyExistsException
instanceKlass java/time/DateTimeException
instanceKlass java/lang/reflect/UndeclaredThrowableException
instanceKlass org/apache/logging/log4j/core/config/ConfigurationException
instanceKlass java/util/ConcurrentModificationException
instanceKlass java/util/MissingResourceException
instanceKlass java/util/NoSuchElementException
instanceKlass java/lang/SecurityException
instanceKlass org/apache/logging/log4j/LoggingException
instanceKlass java/lang/IllegalStateException
instanceKlass java/lang/UnsupportedOperationException
instanceKlass java/lang/IllegalArgumentException
instanceKlass java/lang/ArithmeticException
instanceKlass java/lang/NullPointerException
instanceKlass java/lang/IllegalMonitorStateException
instanceKlass java/lang/ArrayStoreException
instanceKlass java/lang/ClassCastException
ciInstanceKlass java/lang/RuntimeException 1 1 40 10 7 12 1 1 1 10 12 1 10 12 1 10 12 1 10 12 1 100 1 1 1 1 5 0 1 1 1 1 1 1 1 1 1 1 1 1 1 1
ciInstanceKlass java/lang/SecurityManager 0 0 576 10 100 12 1 1 1 9 100 12 1 1 1 10 100 12 1 1 1 100 1 8 1 10 12 1 10 12 1 1 10 100 12 1 1 1 10 100 1 10 100 1 10 9 100 12 1 1 1 10 100 12 1 1 1 10 12 1 1 10 100 12 1 1 100 1 8 1 10 9 12 1 1 9 12 1 8 1 9 12 1 100 1 10 8 1 10 12 1 1 10 12 1 10 12 1 1 100 1 10 10 12 1 1 100 1 8 1 10 12 1 8 1 8 1 8 1 8 1 8 1 8 1 10 12 1 8 1 8 1 8 1 8 1 8 1 10 100 12 1 1 1 10 12 1 1 8 1 100 1 8 1 10 8 1 8 1 8 1 8 1 8 1 10 100 12 1 1 8 1 100 1 8 1 8 1 10 8 1 10 12 1 100 1 8 1 10 10 12 1 1 10 12 1 10 12 1 10 12 1 10 100 12 1 1 1 10 12 1 10 100 12 1 1 11 100 12 1 1 1 18 12 1 1 11 100 12 1 1 1 18 12 1 1 11 12 1 1 18 18 11 12 1 18 12 1 11 12 1 1 9 12 1 1 9 12 1 9 12 1 9 12 1 100 1 10 100 12 1 1 10 12 1 10 12 1 18 12 1 18 10 100 12 1 1 1 18 12 1 10 12 1 18 18 8 1 10 12 1 9 12 1 1 11 100 12 1 1 1 8 1 100 1 10 12 1 10 12 1 1 10 12 1 1 9 12 1 1 10 12 1 10 12 1 1 8 1 100 1 10 9 12 1 8 1 10 12 1 8 1 100 1 10 10 100 12 1 1 10 100 1 9 100 12 1 1 1 11 12 1 1 10 12 1 11 12 1 10 12 1 100 1 10 10 12 1 1 10 12 1 1 1 1 1 1 1 1 1 1 1 100 1 1 1 1 1 1 1 1 1 1 1 1 1 1 1 1 1 1 1 1 1 1 1 1 1 1 1 1 1 1 1 1 1 1 1 1 1 1 1 1 1 1 1 1 1 1 1 1 1 1 1 1 1 1 1 1 3 1 1 1 1 1 1 1 1 1 1 100 1 1 1 1 1 1 1 1 1 1 1 1 1 1 1 1 1 1 1 1 1 1 1 1 1 1 1 1 1 1 1 1 1 1 1 1 1 1 16 15 10 100 12 1 1 1 16 1 16 15 10 12 16 1 15 10 12 16 15 11 100 1 16 1 16 1 15 10 12 16 15 10 12 16 15 10 12 1 16 1 15 11 12 1 15 10 12 16 15 10 16 1 15 10 100 12 1 1 1 1 1 1 100 1 100 1 1
ciInstanceKlass java/security/ProtectionDomain 1 1 348 10 7 12 1 1 1 9 7 12 1 1 1 7 1 10 9 12 1 1 9 12 1 1 9 12 1 1 10 7 12 1 1 7 1 9 12 1 9 12 1 1 7 1 9 12 1 1 9 12 1 10 100 12 1 1 10 100 12 1 1 1 10 12 1 1 10 12 1 9 12 1 9 100 12 1 1 10 12 1 1 10 100 1 10 12 1 1 8 1 100 1 8 1 10 12 1 10 11 10 100 12 1 1 1 10 12 1 1 8 1 11 8 1 10 12 1 8 1 8 1 10 12 1 1 10 12 1 10 12 1 1 10 12 1 8 1 10 12 1 8 1 8 1 10 100 12 1 1 1 9 100 12 1 1 1 10 12 1 1 9 100 12 1 1 1 10 100 12 1 1 1 100 1 18 12 1 1 10 100 12 1 1 1 10 100 1 10 12 1 10 12 1 1 11 100 12 1 1 11 12 1 100 1 11 100 12 1 1 1 10 12 1 10 11 12 1 1 11 12 1 1 10 12 1 10 7 12 1 1 10 100 12 1 1 11 12 1 10 12 10 12 1 8 1 8 1 10 7 12 1 1 1 7 1 10 10 7 12 1 1 1 1 1 1 1 1 1 1 100 1 1 100 1 1 1 1 1 1 1 1 1 1 1 1 1 1 1 1 1 1 1 1 1 1 1 1 1 1 1 1 1 1 1 1 1 1 1 1 1 1 1 1 1 1 1 1 100 1 1 1 1 1 1 100 1 1 16 15 10 12 16 15 10 100 12 1 1 1 1 1 1 1 100 1 100 1 1
staticfield java/security/ProtectionDomain filePermCompatInPD Z 0
ciInstanceKlass java/security/AccessControlContext 1 1 374 9 7 12 1 1 1 9 12 1 1 10 100 12 1 1 1 8 1 10 100 12 1 1 1 10 7 12 1 1 1 9 12 1 9 12 1 1 9 12 1 1 10 7 12 1 1 100 1 10 12 1 11 100 12 1 1 1 11 12 1 11 12 1 11 12 1 1 7 1 11 12 1 1 10 12 1 10 7 12 1 1 1 9 100 12 1 1 1 10 100 12 1 1 1 11 100 12 1 1 1 10 7 1 100 1 8 1 10 12 1 10 12 1 1 7 1 10 7 12 1 1 1 9 12 1 9 12 1 9 12 1 9 12 1 1 9 12 1 1 9 12 1 9 12 1 10 7 12 1 1 1 9 12 1 10 12 1 1 10 12 1 1 8 1 10 12 1 1 10 12 1 1 10 100 12 1 1 1 100 1 10 10 12 1 1 10 100 12 1 1 1 10 8 1 10 100 12 1 1 8 1 10 100 12 1 1 8 1 8 1 10 12 1 8 1 10 12 1 8 1 10 12 1 10 12 1 10 12 1 1 8 1 8 1 100 1 10 12 1 10 12 1 1 100 1 10 12 1 8 1 10 12 1 10 12 1 10 8 1 10 12 1 1 10 12 1 1 10 12 1 1 10 12 1 1 10 12 1 10 12 1 11 10 12 1 10 12 1 1 10 10 10 12 1 1 1 1 1 1 1 1 1 1 1 1 1 1 1 1 1 1 1 1 1 1 1 1 100 1 1 1 1 1 1 1 1 1 1 1 1 1 1 1 1 1 1 1 1 1 1 1 1 1 1 1 1 1 1 1 1 1 1 1 1 1 1 1 1 1 1 1 1 1 1 1 1 1 1 1 1 3 1 1
ciInstanceKlass java/security/AccessController 1 1 295 10 100 12 1 1 1 10 7 12 1 1 1 10 7 12 1 1 1 10 12 1 1 10 12 1 1 10 7 12 1 1 1 10 12 1 1 10 12 1 10 12 1 1 10 12 1 100 1 8 1 10 12 1 10 12 1 10 12 1 1 10 12 1 7 1 7 1 10 12 1 1 10 12 1 10 12 1 10 12 1 1 10 7 12 1 1 1 10 12 1 1 9 100 12 1 1 1 10 100 12 1 1 1 10 12 1 10 12 1 9 100 12 1 1 1 10 12 1 10 12 1 1 9 12 1 1 10 100 1 10 11 7 12 1 1 1 10 7 12 1 1 11 7 1 7 1 10 12 1 10 12 1 10 12 1 8 1 10 12 1 1 8 1 10 100 12 1 1 1 8 1 100 1 10 10 12 1 1 10 12 1 10 7 12 1 1 1 10 12 1 8 1 10 100 12 1 1 8 1 8 1 10 12 1 8 1 10 12 1 10 12 1 1 10 12 1 1 1 1 1 1 1 1 1 1 1 1 1 1 1 1 1 1 1 1 1 1 1 1 1 1 1 1 100 1 1 1 1 1 1 1 1 1 1 1 1 1 1 1 1 1 1 1 1 1 1 1 1 1 1 1 1 1 1 1 1 1 1 100 1 100 1 1 1 1 1 1 1 1 1 3 1 1 1
staticfield java/security/AccessController $assertionsDisabled Z 1
instanceKlass java/net/URLClassLoader
instanceKlass sun/reflect/misc/MethodUtil
instanceKlass jdk/internal/loader/BuiltinClassLoader
ciInstanceKlass java/security/SecureClassLoader 1 1 102 10 7 12 1 1 1 7 1 10 12 1 9 7 12 1 1 1 10 12 1 10 12 1 10 12 1 1 10 12 1 1 10 12 1 7 1 10 7 1 10 12 1 7 1 10 12 1 11 7 12 1 1 1 7 1 11 12 1 10 12 1 1 1 1 1 1 1 1 1 1 1 1 1 1 1 1 1 1 1 1 1 1 1 1 1 1 1 1 1 1 1 1 1 1 1 1 100 1 1 1 1
instanceKlass java/lang/reflect/InvocationTargetException
instanceKlass java/lang/InstantiationException
instanceKlass java/lang/IllegalAccessException
instanceKlass java/lang/NoSuchFieldException
instanceKlass java/lang/NoSuchMethodException
instanceKlass java/lang/ClassNotFoundException
ciInstanceKlass java/lang/ReflectiveOperationException 1 1 34 10 7 12 1 1 1 10 12 1 10 12 1 10 12 1 100 1 1 1 1 5 0 1 1 1 1 1 1 1 1 1 1 1
ciInstanceKlass java/lang/ClassNotFoundException 1 1 96 7 1 10 7 12 1 1 1 10 12 1 10 12 1 1 10 100 12 1 1 1 8 1 10 100 12 1 1 1 10 7 12 1 1 10 100 12 1 1 1 10 100 12 1 1 1 10 12 1 1 7 1 10 12 1 9 12 1 1 1 1 1 5 0 1 1 1 1 1 1 1 1 1 1 1 1 1 1 1 1 1 1 100 1 1 1 1 1 1 1 1 1 1 1 1
staticfield java/lang/ClassNotFoundException serialPersistentFields [Ljava/io/ObjectStreamField; 1 [Ljava/io/ObjectStreamField;
instanceKlass com/st/microxplorer/plugins/usernotification/DTO/IniFileDTO
instanceKlass com/st/microxplorer/plugins/usernotification/util/prmis/PackCPN
instanceKlass com/st/microxplorer/plugins/usernotification/util/prmis/Pack
instanceKlass jdk/net/UnixDomainPrincipal
instanceKlass jdk/internal/misc/ThreadTracker$ThreadRef
instanceKlass jdk/jfr/internal/jfc/model/Constraint
instanceKlass java/nio/DirectByteBuffer$Deallocator
instanceKlass jdk/jfr/internal/query/ViewFile$ViewConfiguration
instanceKlass jdk/jfr/internal/dcmd/Argument
instanceKlass java/lang/reflect/Proxy$ProxyBuilder$ProxyClassContext
instanceKlass java/util/stream/Collectors$CollectorImpl
instanceKlass java/security/SecureClassLoader$CodeSourceKey
instanceKlass jdk/internal/reflect/ReflectionFactory$Config
instanceKlass jdk/internal/foreign/abi/UpcallLinker$CallRegs
instanceKlass jdk/internal/foreign/abi/VMStorage
ciInstanceKlass java/lang/Record 1 1 22 10 7 12 1 1 1 100 1 1 1 1 1 1 1 1 1 1 1 1 1 1
instanceKlass java/lang/ClassFormatError
instanceKlass java/lang/ExceptionInInitializerError
instanceKlass java/lang/UnsatisfiedLinkError
instanceKlass java/lang/IncompatibleClassChangeError
instanceKlass java/lang/BootstrapMethodError
instanceKlass java/lang/NoClassDefFoundError
ciInstanceKlass java/lang/LinkageError 1 1 31 10 7 12 1 1 1 10 12 1 10 12 1 100 1 1 1 1 5 0 1 1 1 1 1 1 1 1 1 1 1
ciInstanceKlass java/lang/NoClassDefFoundError 0 0 26 10 100 12 1 1 1 10 12 1 100 1 1 1 1 5 0 1 1 1 1 1 1 1 1 1
ciInstanceKlass java/lang/ClassCastException 1 1 26 10 100 12 1 1 1 10 12 1 100 1 1 1 1 5 0 1 1 1 1 1 1 1 1 1
ciInstanceKlass java/lang/ArrayStoreException 1 1 26 10 100 12 1 1 1 10 12 1 100 1 1 1 1 5 0 1 1 1 1 1 1 1 1 1
instanceKlass java/lang/StackOverflowError
instanceKlass java/lang/OutOfMemoryError
instanceKlass java/lang/InternalError
ciInstanceKlass java/lang/VirtualMachineError 1 1 34 10 100 12 1 1 1 10 12 1 10 12 1 10 12 1 100 1 1 1 1 5 0 1 1 1 1 1 1 1 1 1 1 1
ciInstanceKlass java/lang/InternalError 0 0 34 10 100 12 1 1 1 10 12 1 10 12 1 10 12 1 100 1 1 1 1 5 0 1 1 1 1 1 1 1 1 1 1 1
ciInstanceKlass java/lang/OutOfMemoryError 1 1 26 10 100 12 1 1 1 10 12 1 100 1 1 1 1 5 0 1 1 1 1 1 1 1 1 1
ciInstanceKlass java/lang/StackOverflowError 1 1 26 10 100 12 1 1 1 10 12 1 100 1 1 1 1 5 0 1 1 1 1 1 1 1 1 1
ciInstanceKlass java/lang/IllegalMonitorStateException 1 1 26 10 100 12 1 1 1 10 12 1 100 1 1 1 1 5 0 1 1 1 1 1 1 1 1 1
instanceKlass java/lang/ref/PhantomReference
instanceKlass java/lang/ref/FinalReference
instanceKlass java/lang/ref/WeakReference
instanceKlass java/lang/ref/SoftReference
ciInstanceKlass java/lang/ref/Reference 1 1 190 9 7 12 1 1 1 9 7 12 1 1 10 12 1 1 10 12 1 1 9 12 1 1 10 12 1 1 9 12 1 1 9 12 1 1 7 1 10 12 1 10 7 12 1 1 10 12 1 10 12 1 1 10 12 1 7 1 8 1 10 12 1 1 7 1 10 12 1 1 10 12 1 1 10 12 1 9 12 1 10 12 1 1 10 12 1 10 12 1 9 12 1 100 1 100 1 10 12 9 12 1 9 12 1 100 1 10 10 12 1 10 10 7 12 1 1 7 1 10 10 7 12 1 1 1 1 1 1 1 1 1 1 1 1 1 1 1 1 1 1 1 100 1 1 1 100 1 1 1 1 1 1 1 1 1 1 1 1 1 1 1 1 1 1 1 1 1 1 1 1 1 1 1 1 1 1 1 1 1 1 1 100 1 100 1 100 1 1 1
staticfield java/lang/ref/Reference processPendingLock Ljava/lang/Object; java/lang/Object
staticfield java/lang/ref/Reference $assertionsDisabled Z 1
instanceKlass sun/security/util/MemoryCache$SoftCacheEntry
instanceKlass java/io/ClassCache$CacheRef
instanceKlass sun/awt/SoftCache$ValueCell
instanceKlass sun/font/FontDesignMetrics$KeyReference
instanceKlass sun/font/StrikeCache$SoftDisposerRef
instanceKlass java/util/ResourceBundle$BundleReference
instanceKlass sun/util/locale/provider/LocaleResources$ResourceReference
instanceKlass sun/util/resources/Bundles$BundleReference
instanceKlass sun/util/locale/LocaleObjectCache$CacheEntry
instanceKlass java/lang/invoke/LambdaFormEditor$Transform
ciInstanceKlass java/lang/ref/SoftReference 1 1 47 10 7 12 1 1 1 9 7 12 1 1 1 9 12 1 10 12 1 10 12 1 1 1 1 1 1 1 1 1 1 1 1 1 1 1 1 1 1 1 1 100 1 1 1 1 1
instanceKlass sun/java2d/ReentrantContextProvider$HardReference
instanceKlass sun/awt/WeakIdentityHashMap$WeakKey
instanceKlass javax/crypto/JceSecurity$WeakIdentityWrapper
instanceKlass javax/swing/ActionPropertyChangeListener$OwnedWeakReference
instanceKlass sun/awt/image/ImageWatched$AccWeakReference
instanceKlass javax/swing/text/DefaultStyledDocument$AbstractChangeHandler$DocReference
instanceKlass javax/swing/text/GapContent$MarkData
instanceKlass com/sun/jna/CallbackReference
instanceKlass javax/swing/plaf/metal/MetalLookAndFeel$AATextListener
instanceKlass java/util/ResourceBundle$KeyElementReference
instanceKlass java/util/logging/LogManager$LoggerWeakRef
instanceKlass java/util/logging/Level$KnownLevel
instanceKlass com/sun/jmx/mbeanserver/WeakIdentityHashMap$IdentityWeakReference
instanceKlass java/lang/ClassValue$Entry
instanceKlass java/lang/ThreadLocal$ThreadLocalMap$Entry
instanceKlass java/lang/WeakPairMap$WeakRefPeer
instanceKlass jdk/internal/util/WeakReferenceKey
instanceKlass java/util/WeakHashMap$Entry
ciInstanceKlass java/lang/ref/WeakReference 1 1 31 10 7 12 1 1 1 10 12 1 100 1 1 1 1 1 1 1 1 1 1 1 1 1 1 1 1 1 1 1 1
instanceKlass java/lang/ref/Finalizer
ciInstanceKlass java/lang/ref/FinalReference 1 1 50 10 7 12 1 1 1 10 7 12 1 1 1 10 12 1 1 100 1 8 1 10 12 1 1 1 1 1 1 1 1 1 1 1 1 1 1 1 1 1 1 1 1 1 1 1 1 1 100 1
instanceKlass jdk/internal/ref/PhantomCleanable
instanceKlass jdk/internal/ref/Cleaner
ciInstanceKlass java/lang/ref/PhantomReference 1 1 39 10 100 12 1 1 1 10 7 12 1 1 1 1 1 1 1 1 1 1 1 1 1 1 1 1 1 1 1 1 1 1 1 1 1 1 1 1 1
ciInstanceKlass java/lang/ref/Finalizer 1 1 155 9 7 12 1 1 1 10 7 12 1 1 1 9 12 1 1 9 12 1 1 9 12 1 9 12 1 9 12 1 1 10 12 1 100 1 8 1 10 12 1 10 12 1 1 9 12 1 100 1 10 12 1 7 1 11 7 12 1 1 10 12 1 100 1 10 12 1 100 1 10 12 1 10 100 12 1 1 1 10 100 12 1 1 1 100 1 10 10 12 1 7 1 10 12 1 7 1 10 12 1 1 10 12 1 1 10 12 1 10 7 12 1 1 1 7 1 10 7 1 10 10 12 1 1 1 1 1 1 1 1 1 1 1 1 1 1 1 1 1 1 1 1 1 1 1 1 1 1 1 1 1 1 1 1
staticfield java/lang/ref/Finalizer lock Ljava/lang/Object; java/lang/Object
staticfield java/lang/ref/Finalizer ENABLED Z 1
staticfield java/lang/ref/Finalizer $assertionsDisabled Z 1
ciInstanceKlass java/lang/Runnable 1 0 11 100 1 100 1 1 1 1 1 1 1
instanceKlass com/st/microxplorer/plugins/updater/engine/LoadUrlFilesThread
instanceKlass com/st/microxplorer/plugins/updater/engine/LoadServerUpdatesThread
instanceKlass com/st/microxplorer/plugins/updater/engine/LoadLocalFilesThread
instanceKlass com/st/microxplorer/plugins/updater/engine/DeleteFilesThread
instanceKlass com/st/microxplorer/plugins/updater/engine/CheckServerUpdateThread
instanceKlass com/st/microxplorer/plugins/thirdparty/engine/IntegrityCheckThread
instanceKlass com/st/microxplorer/plugins/projectmanager/engine/GenerateProjectThread
instanceKlass com/st/microxplorer/plugins/projectmanager/engine/GenerateProjectThread
instanceKlass sun/awt/image/ImageFetcher
instanceKlass java/awt/EventDispatchThread
instanceKlass java/util/logging/LogManager$Cleaner
instanceKlass org/apache/logging/log4j/core/util/Log4jThread
instanceKlass jdk/internal/misc/InnocuousThread
instanceKlass java/util/concurrent/ForkJoinWorkerThread
instanceKlass java/lang/ref/Finalizer$FinalizerThread
instanceKlass java/lang/ref/Reference$ReferenceHandler
instanceKlass java/lang/BaseVirtualThread
ciInstanceKlass java/lang/Thread 1 1 870 10 7 12 1 1 1 9 12 1 1 10 7 12 1 1 10 12 1 10 100 12 1 1 100 1 8 1 10 12 1 1 9 12 1 9 12 1 1 9 12 1 1 7 1 10 12 1 1 10 12 1 10 7 12 1 1 1 10 12 9 12 1 1 10 12 1 100 1 10 12 1 100 1 8 1 10 9 7 12 1 1 1 10 12 1 1 10 12 1 1 10 12 1 1 10 12 1 10 12 1 1 3 8 1 100 1 5 0 10 7 12 1 1 1 9 12 1 10 12 1 1 10 7 12 1 1 1 10 7 12 1 1 1 10 12 1 1 10 12 1 1 9 12 1 1 10 100 1 8 1 10 7 1 10 12 1 9 12 1 1 10 100 12 1 1 1 10 10 12 1 1 9 100 12 1 1 1 10 12 1 1 10 12 1 1 10 7 12 1 1 10 12 1 10 12 1 10 7 12 1 1 9 12 1 10 7 12 1 1 1 10 12 1 1 9 12 1 1 9 12 1 1 10 7 12 1 1 1 9 12 1 1 10 100 12 1 1 10 100 12 1 1 1 10 12 1 10 12 1 10 7 12 1 1 9 12 1 8 1 9 100 12 1 1 9 12 1 1 5 0 100 1 10 100 1 10 100 1 10 7 1 10 8 1 10 12 1 1 10 7 12 1 10 12 1 10 12 1 100 1 8 1 10 10 12 1 10 12 1 1 10 100 12 1 1 1 10 100 12 1 1 1 10 12 1 7 1 9 12 1 1 100 1 10 10 12 1 9 12 1 1 10 12 1 1 10 12 1 1 10 12 1 10 12 1 9 12 1 1 10 10 12 1 1 10 12 1 1 11 7 12 1 1 10 7 12 1 1 9 12 1 9 12 1 1 9 12 1 1 10 100 12 1 1 10 12 1 1 9 7 12 1 1 1 10 7 12 1 1 10 12 1 10 12 1 100 1 10 10 12 9 12 1 1 10 12 1 11 100 12 1 1 10 12 1 10 12 1 10 12 1 9 12 1 10 10 12 1 10 12 1 1 9 12 1 9 12 10 12 1 8 1 10 12 1 10 12 1 10 12 1 10 12 1 10 12 1 1 10 12 1 10 12 1 1 10 12 1 10 12 1 10 12 1 10 12 1 10 12 1 1 9 7 12 1 1 1 8 1 10 9 12 1 10 12 1 7 1 8 1 10 10 12 1 8 1 10 12 1 1 9 12 10 12 8 1 10 10 12 1 10 12 1 8 1 10 12 1 10 8 1 10 100 12 1 1 10 12 1 1 100 1 8 1 10 9 12 1 9 12 1 1 10 12 1 1 10 10 12 1 10 12 1 100 10 7 12 1 1 1 9 12 1 10 12 1 1 10 12 1 1 10 100 12 1 1 1 11 100 12 1 1 1 9 100 12 1 1 1 10 100 12 1 1 1 100 1 10 12 1 100 1 10 12 1 10 12 1 1 10 12 1 1 8 1 9 12 1 10 12 1 10 12 1 1 11 100 12 1 1 1 10 12 1 1 1 1 3 1 3 1 3 1 3 1 1 1 1 1 1 1 1 1 1 1 1 1 1 1 1 1 1 1 1 1 100 1 1 1 1 1 1 1 1 1 1 1 1 1 1 1 1 1 1 1 1 1 1 100 1 1 1 1 1 1 1 1 1 1 1 1 1 1 1 1 100 1 100 1 1 1 1 1 1 1 1 1 1 1 1 1 1 1 1 1 1 1 1 1 1 1 1 1 1 1 1 1 1 1 1 1 1 1 1 1 1 1 1 1 1 1 1 1 1 1 1 1 1 1 1 1 1 1 1 1 1 1 1 1 1 1 1 1 1 1 1 1 1 1 1 1 1 1 1 100 100 1 1 1 1 1 1 1 1 1 1 1 1 1 1 1 1 1 1 1 1 1 1 1 1 1 1 100 1 100 1 100 1 100 1 100 1 1 100 1 1 1 1 1 1 1 1 1 1 1 1 1 1 1
staticfield java/lang/Thread NEW_THREAD_BINDINGS Ljava/lang/Object; java/lang/Class
staticfield java/lang/Thread EMPTY_STACK_TRACE [Ljava/lang/StackTraceElement; 0 [Ljava/lang/StackTraceElement;
ciInstanceKlass java/lang/Thread$FieldHolder 1 1 48 10 7 12 1 1 1 9 7 12 1 1 1 9 12 1 1 9 12 1 1 9 12 1 1 9 12 1 1 1 1 1 1 1 1 1 1 100 1 100 1 1 1 1 100 1 1 1
ciInstanceKlass java/lang/Thread$Constants 0 0 59 100 1 10 100 12 1 1 1 100 1 10 10 100 12 1 1 1 100 1 8 1 10 12 1 9 100 12 1 1 1 100 1 100 1 10 12 1 10 12 1 9 12 1 1 1 1 1 1 1 1 1 1 1 1 1 1 1 1
ciInstanceKlass java/lang/Thread$UncaughtExceptionHandler 1 0 16 100 1 100 1 1 1 1 1 1 1 1 100 1 1 1
ciInstanceKlass java/lang/ThreadGroup 1 1 411 10 7 12 1 1 1 9 7 12 1 1 1 8 1 9 12 1 1 100 1 9 12 1 1 9 12 1 1 10 7 12 1 1 1 10 12 1 1 10 12 1 10 12 1 10 12 1 10 12 1 1 10 12 1 1 10 12 1 10 12 1 1 10 12 1 10 12 1 10 100 12 1 1 1 10 12 1 1 18 12 1 1 11 100 12 1 1 1 10 7 12 1 1 1 10 100 12 1 10 12 1 1 10 12 1 1 10 12 1 1 10 100 12 1 1 1 10 12 1 11 12 1 1 11 100 12 1 1 11 12 1 1 10 12 1 1 10 12 1 10 12 1 11 12 1 11 12 1 1 100 1 10 10 12 1 100 1 10 18 12 1 1 11 100 12 1 1 1 11 12 1 1 9 12 1 1 10 12 1 1 8 1 10 100 12 1 1 1 10 100 12 1 1 1 10 12 1 1 11 12 10 12 1 1 10 12 1 1 11 100 1 9 12 1 100 1 10 8 1 10 12 1 1 10 12 1 1 8 1 10 12 1 10 100 12 1 1 1 10 12 1 1 10 7 1 8 1 10 8 1 10 12 1 10 12 1 8 1 9 12 1 1 9 12 1 10 100 12 1 1 1 100 9 12 1 1 7 1 9 12 1 10 12 10 12 1 1 100 10 12 9 12 1 10 12 1 100 1 10 11 12 1 1 100 1 10 10 12 1 10 12 1 1 1 1 1 1 1 1 1 1 1 1 1 1 1 1 1 1 3 1 1 1 1 1 1 1 1 1 1 1 1 100 1 1 1 1 1 1 1 1 1 1 1 1 1 1 1 1 1 1 1 1 1 1 1 1 1 1 1 1 1 1 1 1 1 1 1 1 1 1 1 1 1 1 1 16 15 10 12 16 16 15 10 12 16 15 10 100 12 1 1 1 1 1 100 1 100 1 1
staticfield java/lang/ThreadGroup $assertionsDisabled Z 1
instanceKlass java/lang/ThreadBuilders$BoundVirtualThread
instanceKlass java/lang/VirtualThread
ciInstanceKlass java/lang/BaseVirtualThread 0 0 36 10 100 12 1 1 1 100 1 1 1 1 1 1 1 1 1 1 1 1 1 1 1 1 1 1 1 1 100 1 100 1 1 100 1 1
ciInstanceKlass java/lang/VirtualThread 0 0 907 9 100 12 1 1 1 10 100 12 1 1 1 10 100 12 1 1 1 10 100 12 1 1 1 9 12 1 1 9 12 1 1 100 1 10 12 1 9 12 1 1 18 12 1 1 9 12 1 1 10 12 1 1 100 1 10 12 1 10 12 1 1 10 12 1 1 10 12 1 1 10 12 1 10 100 12 1 10 12 1 10 12 1 10 12 1 10 12 1 11 100 12 1 1 1 100 1 10 12 1 1 10 100 12 1 1 1 10 100 12 1 1 1 10 12 1 100 1 10 10 12 1 10 12 1 1 9 12 1 1 10 12 1 1 9 12 1 1 10 12 1 9 12 1 1 9 12 1 100 1 10 10 12 1 10 100 12 1 1 10 9 10 10 12 1 1 10 12 1 1 10 100 12 1 1 10 100 1 10 9 10 10 12 1 100 1 10 12 1 1 10 12 1 10 12 1 10 12 1 1 9 12 1 10 12 1 10 12 1 9 12 1 1 10 12 1 10 12 1 9 12 1 1 10 12 1 10 12 1 10 12 1 11 100 12 1 1 10 12 1 1 10 12 1 1 10 12 1 1 9 12 1 10 100 1 10 12 1 1 10 12 1 1 10 12 1 10 12 1 10 12 1 10 12 9 12 1 1 10 100 12 1 1 10 12 1 10 12 1 1 10 100 12 1 1 10 12 1 100 1 8 1 10 12 1 10 12 1 1 10 12 1 10 12 1 10 100 12 1 1 10 12 1 10 12 1 1 10 12 1 10 12 1 1 10 100 12 1 1 10 12 1 1 10 12 1 1 100 1 10 10 12 1 100 1 9 12 1 1 10 100 12 1 1 10 9 12 1 1 18 9 100 12 1 1 1 11 100 12 1 1 1 11 100 1 11 12 10 12 1 10 12 1 1 10 12 1 100 1 10 10 12 1 10 12 1 1 10 12 1 1 10 12 1 10 12 1 10 12 1 9 12 1 1 11 100 12 1 1 10 12 9 100 12 1 1 1 9 12 1 10 12 1 1 9 12 1 9 12 1 9 12 1 100 1 10 10 12 1 1 10 12 1 10 12 100 1 100 1 10 8 1 10 12 1 1 10 12 1 10 12 1 10 10 12 1 8 1 10 10 12 1 10 12 1 10 100 12 1 1 8 1 8 1 10 9 100 12 1 1 1 10 12 1 1 10 12 1 10 10 10 12 9 12 1 10 12 1 1 9 12 1 10 12 1 1 9 12 1 10 12 1 1 18 12 1 1 18 12 1 10 100 12 1 1 1 8 1 10 100 12 1 1 1 10 100 12 1 1 1 18 12 1 10 100 12 1 1 1 100 1 10 12 1 8 1 10 12 1 8 1 10 12 1 1 8 1 8 1 10 100 12 1 1 8 1 10 12 1 8 1 8 1 10 100 12 1 1 1 10 12 1 10 12 1 1 10 12 1 18 12 1 1 18 12 1 1 5 0 9 12 1 10 12 1 18 12 1 100 1 10 12 10 100 12 1 1 10 12 1 1 100 1 8 1 10 10 12 1 10 12 1 1 10 12 1 9 12 1 8 10 12 1 1 8 8 9 12 1 8 10 12 1 1 3 1 3 1 3 1 3 1 3 1 3 1 3 1 3 1 3 1 3 1 3 1 3 3 1 3 1 1 1 1 1 1 1 1 1 1 1 1 1 1 100 1 1 1 1 1 1 1 1 1 1 1 1 1 1 100 1 1 1 1 1 1 1 1 1 1 1 100 1 1 1 1 1 1 1 1 1 1 1 1 1 1 1 1 1 1 1 1 1 1 1 1 1 1 1 1 1 1 1 1 1 1 1 1 1 1 1 100 1 1 1 1 1 1 1 1 1 1 1 1 1 1 1 1 1 1 1 1 1 1 1 1 1 1 1 1 1 1 1 1 1 1 1 100 1 1 1 1 1 1 1 1 1 1 1 1 1 1 100 1 1 16 15 10 12 15 16 15 10 12 16 15 10 12 16 16 15 10 12 16 15 10 12 16 15 10 12 16 15 10 12 16 1 15 10 100 12 1 1 1 1 1 1 1 100 1 1 100 1 100 1 1
ciInstanceKlass java/lang/ThreadBuilders$BoundVirtualThread 0 0 132 10 100 12 1 1 1 9 100 12 1 1 1 10 100 12 1 1 1 9 12 1 1 10 12 1 1 10 12 1 1 9 12 1 1 10 100 12 1 1 1 10 12 1 1 100 1 8 1 10 12 1 10 12 1 1 10 12 1 1 10 12 1 1 10 100 12 1 1 1 8 1 10 12 1 8 1 10 12 1 1 10 100 12 1 1 9 100 12 1 1 1 10 12 1 1 10 10 12 1 1 1 1 1 1 1 1 1 1 1 1 1 1 1 1 1 1 1 1 1 1 1 1 1 1 1 1 100 1 1 1 1
ciInstanceKlass java/util/Map 1 1 263 11 7 12 1 1 1 11 12 1 1 10 7 12 1 1 11 12 1 1 11 7 12 1 1 1 11 100 12 1 1 1 11 12 1 1 7 1 11 12 1 11 12 1 100 1 100 1 10 12 1 1 11 100 12 1 1 1 11 100 12 1 1 1 11 12 1 11 12 1 10 12 1 1 11 12 1 11 7 12 1 9 7 12 1 1 1 7 1 10 12 7 1 7 1 10 12 1 7 1 10 7 1 11 12 1 11 12 1 1 11 12 1 1 7 1 11 12 1 1 1 1 1 1 1 1 1 1 1 1 1 1 1 1 1 1 1 1 1 1 1 1 1 1 1 1 1 1 1 1 1 1 1 1 1 1 1 1 1 1 1 1 1 1 1 1 1 1 1 1 1 1 1 1 1 1 1 1 1 1 1 1 1 1 1 1 1 1 1 1 1 1 1 1 1 1 1 1 1 1 1 1 1 1 1 1 1 1 1 1 1 1 1 1 1 1 1 1 1 1 1 1 1 1 1 1 1 1 1 1 1 1 1 1 1 1 1 1 1 1 1 1 1 1 100 1 1 1 1 1 1 1 1 1 1 1 1 1 1 1 1 1 1
instanceKlass java/util/Hashtable
ciInstanceKlass java/util/Dictionary 1 1 36 10 7 12 1 1 1 100 1 1 1 1 1 1 1 1 1 1 1 1 1 1 1 1 1 1 1 1 1 1 1 1 1 1 1 1
instanceKlass javax/swing/JSlider$1SmartHashtable
instanceKlass javax/swing/UIDefaults
instanceKlass java/util/Properties
ciInstanceKlass java/util/Hashtable 1 1 516 100 1 10 7 12 1 1 1 9 7 12 1 1 1 100 1 100 1 10 8 1 10 12 1 1 10 12 1 10 12 1 1 10 12 1 10 7 12 1 1 1 8 1 10 12 1 9 12 1 1 7 1 9 12 1 1 4 10 7 12 1 1 1 9 12 1 4 10 12 1 11 100 12 1 1 1 10 12 1 1 10 12 1 1 9 12 1 10 12 1 1 100 1 10 9 12 1 1 10 7 12 1 1 1 9 12 1 1 10 12 1 10 12 1 3 9 12 1 9 12 1 3 10 12 1 10 12 1 10 12 1 1 11 12 1 1 11 100 12 1 1 1 11 100 12 1 1 1 11 12 1 100 1 11 12 1 11 12 1 10 12 1 1 10 12 1 1 10 12 1 9 12 1 1 9 12 9 12 1 1 10 100 1 100 1 10 12 1 10 8 1 10 10 12 1 8 1 10 8 1 10 7 12 1 1 1 7 1 10 12 1 10 12 1 100 1 10 12 1 10 12 1 1 7 1 10 100 1 10 10 12 1 1 11 12 1 1 11 12 1 100 1 10 10 10 100 12 1 1 11 100 12 1 1 1 100 1 10 11 100 12 1 1 11 100 12 1 10 12 1 10 12 1 1 10 100 12 1 1 10 12 1 1 10 12 1 1 10 12 1 1 10 100 12 1 1 1 8 10 100 12 1 1 100 1 8 1 10 4 4 10 12 1 1 10 12 1 8 1 4 10 12 10 100 12 1 1 1 100 1 11 100 12 1 1 1 10 100 12 1 1 1 10 12 1 10 12 1 1 10 100 1 100 1 1 1 1 1 1 5 0 1 1 1 1 1 3 1 3 1 3 1 1 1 1 1 1 1 1 1 1 1 1 1 1 1 1 1 1 1 1 1 1 1 1 1 100 1 1 1 1 1 1 1 1 1 1 1 1 1 1 1 1 1 1 1 1 1 1 1 1 1 1 1 1 1 100 1 1 1 1 1 1 1 1 1 1 1 1 1 1 100 1 1 1 1 1 1 1 1 1 1 1 1 1 1 1 1 1 1 1 1 1 1 1 1 1 1 1 1 1 1 1 1 1 1 1 1 1 1 1 1 1 1 1 1 100 1 1 1 100 1 1 1 1 1 100 1 1 1 1 1 1 1 1 1 1 1 1 1 1 1 1 1 1
instanceKlass com/st/components/util/SortedProperties
instanceKlass com/st/microxplorer/mcufinder/gui/ApiFinderProperties
instanceKlass java/security/Provider
ciInstanceKlass java/util/Properties 1 1 690 10 7 12 1 1 1 100 1 10 7 12 1 1 7 1 10 12 1 9 12 1 1 9 12 1 1 9 12 1 1 10 7 12 1 1 1 10 12 1 1 8 1 10 7 12 1 1 1 7 1 10 12 1 10 12 1 1 8 1 10 12 1 7 1 10 12 10 12 1 1 9 12 1 1 10 12 1 1 7 1 10 12 1 10 12 1 10 12 1 1 100 1 8 1 10 12 1 10 12 1 10 12 1 1 10 12 1 100 1 3 10 10 100 12 1 1 1 10 12 1 10 12 1 1 8 1 10 12 1 10 12 1 1 8 1 10 100 12 1 1 10 12 1 1 10 12 1 10 12 1 1 100 1 10 12 1 10 12 1 1 100 1 9 100 12 1 1 1 10 12 1 10 12 1 1 10 12 1 1 10 12 1 1 100 1 9 12 1 1 7 1 100 1 10 12 1 100 1 11 7 12 1 1 1 11 12 1 1 11 100 12 1 1 1 11 7 12 1 1 1 11 12 1 1 11 12 1 11 12 1 10 12 1 1 8 1 10 12 1 10 100 12 1 1 10 12 1 100 1 10 10 12 1 10 12 1 100 1 10 10 12 1 1 10 100 12 1 1 9 100 12 1 1 10 12 1 1 10 100 12 1 1 1 100 1 100 1 100 1 10 8 1 8 1 10 12 1 10 12 1 10 12 1 1 10 10 12 1 1 10 12 1 1 7 1 10 10 12 1 11 7 12 1 1 10 7 12 1 1 1 8 1 10 100 12 1 1 11 11 7 1 8 1 10 100 1 11 10 12 1 10 10 12 1 10 12 1 1 10 12 1 1 10 12 1 1 10 12 1 10 12 1 10 10 12 1 10 12 1 10 12 1 10 10 12 1 1 10 12 1 1 10 10 12 1 10 12 1 10 12 1 10 12 1 10 12 1 1 10 12 1 1 10 12 1 10 12 1 10 12 1 1 10 12 10 12 1 1 10 12 1 1 10 12 1 10 12 1 1 10 12 1 1 10 12 10 11 12 1 4 11 10 12 1 1 10 100 12 1 1 11 12 1 10 12 1 1 10 100 12 1 1 10 12 1 100 1 8 1 10 12 1 10 10 100 12 1 1 1 100 1 6 0 10 12 1 1 11 100 12 1 1 1 10 12 1 10 12 1 1 1 1 1 5 0 1 1 1 1 1 1 1 1 1 1 1 1 1 1 1 1 1 1 1 1 1 1 1 1 1 1 1 1 1 1 1 1 1 1 1 1 1 1 1 100 1 1 1 1 1 1 1 1 1 1 1 1 1 1 1 1 1 1 1 1 100 1 1 1 1 1 1 1 1 1 1 1 1 100 1 100 1 1 1 1 1 100 1 1 1 1 1 1 1 1 1 1 1 1 1 1 1 1 1 1 1 1 1 1 1 1 1 1 1 1 1 1 1 1 1 1 1 1 1 1 1 1 1 1 1 1 1 1 1 1 1 1 1 1 1 1 1 1 1 1 1 1 1 1 1 1 1 1 1 1 1 1 1 1 1 1 1 1 1 100 1 1 1 1 1 1 1 1 1 1 1 100 1 1
staticfield java/util/Properties UNSAFE Ljdk/internal/misc/Unsafe; jdk/internal/misc/Unsafe
ciInstanceKlass java/lang/Module 1 1 1070 10 7 12 1 1 1 9 7 12 1 1 1 10 7 12 1 1 1 9 12 1 9 12 1 1 9 12 1 1 10 12 1 1 10 12 1 10 12 1 1 10 7 12 1 1 1 7 1 10 7 12 1 1 1 10 12 1 1 11 7 12 1 1 1 10 12 1 1 10 7 12 1 1 1 10 12 1 1 10 7 12 1 1 1 9 100 12 1 1 1 10 100 12 1 1 1 10 12 1 8 1 10 7 12 1 1 1 10 7 12 1 1 1 10 7 12 1 1 1 10 12 1 10 12 1 9 12 1 1 10 100 12 1 1 100 1 7 1 10 8 1 10 12 1 1 10 12 1 10 12 10 12 1 10 7 12 1 1 8 1 8 1 10 8 1 8 1 9 12 1 1 8 1 10 100 12 1 1 1 10 12 1 9 12 1 1 11 12 1 9 7 12 1 1 10 7 12 1 1 1 10 7 12 1 1 1 10 12 1 1 8 1 10 12 1 1 10 12 1 10 12 1 1 9 7 12 1 1 1 10 12 1 1 10 12 1 1 9 12 1 10 12 1 10 12 1 9 12 1 1 11 7 12 1 1 10 12 1 1 9 12 1 9 12 1 10 12 1 10 12 1 100 1 8 1 10 10 12 1 1 10 12 1 8 1 10 12 1 1 8 1 8 1 10 12 1 1 10 12 1 10 12 1 1 18 12 1 1 10 12 1 1 11 12 1 9 12 1 11 12 10 100 12 1 1 100 1 8 1 10 11 12 1 1 10 7 12 1 1 1 10 12 1 10 12 1 1 11 12 1 1 11 7 12 1 1 11 12 1 1 9 12 1 11 12 1 10 12 1 1 10 12 1 1 9 12 1 10 12 10 7 12 1 1 10 7 1 18 12 1 1 11 100 12 1 1 1 18 12 1 11 12 1 1 10 100 12 1 1 1 11 12 1 1 10 7 12 1 1 7 1 11 12 1 7 1 7 1 10 12 1 10 7 12 1 1 1 10 11 7 12 1 8 1 10 10 12 1 1 10 7 12 1 1 10 12 1 10 12 1 7 1 10 12 1 10 11 12 1 1 10 12 10 12 1 1 9 12 1 1 100 1 10 10 12 1 1 11 7 1 10 12 1 1 11 12 1 10 10 12 1 11 10 12 1 1 10 12 1 1 10 12 1 1 10 7 12 1 1 10 12 1 10 12 1 1 10 10 12 1 1 10 12 1 18 12 1 11 12 1 18 12 1 10 12 1 10 12 1 10 12 7 1 10 12 1 10 12 1 10 12 1 9 12 1 7 1 10 10 10 10 12 1 10 12 1 10 12 1 10 12 1 1 10 12 1 1 10 12 1 9 12 1 18 12 1 1 10 100 12 1 1 1 100 1 8 1 10 12 1 1 10 12 1 1 10 100 12 1 1 100 1 10 12 1 1 100 1 8 1 10 12 1 1 100 1 11 12 1 1 10 100 12 1 1 1 18 12 1 1 11 100 12 1 1 1 100 1 10 12 1 10 12 1 1 100 1 100 1 10 12 8 1 10 12 1 1 10 12 1 1 10 7 12 1 1 10 12 1 1 10 12 1 10 12 10 12 1 1 100 1 10 10 12 1 1 10 100 12 1 1 1 100 1 10 12 1 1 10 7 12 1 1 8 1 18 12 1 1 100 1 100 1 9 12 1 1 9 12 1 9 12 1 11 100 12 1 1 1 100 1 11 12 1 1 100 1 10 12 1 8 1 10 12 1 10 12 10 12 1 8 1 10 10 100 12 1 1 7 1 10 10 12 1 10 7 12 1 1 9 12 1 9 12 1 9 12 1 9 12 1 10 12 11 12 1 10 12 1 100 1 1 1 1 1 1 1 1 1 1 1 1 1 1 1 1 1 1 1 100 1 1 1 1 1 1 1 1 1 1 1 1 1 1 1 1 1 1 1 1 1 1 1 1 1 1 1 1 1 1 1 1 1 1 1 1 1 1 1 1 1 1 1 1 1 1 1 1 1 1 1 1 1 1 1 1 1 1 1 1 1 1 1 1 1 1 1 1 1 1 1 1 1 1 1 1 1 1 1 1 1 1 1 1 1 1 1 1 1 1 1 1 1 1 1 100 100 1 1 1 1 1 1 1 1 1 1 1 1 1 1 1 1 1 1 1 1 1 1 1 1 1 1 1 100 1 100 1 1 1 1 1 1 1 1 1 1 1 1 1 1 1 1 1 1 1 1 100 1 1 1 1 1 1 1 1 1 1 1 1 1 1 1 1 1 1 1 1 1 1 1 16 15 10 12 16 16 15 10 12 16 16 15 10 16 1 15 10 12 16 1 15 10 12 16 1 16 15 10 12 16 16 1 15 10 12 16 15 10 7 12 1 1 1 15 10 100 12 1 1 1 1 1 1 1 1 1 1 1 100 1 100 1 1 100 1 100 1 1
staticfield java/lang/Module ALL_UNNAMED_MODULE Ljava/lang/Module; java/lang/Module
staticfield java/lang/Module ALL_UNNAMED_MODULE_SET Ljava/util/Set; java/util/ImmutableCollections$Set12
staticfield java/lang/Module EVERYONE_MODULE Ljava/lang/Module; java/lang/Module
staticfield java/lang/Module EVERYONE_SET Ljava/util/Set; java/util/ImmutableCollections$Set12
staticfield java/lang/Module $assertionsDisabled Z 1
instanceKlass java/lang/reflect/Executable
instanceKlass java/lang/reflect/Field
ciInstanceKlass java/lang/reflect/AccessibleObject 1 1 400 10 7 12 1 1 1 9 100 12 1 1 1 10 100 12 1 1 1 10 7 12 1 1 10 7 12 1 1 1 10 7 12 1 1 1 10 12 1 1 10 12 1 1 9 12 1 1 7 1 10 7 12 1 1 1 11 12 1 100 1 10 12 1 7 1 100 1 10 12 1 10 12 1 1 10 12 1 1 10 12 1 1 10 12 1 1 7 1 10 7 12 1 1 1 10 12 1 1 11 10 7 12 1 1 1 10 12 1 1 10 12 1 10 12 1 10 12 1 1 10 12 1 8 1 7 1 7 1 10 10 12 1 1 8 1 10 12 1 10 12 1 8 1 8 1 8 1 8 1 8 1 8 1 8 1 8 1 8 1 7 1 10 12 1 10 12 1 9 12 1 1 10 12 1 1 10 12 1 10 100 1 100 1 8 1 10 8 1 10 12 1 8 1 10 12 1 10 12 1 1 10 100 1 8 1 10 11 7 12 1 1 1 10 12 1 1 10 12 1 1 10 12 1 1 9 12 1 1 100 1 10 12 1 7 1 10 12 1 10 12 1 1 10 100 1 10 12 1 10 12 10 12 1 10 12 1 10 12 1 1 10 12 1 9 12 1 10 7 12 1 1 8 1 10 7 12 1 1 1 8 1 10 100 12 1 1 1 9 12 1 100 1 10 7 1 10 10 7 12 1 1 1 7 1 10 10 7 12 1 1 1 7 1 9 12 1 1 1 1 1 1 1 1 1 1 1 1 1 1 1 1 1 1 1 1 1 1 1 1 1 1 1 1 1 1 1 1 1 1 1 1 1 1 1 1 1 1 1 1 1 1 1 1 1 1 1 1 1 1 1 1 1 1 1 1 1 1 1 1 1 1 1 1 1 1 1 1 1 1 1 1 1 1 1 1 1 1 1 1
staticfield java/lang/reflect/AccessibleObject reflectionFactory Ljdk/internal/reflect/ReflectionFactory; jdk/internal/reflect/ReflectionFactory
ciInstanceKlass java/lang/reflect/Member 1 1 37 100 1 10 12 1 1 100 1 100 1 1 1 1 3 1 3 1 1 1 1 1 1 1 1 1 1 1 1 1 1 1 1 1 1 1 1
ciInstanceKlass java/lang/reflect/Field 1 1 457 9 7 12 1 1 1 10 12 1 1 10 7 12 1 1 1 10 7 12 1 1 9 12 1 1 10 12 1 1 10 12 1 1 10 7 12 1 1 10 7 12 1 1 1 9 12 1 1 9 12 1 9 12 1 9 12 1 1 9 12 1 1 9 12 1 9 12 1 1 9 12 1 1 100 1 8 1 10 12 1 10 12 1 9 12 1 1 9 12 1 10 12 1 10 7 12 1 1 10 12 1 1 10 12 1 1 10 12 1 10 12 1 1 9 100 12 1 1 1 10 100 12 1 1 1 7 1 10 12 1 1 10 12 1 1 10 12 1 1 10 12 1 10 12 1 10 7 1 10 7 12 1 1 100 1 10 8 1 10 12 1 1 10 12 1 1 8 1 10 12 10 12 1 8 1 8 1 10 11 100 1 9 12 1 10 12 1 1 10 12 1 1 11 7 12 1 1 1 10 12 1 11 12 1 1 11 12 1 1 11 12 1 1 11 12 1 1 11 12 1 1 11 12 1 1 11 12 1 1 11 12 1 1 11 12 1 1 11 12 1 1 11 12 1 1 11 12 1 1 11 12 1 1 11 12 1 1 11 12 1 1 11 12 1 1 11 12 1 1 10 12 1 10 7 12 1 1 10 12 1 10 12 1 10 12 1 9 12 1 1 10 7 12 1 1 1 10 12 1 1 10 12 1 10 7 12 1 1 10 12 1 1 11 7 1 10 12 1 7 1 10 100 12 1 1 1 10 7 12 1 1 1 9 12 1 10 7 12 1 1 1 11 7 12 1 1 1 10 12 1 1 10 12 1 1 9 100 12 1 1 10 100 12 1 1 1 10 12 1 1 100 1 1 1 1 1 1 1 1 1 1 1 1 1 1 1 1 1 1 1 1 1 1 1 1 1 1 1 1 1 1 1 1 1 1 1 1 1 1 1 100 1 1 1 1 1 1 1 1 1 1 1 1 1 1 1 1 1 1 1 1 1 1 1 1 1 1 1 1 1 1 1 1 100 1 1 1 1 1 1 1 1 1 100 1 1
ciInstanceKlass java/lang/reflect/Parameter 0 0 243 10 100 12 1 1 1 9 100 12 1 1 1 9 12 1 1 9 12 1 1 9 12 1 10 12 1 1 10 12 1 1 10 100 12 1 1 1 100 1 10 10 12 1 1 11 100 12 1 1 1 10 12 1 10 100 12 1 1 1 10 12 1 1 10 12 1 10 12 1 8 1 8 1 10 100 12 1 1 1 10 12 1 10 12 9 100 12 1 1 1 10 100 12 1 1 1 10 12 1 8 1 10 12 1 9 12 1 1 10 12 1 1 9 12 1 1 10 12 1 1 10 12 1 1 10 12 1 1 10 12 1 10 10 12 1 10 100 12 1 1 1 10 12 1 1 11 100 12 1 1 10 100 12 1 1 100 1 10 100 12 1 1 1 10 12 1 1 10 12 1 1 10 12 1 1 10 12 1 1 9 12 1 100 1 10 11 12 1 1 11 12 1 1 100 1 1 1 1 1 1 1 1 1 1 1 1 1 1 1 1 1 1 1 1 1 1 1 1 1 1 1 1 1 1 1 1 1 1 1 1 1 1 1 1 1 100 1 1 1 1 1 1
instanceKlass java/lang/reflect/Constructor
instanceKlass java/lang/reflect/Method
ciInstanceKlass java/lang/reflect/Executable 1 1 581 10 7 12 1 1 1 10 7 12 1 1 1 10 7 12 1 1 1 11 7 12 1 1 1 10 7 12 1 1 1 10 12 1 1 10 7 12 1 1 1 10 7 12 1 1 1 10 12 1 8 1 10 10 12 1 1 10 12 1 1 10 7 12 1 1 1 18 12 1 1 11 7 12 1 1 1 8 1 8 1 8 1 10 7 12 1 1 1 11 12 1 1 7 1 8 1 8 1 10 12 1 100 1 8 1 10 12 1 8 1 11 100 12 1 1 1 100 1 11 7 12 1 1 1 11 12 1 8 1 18 8 1 10 12 1 10 12 1 1 18 8 1 10 12 1 100 1 10 12 1 10 12 1 11 12 1 10 12 1 1 8 1 8 1 10 12 1 1 10 12 1 1 10 10 12 1 9 100 12 1 1 1 10 100 12 1 1 1 10 12 1 10 12 1 1 10 7 12 1 1 10 12 1 10 12 1 10 12 1 10 7 12 1 1 100 1 10 100 12 1 1 1 10 12 1 1 10 100 12 1 1 10 12 1 10 12 1 1 9 100 12 1 1 1 10 100 10 12 1 8 1 10 12 1 10 12 1 3 100 1 8 1 10 12 1 10 12 1 10 10 12 1 10 12 1 1 8 1 8 1 8 1 9 12 1 1 9 12 1 10 12 1 100 1 8 1 10 12 1 10 12 1 10 12 1 1 10 12 1 1 10 12 1 10 12 10 12 1 7 1 10 12 1 10 12 1 1 100 1 10 100 12 1 1 1 7 1 10 7 12 1 1 1 10 12 1 1 11 7 12 1 1 10 12 1 10 100 12 1 1 1 10 12 1 1 9 12 1 10 12 1 1 10 12 1 10 12 1 1 9 100 12 1 1 1 10 100 12 1 1 1 10 12 1 10 12 1 1 9 12 1 10 10 10 10 100 12 1 1 1 10 12 1 9 12 1 10 12 1 1 9 12 1 100 1 100 1 1 1 1 1 1 1 1 1 1 1 1 1 1 1 1 1 1 1 1 1 1 1 1 1 1 1 1 1 1 1 1 1 1 1 1 100 1 1 1 1 1 1 1 1 1 1 1 1 1 1 1 1 1 1 1 100 1 1 1 1 1 1 1 1 1 1 1 1 1 1 1 1 1 1 1 1 1 1 1 1 1 1 1 1 1 1 1 1 1 1 1 1 1 1 1 1 1 1 1 100 1 1 1 1 1 1 1 1 1 1 1 1 1 1 1 1 1 1 1 1 1 1 100 1 1 16 15 16 1 16 1 15 10 12 16 15 10 7 12 1 1 1 1 1 1 100 1 1 100 1 100 1 1
ciInstanceKlass java/lang/reflect/Method 1 1 472 9 7 12 1 1 1 10 7 12 1 1 1 10 7 12 1 1 9 12 1 1 10 12 1 1 10 12 1 1 10 7 12 1 1 10 7 12 1 1 1 9 12 1 1 9 12 1 9 12 1 1 9 12 1 9 12 1 9 12 1 1 9 12 1 9 12 1 1 9 12 1 9 12 1 9 12 1 1 100 1 8 1 10 12 1 10 12 1 9 12 1 1 8 1 10 7 12 1 1 10 7 12 1 1 1 10 12 1 1 10 12 1 1 10 12 1 10 12 1 1 10 12 1 1 9 100 12 1 1 1 10 12 1 1 10 12 10 7 12 1 1 10 12 1 1 10 12 1 10 12 1 10 12 1 10 7 12 1 1 1 10 12 1 1 10 7 1 10 7 12 1 1 1 10 7 12 1 1 10 12 1 1 10 12 1 1 10 12 1 10 7 12 1 1 1 10 12 1 10 8 1 10 12 1 10 12 1 7 1 8 1 8 1 8 1 10 12 1 10 12 1 1 10 12 1 1 10 10 12 1 1 10 12 1 11 100 1 10 12 1 9 12 1 1 10 12 1 1 10 12 1 10 12 1 1 10 12 1 1 11 7 12 1 1 1 11 12 1 9 12 1 1 10 12 1 10 12 1 10 12 1 10 12 1 10 12 1 10 12 1 9 12 1 1 10 7 12 1 1 1 10 7 12 1 1 10 12 1 1 10 7 12 1 1 1 10 7 12 1 1 1 10 7 12 1 1 1 11 7 12 1 1 1 10 7 12 1 1 1 7 1 100 1 100 1 10 12 1 10 12 1 1 10 12 1 100 1 8 1 10 12 1 10 10 12 1 1 10 12 1 1 10 12 1 1 10 12 1 1 8 1 10 12 1 1 1 1 1 1 1 1 1 1 1 1 1 1 1 1 1 1 1 1 1 1 1 1 1 1 1 1 1 1 1 1 1 1 1 1 1 1 1 1 1 1 1 1 1 1 1 1 1 1 1 1 1 100 1 7 1 7 1 1 1 1 1 1 1 1 1 1 1 1 1 1 1 1 1 1 1 1 1 1 1 1 1 1 1 1 1 1
ciInstanceKlass java/lang/reflect/Constructor 1 1 439 10 7 12 1 1 1 10 7 12 1 1 9 7 12 1 1 1 10 12 1 1 10 12 1 1 10 7 12 1 1 9 12 1 1 10 7 12 1 1 1 9 12 1 1 9 12 1 1 9 12 1 9 12 1 1 9 12 1 9 12 1 1 9 12 1 1 9 12 1 100 1 8 1 10 12 1 10 12 1 9 12 1 1 10 7 12 1 1 10 7 12 1 1 1 10 12 1 1 10 12 1 1 10 12 1 7 1 100 1 8 1 10 10 12 1 10 12 1 10 12 1 1 10 12 1 1 9 100 12 1 1 1 10 7 12 1 1 10 12 1 1 10 12 1 10 12 1 1 10 100 12 1 1 1 10 100 12 1 1 10 12 1 1 10 12 1 10 100 12 1 1 1 8 1 10 10 12 1 100 1 8 1 10 12 1 10 12 1 1 10 12 1 1 10 12 1 10 12 1 10 12 1 1 10 12 1 1 9 12 1 1 10 12 1 1 10 12 1 1 10 12 1 1 11 7 12 1 1 1 10 12 1 1 10 12 1 10 12 1 10 12 1 8 1 9 12 1 1 10 7 12 1 1 1 10 7 12 1 1 10 12 1 1 10 12 1 1 10 12 1 1 10 12 1 1 10 12 1 9 100 12 1 1 10 12 1 10 12 1 10 12 1 100 1 8 1 10 10 12 1 1 10 12 1 10 10 12 1 1 10 12 1 1 10 100 12 1 1 1 11 100 12 1 1 1 10 12 1 1 9 100 12 1 1 1 10 100 12 1 1 1 10 12 1 1 1 1 1 1 1 1 1 1 1 1 1 1 1 1 1 1 1 1 1 1 1 1 1 1 1 1 1 1 1 1 1 1 1 1 1 1 1 1 1 1 1 1 1 1 1 1 1 1 1 1 100 1 100 1 100 1 100 1 1 1 1 1 1 1 1 1 1 1 1 1 1 1 1 1 1 1 1 1 1 1 1 1 1 1 1 1 1 1 1 1 100 1 1
ciInstanceKlass jdk/internal/vm/ContinuationScope 0 0 50 10 100 12 1 1 1 10 100 12 1 1 1 100 1 9 100 12 1 1 1 10 12 1 1 10 100 12 1 1 1 10 12 1 1 10 12 1 1 1 1 1 1 1 1 1 1 1 1 1
ciInstanceKlass jdk/internal/vm/Continuation 0 0 549 9 100 12 1 1 1 9 12 1 9 12 1 100 1 100 1 10 12 1 1 8 1 10 12 1 1 10 12 1 10 12 1 1 10 12 1 9 100 12 1 1 1 11 100 12 1 1 1 10 100 1 9 12 1 1 9 12 1 1 10 8 1 10 12 1 9 12 1 1 10 11 12 1 1 100 1 10 100 12 1 1 1 10 12 1 1 10 12 1 10 12 1 1 11 12 1 1 9 12 1 1 10 12 1 1 18 12 1 1 10 100 12 1 1 1 100 1 10 12 1 11 100 12 1 1 1 10 12 1 9 12 1 10 12 1 1 100 1 8 1 10 12 1 10 12 1 1 9 12 1 1 11 12 1 1 9 12 1 1 8 1 10 11 12 1 1 11 12 1 1 10 12 1 1 10 12 1 1 9 12 1 10 12 1 10 10 12 1 8 1 10 12 1 8 1 8 1 10 100 12 1 1 1 10 100 12 1 1 1 10 12 1 9 12 1 11 12 1 100 1 10 12 1 10 12 1 1 9 12 1 1 100 1 10 12 1 1 9 12 1 1 10 12 1 10 12 1 11 100 12 1 1 10 100 1 10 12 1 8 1 9 12 1 10 12 1 1 9 12 1 1 10 100 12 1 1 8 1 8 1 8 1 8 1 10 12 1 1 10 12 1 10 12 1 10 12 1 10 12 1 1 10 12 1 1 8 1 10 12 1 1 9 12 1 1 10 12 1 1 9 12 1 8 1 10 100 12 1 1 1 10 12 1 8 1 100 1 8 1 10 9 12 1 1 8 1 10 100 12 1 1 10 100 12 1 1 8 1 8 1 10 12 10 100 12 1 1 1 10 100 1 10 100 12 1 1 1 18 11 100 12 1 1 1 18 12 1 11 12 1 1 100 1 10 100 12 1 1 10 12 1 1 8 10 12 1 1 10 100 12 1 1 1 10 100 12 1 1 10 12 1 8 1 10 12 1 100 1 100 1 10 12 1 1 1 1 1 1 1 1 1 1 1 1 1 1 1 1 1 1 1 1 1 1 1 1 1 1 1 1 1 1 1 1 1 1 1 1 1 1 1 1 1 1 1 1 1 1 1 1 1 1 1 1 1 1 1 1 1 1 1 1 1 1 1 1 1 1 1 1 1 1 1 1 1 1 1 100 1 1 16 1 15 10 12 16 15 11 100 12 1 1 1 16 1 16 1 15 10 12 16 15 10 100 12 1 1 1 1 1 1 1 1 100 1 100 1 1
ciInstanceKlass jdk/internal/vm/StackChunk 0 0 32 10 100 12 1 1 1 9 100 12 1 1 1 9 12 1 1 9 12 1 1 1 1 1 1 1 1 1 1 1 1 1
instanceKlass jdk/internal/reflect/FieldAccessorImpl
instanceKlass jdk/internal/reflect/ConstructorAccessorImpl
instanceKlass jdk/internal/reflect/MethodAccessorImpl
ciInstanceKlass jdk/internal/reflect/MagicAccessorImpl 1 1 16 10 7 12 1 1 1 100 1 1 1 1 1 1 1 1
ciInstanceKlass jdk/internal/reflect/MethodAccessor 1 0 17 100 1 100 1 1 1 1 100 1 100 1 1 1 1 1 1
instanceKlass jdk/internal/reflect/DirectMethodHandleAccessor
ciInstanceKlass jdk/internal/reflect/MethodAccessorImpl 1 1 38 10 7 12 1 1 1 10 100 12 1 1 1 100 1 1 1 1 1 1 1 100 1 100 1 1 1 1 1 1 1 1 1 1 1 1 1 1
ciInstanceKlass jdk/internal/reflect/ConstructorAccessor 1 0 16 100 1 100 1 1 1 1 100 1 100 1 100 1 1 1
instanceKlass jdk/internal/reflect/SerializationConstructorAccessorImpl
instanceKlass jdk/internal/reflect/DirectConstructorHandleAccessor$NativeAccessor
instanceKlass jdk/internal/reflect/DirectConstructorHandleAccessor
instanceKlass jdk/internal/reflect/NativeConstructorAccessorImpl
ciInstanceKlass jdk/internal/reflect/ConstructorAccessorImpl 1 1 27 10 7 12 1 1 1 100 1 100 1 1 1 1 1 1 1 1 1 100 1 100 1 100 1 1 1
ciInstanceKlass jdk/internal/reflect/DelegatingClassLoader 1 1 18 10 7 12 1 1 1 100 1 1 1 1 1 1 1 1 1 1
ciInstanceKlass jdk/internal/reflect/ConstantPool 1 1 142 10 100 12 1 1 1 9 7 12 1 1 1 10 12 1 1 10 12 1 1 10 12 1 10 12 1 1 10 12 1 1 10 12 1 10 12 1 1 10 12 1 10 12 1 1 10 12 1 10 12 1 10 12 1 10 12 1 1 10 12 1 1 10 12 1 1 10 12 1 1 10 12 1 10 12 1 1 10 100 12 1 1 1 8 11 7 12 1 1 1 10 7 12 1 1 1 1 1 1 1 1 1 1 1 1 1 1 1 1 1 1 1 1 1 1 1 1 1 1 1 1 1 1 1 1 1 1 1 1 1 1 1 1 1 1 1 1 1 1 1 1
ciInstanceKlass jdk/internal/reflect/FieldAccessor 1 0 48 100 1 100 1 1 1 1 100 1 1 1 1 1 1 1 1 1 1 1 1 1 1 1 1 1 1 1 100 1 1 1 1 1 1 1 1 1 1 1 1 1 1 1 1 1 1 1
instanceKlass jdk/internal/reflect/MethodHandleFieldAccessorImpl
instanceKlass jdk/internal/reflect/UnsafeFieldAccessorImpl
ciInstanceKlass jdk/internal/reflect/FieldAccessorImpl 1 1 269 10 7 12 1 1 1 9 7 12 1 1 1 10 100 12 1 1 1 10 100 12 1 1 10 100 12 1 1 1 10 12 1 1 100 1 10 10 12 1 1 10 12 1 1 8 1 10 10 12 1 100 1 8 1 10 12 1 8 1 10 12 1 8 1 10 12 1 100 1 10 12 1 1 10 8 1 10 12 1 1 8 1 10 100 12 1 1 8 1 10 100 12 1 1 8 1 10 100 12 1 1 8 1 10 100 12 1 1 8 1 10 100 12 1 1 8 1 10 100 12 1 1 8 1 10 100 12 1 1 8 1 10 100 12 1 1 10 12 1 1 8 1 10 12 1 1 10 100 12 1 1 1 8 1 10 12 1 8 1 8 1 8 1 8 1 10 100 12 1 1 1 8 1 8 1 8 1 10 12 100 1 1 1 1 1 1 1 1 1 1 1 1 1 1 1 1 1 1 1 1 1 1 1 1 1 1 1 1 1 1 1 1 1 1 1 1 1 1 1 1 1 1 1 1 1 1 1 1 1 1 1 1 1 1 1 1 1 1 1 1 1 1 1 1 1 1 1 1 1 1 1 1 1 1 1 1 1 1 1 1 1 1 1 1 1 1 1 1
instanceKlass jdk/internal/reflect/UnsafeStaticFieldAccessorImpl
ciInstanceKlass jdk/internal/reflect/UnsafeFieldAccessorImpl 0 0 62 10 100 12 1 1 1 10 100 12 1 1 1 10 100 12 1 1 1 9 100 12 1 1 10 12 1 9 12 1 1 10 100 12 1 1 1 9 12 1 1 10 12 1 10 12 1 1 1 1 1 1 1 1 1 1 1 1 1 1 1 1
ciInstanceKlass jdk/internal/reflect/UnsafeStaticFieldAccessorImpl 0 0 47 10 100 12 1 1 1 9 100 12 1 1 1 10 100 12 1 1 1 9 12 1 1 8 11 100 12 1 1 1 10 100 12 1 1 1 1 1 1 1 1 1 1 1 1 1 1
ciInstanceKlass java/lang/annotation/Annotation 1 0 17 100 1 100 1 1 1 1 1 1 1 1 1 1 1 1 1
ciInstanceKlass jdk/internal/reflect/CallerSensitive 1 0 17 100 1 100 1 100 1 1 1 1 1 1 1 1 1 1 1
ciInstanceKlass jdk/internal/reflect/NativeConstructorAccessorImpl 0 0 125 10 100 12 1 1 1 9 100 12 1 1 1 100 1 10 12 1 9 12 1 1 9 12 1 1 10 100 12 1 1 1 10 100 12 1 1 1 10 100 12 1 1 1 9 12 1 9 12 1 1 9 12 1 1 10 100 12 1 1 1 100 1 10 10 12 1 1 10 12 1 10 12 1 1 10 12 1 100 1 10 12 1 1 10 12 1 1 8 10 12 1 1 1 1 1 1 1 1 1 1 1 1 1 1 1 1 1 1 1 1 1 1 100 1 100 1 100 1 1 1 1 1 1 1
instanceKlass java/lang/invoke/DelegatingMethodHandle
instanceKlass java/lang/invoke/BoundMethodHandle
instanceKlass java/lang/invoke/DirectMethodHandle
ciInstanceKlass java/lang/invoke/MethodHandle 1 1 733 100 1 9 7 12 1 1 1 10 7 12 1 1 1 10 7 12 1 1 1 7 1 7 1 10 12 1 1 9 12 1 1 10 12 1 10 12 1 1 10 12 1 1 10 100 12 1 1 1 10 12 1 1 10 12 1 1 11 100 12 1 1 1 10 12 1 1 10 12 1 10 12 1 10 12 1 1 9 12 1 1 9 12 1 1 10 100 12 1 1 1 10 12 1 1 10 12 1 10 12 1 100 1 100 1 10 8 1 10 12 1 1 10 12 1 8 1 10 12 1 1 10 12 1 10 7 12 1 1 1 10 12 1 1 10 12 1 1 10 12 1 1 10 7 12 1 1 1 10 12 1 1 10 12 1 1 10 12 1 10 12 1 1 10 100 12 1 1 10 7 12 1 1 10 12 1 10 12 1 10 12 1 1 10 12 1 1 10 12 1 1 10 12 1 1 10 7 12 1 1 1 10 7 12 1 1 1 10 12 1 1 10 12 1 1 10 12 1 1 8 1 10 7 12 1 1 1 8 1 10 12 1 10 12 1 1 10 12 1 1 10 12 1 8 1 10 12 1 1 8 1 10 12 1 8 1 10 100 12 1 1 1 9 12 1 1 100 1 10 9 100 12 1 1 1 9 100 1 8 1 10 12 1 1 10 12 1 10 12 1 1 10 12 1 10 12 1 1 10 12 1 10 12 1 1 10 12 1 10 12 1 1 10 12 1 1 8 1 10 12 1 1 8 1 10 12 1 10 12 1 1 10 12 1 10 12 1 10 12 1 1 9 100 12 1 1 1 10 12 1 1 11 12 1 10 12 1 10 12 1 1 10 100 12 1 1 100 1 11 12 1 10 100 1 11 12 1 100 1 10 12 1 11 12 1 9 100 12 1 1 1 11 12 1 1 11 100 12 1 1 1 10 12 1 1 9 12 1 11 12 1 9 12 1 9 12 1 9 12 1 11 12 1 1 9 12 1 9 12 1 9 12 1 9 12 1 9 12 1 9 12 1 9 12 1 8 1 10 12 1 10 12 1 8 1 10 12 1 10 12 1 10 12 1 1 10 10 10 7 12 1 1 10 12 1 1 100 1 100 1 8 1 8 1 10 10 12 1 1 10 12 1 10 12 1 100 1 10 100 12 1 1 1 10 9 7 12 1 1 1 10 12 1 1 10 12 1 1 8 1 8 1 10 100 12 1 1 9 12 1 9 12 1 1 9 12 1 1 10 12 1 7 1 10 12 1 10 12 1 1 9 12 1 1 9 12 1 1 10 7 12 1 1 1 11 7 12 1 1 9 12 1 10 12 1 1 9 12 1 10 12 1 8 10 12 1 1 8 1 1 1 1 1 1 1 1 7 1 1 1 1 1 1 1 1 1 1 1 1 1 1 1 1 1 1 1 1 1 1 1 1 1 1 1 1 1 1 100 1 1 1 1 1 1 1 1 1 1 1 1 1 1 1 1 1 1 1 1 1 1 1 1 1 1 1 1 1 1 1 1 1 1 1 1 1 1 1 1 1 1 1 1 1 1 1 1 1 1 1 1 1 1 1 1 1 1 1 1 1 1 1 1 1 1 1 1 1 1 1 1 1 1 1 1 1 1 1 1 1 1 1 1 1 1 100 1 1 100 1 100 1 100 1 1 100 1 1 100 1 1 1 1
staticfield java/lang/invoke/MethodHandle FORM_OFFSET J 20
staticfield java/lang/invoke/MethodHandle UPDATE_OFFSET J 13
staticfield java/lang/invoke/MethodHandle $assertionsDisabled Z 1
instanceKlass java/lang/invoke/DirectMethodHandle$StaticAccessor
instanceKlass java/lang/invoke/DirectMethodHandle$Interface
instanceKlass java/lang/invoke/DirectMethodHandle$Special
instanceKlass java/lang/invoke/DirectMethodHandle$Accessor
instanceKlass java/lang/invoke/DirectMethodHandle$Constructor
ciInstanceKlass java/lang/invoke/DirectMethodHandle 1 1 923 7 1 7 1 100 1 7 1 7 1 10 7 12 1 1 1 10 7 12 1 1 1 100 1 10 12 1 10 12 1 1 10 7 12 1 1 10 12 1 1 10 12 1 10 12 1 7 1 10 12 1 1 10 12 1 1 10 12 1 10 12 1 1 10 7 12 1 1 1 10 12 1 9 12 1 1 100 1 10 9 12 1 1 9 12 1 10 12 1 10 12 1 10 12 1 1 10 12 1 10 12 1 10 12 1 10 7 12 1 1 1 10 12 1 10 12 1 1 8 1 10 12 1 1 7 1 10 12 1 7 1 10 10 12 1 10 12 1 10 12 1 10 7 12 1 1 1 10 12 1 1 7 1 10 12 1 10 12 1 7 1 10 12 1 10 12 1 1 10 12 1 1 10 12 1 8 10 100 12 1 1 1 10 12 1 10 12 1 10 12 1 1 10 12 1 9 7 12 1 1 1 7 1 10 12 1 10 7 12 1 1 1 10 12 1 10 12 1 1 9 12 1 1 100 1 10 8 1 10 12 1 1 10 12 1 1 8 1 10 12 1 10 12 1 10 10 12 1 10 12 1 10 12 1 10 12 1 10 12 1 1 10 12 1 10 12 1 1 10 12 1 10 12 1 1 10 10 7 12 1 1 1 10 12 1 10 12 1 1 10 12 1 10 12 1 1 8 1 9 7 12 1 1 1 8 1 9 12 1 9 12 1 8 1 9 12 1 9 12 1 8 1 9 12 1 9 12 1 8 1 10 12 1 10 12 1 1 9 12 1 1 7 1 10 12 1 1 100 1 10 7 12 1 1 1 10 12 1 1 10 12 1 10 12 1 1 7 1 10 12 1 1 10 12 1 10 12 1 1 7 1 10 12 1 1 10 12 1 10 7 12 1 1 1 10 12 1 10 12 1 1 10 12 1 9 12 1 1 10 7 1 9 12 9 12 1 10 7 12 1 1 1 10 12 1 7 1 7 1 7 1 9 12 1 1 10 7 12 1 1 1 10 12 10 12 1 100 1 10 12 1 10 12 1 1 8 1 9 12 1 9 12 1 10 12 1 1 9 12 1 1 10 7 12 1 1 1 9 12 1 1 9 12 1 1 10 12 1 10 12 1 10 12 1 10 12 1 1 10 12 1 9 12 1 10 12 1 10 12 1 10 12 1 10 12 1 1 10 12 1 1 9 12 1 1 10 12 1 1 9 7 12 1 1 1 9 12 1 9 12 1 9 12 1 9 12 1 9 12 1 9 12 1 9 12 1 9 12 1 9 12 1 9 12 1 9 12 1 9 12 1 9 12 1 9 12 1 9 12 1 9 12 1 9 12 1 9 12 1 9 12 1 9 12 1 9 12 1 9 12 1 9 12 1 9 12 1 9 12 1 9 12 1 9 12 1 9 12 1 9 12 1 9 12 1 9 12 1 9 12 1 9 12 1 9 12 1 9 12 1 9 12 1 8 1 9 12 1 1 9 12 1 1 10 12 1 10 12 1 1 9 7 1 10 12 1 9 12 1 1 10 12 10 12 1 10 12 1 10 12 1 10 12 1 10 8 1 8 1 8 1 8 1 10 12 1 1 9 12 1 1 10 12 1 10 100 12 1 1 1 8 9 12 1 1 10 12 1 1 8 1 8 8 9 12 1 8 1 8 8 8 8 8 1 8 10 12 1 7 1 10 12 1 8 1 8 1 10 12 1 10 12 1 10 12 1 10 12 1 1 7 1 1 1 1 3 1 3 1 3 1 3 1 3 1 3 1 3 1 3 1 3 1 3 1 1 1 1 1 1 1 1 1 1 3 1 3 1 1 1 1 3 1 1 1 1 1 1 1 1 1 1 1 1 1 1 1 1 1 1 1 1 1 1 1 1 1 1 1 1 1 1 1 1 1 1 1 1 1 1 1 1 1 1 1 1 1 1 1 1 1 1 1 1 1 1 1 1 1 100 1 1 1 1 1 1 1 1 1 100 1 1 1 1 1 1 1 1 1 1 1 1 1 1 1 1 1 1 1 1 1 1 1 1 1 1 1 1 1 1 1 1 1 1 1 1 1 1 1 1 1 1 1 1 1 1 1 1 1 1 1 1
staticfield java/lang/invoke/DirectMethodHandle IMPL_NAMES Ljava/lang/invoke/MemberName$Factory; java/lang/invoke/MemberName$Factory
staticfield java/lang/invoke/DirectMethodHandle FT_UNCHECKED_REF I 8
staticfield java/lang/invoke/DirectMethodHandle ACCESSOR_FORMS [Ljava/lang/invoke/LambdaForm; 132 [Ljava/lang/invoke/LambdaForm;
staticfield java/lang/invoke/DirectMethodHandle ALL_WRAPPERS [Lsun/invoke/util/Wrapper; 10 [Lsun/invoke/util/Wrapper;
staticfield java/lang/invoke/DirectMethodHandle NFS [Ljava/lang/invoke/LambdaForm$NamedFunction; 12 [Ljava/lang/invoke/LambdaForm$NamedFunction;
staticfield java/lang/invoke/DirectMethodHandle OBJ_OBJ_TYPE Ljava/lang/invoke/MethodType; java/lang/invoke/MethodType
staticfield java/lang/invoke/DirectMethodHandle LONG_OBJ_TYPE Ljava/lang/invoke/MethodType; java/lang/invoke/MethodType
staticfield java/lang/invoke/DirectMethodHandle $assertionsDisabled Z 1
instanceKlass java/lang/invoke/VarHandleReferences$FieldStaticReadOnly
instanceKlass java/lang/invoke/VarHandleReferences$Array
instanceKlass java/lang/invoke/VarHandleLongs$Array
instanceKlass java/lang/invoke/VarHandleBooleans$FieldInstanceReadOnly
instanceKlass java/lang/invoke/VarHandleInts$FieldInstanceReadOnly
instanceKlass java/lang/invoke/VarHandleLongs$FieldInstanceReadOnly
instanceKlass java/lang/invoke/VarHandleByteArrayAsDoubles$ByteArrayViewVarHandle
instanceKlass java/lang/invoke/VarHandleByteArrayAsLongs$ByteArrayViewVarHandle
instanceKlass java/lang/invoke/VarHandleByteArrayAsFloats$ByteArrayViewVarHandle
instanceKlass java/lang/invoke/VarHandleByteArrayAsInts$ByteArrayViewVarHandle
instanceKlass java/lang/invoke/VarHandleByteArrayAsChars$ByteArrayViewVarHandle
instanceKlass java/lang/invoke/VarHandleByteArrayAsShorts$ByteArrayViewVarHandle
instanceKlass java/lang/invoke/VarHandleReferences$FieldInstanceReadOnly
ciInstanceKlass java/lang/invoke/VarHandle 1 1 474 10 7 12 1 1 1 10 7 12 1 1 9 12 1 1 9 12 1 1 100 1 10 8 1 10 12 1 1 10 7 12 1 1 1 10 12 1 1 10 100 12 1 1 1 9 100 12 1 1 1 10 12 1 1 10 100 12 1 1 1 10 12 1 1 9 12 1 10 12 1 9 12 1 1 10 7 12 1 1 10 12 1 9 100 12 1 1 1 9 12 1 1 10 12 1 1 100 1 100 1 10 8 1 10 12 1 1 10 12 1 8 1 10 12 1 10 12 1 9 12 1 1 9 12 1 10 12 1 10 12 1 1 10 12 1 10 10 100 12 1 1 1 10 12 1 1 10 12 1 1 10 100 12 1 1 1 10 100 12 1 1 1 10 100 12 1 1 1 9 12 1 1 9 10 12 1 10 12 1 1 10 12 1 1 10 12 1 10 100 12 1 1 1 9 12 1 1 10 12 1 1 9 12 1 10 12 1 10 12 1 10 100 12 1 1 100 1 10 9 7 12 1 1 1 9 12 1 1 10 7 12 1 1 1 10 12 1 10 12 1 10 12 1 10 12 1 10 12 1 10 12 1 1 8 10 12 1 1 7 1 10 12 1 1 100 1 1 1 1 1 1 1 1 1 1 1 1 1 1 1 1 1 1 1 1 1 1 1 1 1 1 1 1 1 1 1 1 1 1 1 1 1 1 1 1 1 1 1 1 1 1 1 1 1 1 1 1 1 1 1 1 1 1 1 1 1 1 1 1 1 1 1 1 100 1 1 1 1 1 1 1 1 100 1 1 1 1 1 1 1 1 1 1 1 1 100 1 100 1 1 100 1 100 1 100 1 100 1 100 1 100 1 100 1 100 1 100 1 100 1 100 1 100 1 100 1 100 1 100 1 100 1 100 1 100 1 100 1 100 1 100 1 100 1 100 1 100 1 100 1 100 1 100 1 100 1 100 1 100 1 100 1 100 1 100 1 100 1 100 1 1 1 1 1 1 100 1 1 1 100 1 1 100 1 100 1 100 1 100 1 100 1 100 1 1 1 1 100 1 100 1 100 1 100 1 100 1 100 1 100 1 100 1
staticfield java/lang/invoke/VarHandle VFORM_OFFSET J 16
staticfield java/lang/invoke/VarHandle $assertionsDisabled Z 1
ciInstanceKlass java/lang/invoke/MemberName 1 1 724 7 1 7 1 100 1 9 12 1 1 10 7 12 1 1 1 9 12 1 1 10 12 1 1 10 12 1 1 10 12 1 1 10 12 1 10 12 1 1 10 7 12 1 1 1 10 12 1 9 7 12 1 1 10 12 1 100 1 7 1 10 12 1 8 1 10 12 1 1 10 12 1 10 12 1 1 10 12 1 9 12 1 1 8 1 10 100 12 1 1 1 7 1 10 10 12 1 1 7 1 7 1 10 12 1 9 12 1 1 100 1 8 1 10 12 1 10 12 1 10 12 1 10 12 1 10 12 1 1 10 12 1 10 12 1 10 12 1 1 8 1 8 1 10 12 1 8 1 9 12 1 1 3 10 12 1 10 12 1 10 12 1 10 10 7 12 1 1 1 10 12 1 10 12 1 10 12 1 10 12 1 7 1 8 10 12 1 1 10 12 1 1 8 1 9 100 1 8 9 100 1 10 12 1 1 10 12 1 10 12 1 8 1 10 12 1 1 10 12 1 10 12 1 10 12 1 10 12 1 1 100 1 10 12 1 1 10 12 1 8 1 10 12 1 10 12 1 8 1 10 12 1 1 10 12 1 1 100 1 10 12 1 1 10 12 8 1 8 1 100 1 10 12 1 10 100 12 1 1 1 100 1 10 12 10 12 1 10 12 1 10 12 1 10 12 1 10 10 12 1 10 12 1 10 12 1 3 10 12 1 3 10 12 1 3 3 3 3 3 3 10 12 1 3 9 12 1 10 12 1 1 3 10 12 1 10 10 7 12 1 1 1 10 12 1 1 10 7 12 1 1 10 10 12 1 10 12 1 1 10 12 1 10 10 12 1 1 10 12 1 10 12 1 10 12 1 100 1 10 10 10 12 100 1 10 10 10 12 1 1 10 12 1 1 10 10 12 1 8 10 7 1 10 12 1 10 7 1 10 12 1 10 12 1 10 12 1 10 10 12 1 10 12 1 1 10 12 1 1 10 12 1 10 12 1 10 12 1 100 1 10 12 1 1 100 1 8 1 10 7 1 10 12 1 10 12 10 12 1 1 10 12 1 10 12 1 8 1 8 1 8 1 8 1 10 12 1 10 12 1 10 7 12 1 1 1 8 1 8 1 10 12 1 8 1 10 10 10 12 1 10 12 1 8 1 8 1 10 10 12 1 8 1 10 100 12 1 1 1 8 1 100 1 10 12 1 10 12 1 1 10 12 1 8 1 8 1 8 1 8 1 100 1 10 8 1 8 1 8 1 8 1 10 12 1 7 1 100 1 7 1 10 100 1 10 7 1 10 7 12 1 1 1 9 7 12 1 1 1 100 1 100 1 1 1 1 1 1 1 3 1 3 1 3 1 3 1 3 1 3 1 1 1 1 1 1 1 1 3 1 3 1 1 1 1 1 1 1 1 1 1 1 1 1 1 1 1 1 1 1 1 1 1 1 1 1 1 1 1 1 1 1 1 1 1 1 1 1 1 1 1 1 1 1 1 1 1 1 1 1 1 1 1 1 1 1 1 1 1 1 1 1 1 1 1 1 1 1 1 1 1 1 1 1 1 1 1 1 1 1 1 1 1 1 1 1 1 1 1 1 1 1 1 1 1 1 1 100 1 1 1 1 1 1 1 1 1 1 1 1 1 1 1
staticfield java/lang/invoke/MemberName $assertionsDisabled Z 1
ciInstanceKlass java/lang/invoke/ResolvedMethodName 1 1 16 10 100 12 1 1 1 100 1 1 1 1 1 1 1 1
ciInstanceKlass java/lang/invoke/MethodHandleNatives 1 1 685 100 1 10 7 12 1 1 1 9 7 12 1 1 1 10 12 1 1 100 1 10 10 12 1 1 10 12 1 10 12 1 8 1 8 1 8 1 8 1 8 1 8 1 8 1 8 1 8 1 8 1 10 12 1 1 7 1 10 7 12 1 1 1 10 100 12 1 1 1 7 1 10 10 12 1 1 8 1 10 12 1 8 1 10 12 1 1 8 1 10 12 1 1 9 100 12 1 1 1 8 1 10 100 12 1 1 1 100 1 10 12 100 1 100 1 8 1 7 1 10 10 12 1 7 1 9 7 12 1 1 10 12 1 1 10 12 1 10 7 12 1 1 1 10 12 1 1 9 12 1 8 1 10 12 1 1 10 12 1 8 1 10 12 1 1 7 1 10 12 1 10 7 12 1 1 1 10 12 1 10 12 1 1 10 12 1 1 8 1 10 12 1 1 8 1 10 12 1 8 1 8 1 8 1 100 1 10 12 1 8 1 10 100 12 1 1 1 10 12 1 1 10 100 12 1 1 10 10 12 1 1 10 12 1 10 100 12 1 1 1 100 1 8 1 10 100 12 1 1 1 7 1 8 1 10 12 1 8 1 8 1 8 1 8 1 8 1 10 12 1 1 10 12 1 1 10 12 1 10 12 1 1 10 12 1 1 7 1 10 12 1 100 1 100 1 10 12 1 10 12 1 8 1 8 1 10 10 12 1 1 10 12 1 1 8 1 10 100 12 1 1 8 1 8 1 10 12 1 1 10 7 12 1 1 1 100 1 10 12 1 1 7 1 9 12 1 1 10 7 12 1 1 1 10 10 12 1 9 12 1 10 12 1 9 12 1 9 12 1 10 12 1 1 10 12 1 10 12 1 1 7 1 7 1 10 12 1 1 10 12 1 10 12 1 1 10 7 12 1 1 1 10 12 1 8 1 10 12 1 10 12 1 10 12 1 1 10 12 1 10 7 12 1 1 1 10 12 1 1 100 1 8 1 10 9 7 12 1 1 1 10 12 1 1 10 12 1 1 100 1 10 12 1 1 10 12 1 1 100 1 100 1 10 10 100 1 100 1 10 100 1 10 10 12 1 1 10 100 1 10 12 1 10 12 1 1 10 12 1 1 10 12 1 1 10 12 1 10 12 1 1 10 8 1 10 12 1 10 12 1 10 12 1 10 12 1 10 12 1 1 10 12 1 10 12 1 10 12 1 10 10 7 12 1 1 10 12 1 1 1 1 1 1 1 1 1 1 1 1 1 100 1 1 1 1 1 1 1 1 1 1 1 1 1 1 1 1 1 1 1 1 1 1 1 1 1 1 1 1 1 1 1 1 1 1 1 1 1 1 1 1 1 1 1 1 1 1 1 1 1 1 1 1 1 1 1 1 1 1 1 1 1 1 1 100 1 1 1 1 1 1 1 1 1 1 1 1 1 1 1 1 1 1 1 1 1 1 1 1 1 1 1 1 1 1 1 1 1 100 1 1 1 1 1 1 1 1 1 1 1 1 1 1 1 1 1 1 1 1 1 1 1 1 1 1 1 1 1 1 1 1 100 1 1
staticfield java/lang/invoke/MethodHandleNatives $assertionsDisabled Z 1
ciInstanceKlass java/lang/invoke/LambdaForm 1 1 1059 7 1 100 1 10 7 12 1 1 1 9 12 1 1 9 12 1 9 12 1 9 12 1 1 9 12 1 1 9 12 1 1 9 12 1 1 9 12 1 1 9 12 1 10 7 12 1 1 9 12 1 10 12 1 1 100 1 10 10 12 1 1 10 12 1 10 12 1 10 12 1 1 10 12 1 9 12 1 9 12 1 10 12 1 1 10 7 12 1 1 1 10 12 1 1 9 100 12 1 1 1 10 12 1 1 9 7 12 1 1 10 12 1 10 12 1 1 10 12 1 1 10 12 1 1 7 1 10 7 12 1 1 1 10 12 1 1 10 12 1 10 12 1 1 9 12 1 1 9 12 1 9 12 1 1 10 12 1 9 12 1 10 100 12 1 1 1 10 12 1 1 100 1 10 12 1 9 12 1 1 10 100 12 1 1 1 10 12 1 10 12 1 7 1 10 12 1 10 12 1 10 12 1 1 10 12 1 1 10 12 1 10 12 1 10 12 1 10 12 1 1 8 1 10 12 1 10 12 1 10 10 12 1 8 1 8 1 9 12 1 9 12 1 1 10 12 1 1 10 12 1 9 12 1 10 12 1 1 10 7 12 1 1 1 10 12 1 1 10 12 1 10 12 1 10 100 12 1 1 1 9 12 1 10 12 1 8 1 8 1 8 1 8 1 8 1 8 1 8 1 8 1 10 12 1 9 12 1 7 1 10 12 1 1 9 12 1 10 12 1 10 12 1 1 10 12 10 12 1 10 12 1 1 10 12 1 1 10 10 12 1 1 10 12 1 1 7 1 8 1 10 12 1 1 10 12 1 10 12 1 1 10 8 1 10 12 1 1 8 1 8 1 8 1 10 12 1 10 12 1 10 12 1 1 100 1 10 12 1 1 10 12 1 1 10 7 12 1 1 1 10 12 1 1 9 12 1 1 8 1 10 100 12 1 1 1 10 7 12 1 1 10 12 10 12 1 1 10 12 1 1 9 12 1 8 10 12 1 1 100 1 10 12 1 1 10 12 1 9 7 12 1 1 9 100 12 1 1 1 8 1 10 100 12 1 1 10 12 1 1 100 1 100 1 10 10 12 1 1 10 12 1 1 8 1 8 1 100 1 8 1 10 12 10 12 1 10 12 1 10 12 1 1 8 1 8 1 10 12 1 10 12 1 1 8 1 8 1 8 1 100 1 8 1 100 1 8 1 100 1 8 1 10 12 1 8 1 9 10 7 12 1 1 1 10 12 1 9 12 1 1 10 12 1 10 10 12 1 10 12 1 10 12 1 10 12 1 1 10 12 1 10 12 1 1 10 12 1 1 10 12 1 1 10 12 1 1 8 1 100 10 12 1 10 12 1 9 12 1 1 10 7 12 1 1 8 1 8 1 100 1 8 1 8 1 8 1 8 1 8 1 8 1 8 1 8 1 10 12 1 1 10 12 1 1 10 12 1 10 12 1 10 12 1 10 12 1 8 1 8 1 8 1 10 12 1 8 1 10 12 1 8 1 8 1 8 1 8 1 8 1 10 12 1 10 12 1 10 12 1 1 10 7 12 1 1 1 10 12 1 10 12 1 10 12 1 10 12 1 10 12 1 10 12 1 10 12 1 9 12 1 1 8 1 10 12 1 1 9 12 1 1 10 12 1 1 9 12 1 9 12 1 1 9 12 1 9 12 1 1 7 1 10 7 12 1 1 1 9 12 1 10 12 1 10 12 1 8 1 10 12 1 9 12 1 1 7 1 10 7 12 1 1 1 8 1 100 1 10 12 1 9 12 1 9 12 1 10 12 1 10 12 1 10 7 12 1 1 1 10 12 1 9 7 12 1 1 10 12 1 1 10 12 1 10 12 1 10 12 1 9 12 10 12 1 10 10 12 1 9 12 1 9 9 12 1 7 9 12 1 1 10 12 1 1 9 12 1 10 12 1 10 7 1 9 1 1 1 1 3 1 3 1 1 3 1 3 1 1 1 1 1 1 1 1 1 1 1 1 1 1 1 1 1 1 1 1 1 1 1 1 1 1 1 1 1 1 1 1 1 1 1 1 1 1 1 1 1 1 1 1 1 1 1 1 1 1 1 100 1 1 1 1 1 1 1 1 1 1 1 1 1 1 1 1 1 1 1 1 1 1 1 1 1 1 1 1 1 1 1 1 1 1 1 1 1 1 1 1 1 1 1 1 1 1 1 1 1 1 1 1 1 1 1 1 1 1 1 1 1 1 100 1 1 1 1 1 1 1 1 1 1 1 1 1 1 1 1 1 1 1 1 1 1 1 1 1 1 1 1 1 1 1 1 1 1 100 1 1 1 1 1 1 1 1 1 1 1 1 1 1 1 1 1 1 1 1 1 1 100 1 1 1 100 1 1 100 1 1 1 1 1 1 1 1 1 1 1
staticfield java/lang/invoke/LambdaForm DEFAULT_CUSTOMIZED Ljava/lang/invoke/MethodHandle; 
staticfield java/lang/invoke/LambdaForm DEFAULT_KIND Ljava/lang/invoke/LambdaForm$Kind; java/lang/invoke/LambdaForm$Kind
staticfield java/lang/invoke/LambdaForm COMPILE_THRESHOLD I 0
staticfield java/lang/invoke/LambdaForm INTERNED_ARGUMENTS [[Ljava/lang/invoke/LambdaForm$Name; 5 [[Ljava/lang/invoke/LambdaForm$Name;
staticfield java/lang/invoke/LambdaForm IMPL_NAMES Ljava/lang/invoke/MemberName$Factory; java/lang/invoke/MemberName$Factory
staticfield java/lang/invoke/LambdaForm LF_identity [Ljava/lang/invoke/LambdaForm; 6 [Ljava/lang/invoke/LambdaForm;
staticfield java/lang/invoke/LambdaForm LF_zero [Ljava/lang/invoke/LambdaForm; 6 [Ljava/lang/invoke/LambdaForm;
staticfield java/lang/invoke/LambdaForm NF_identity [Ljava/lang/invoke/LambdaForm$NamedFunction; 6 [Ljava/lang/invoke/LambdaForm$NamedFunction;
staticfield java/lang/invoke/LambdaForm NF_zero [Ljava/lang/invoke/LambdaForm$NamedFunction; 6 [Ljava/lang/invoke/LambdaForm$NamedFunction;
staticfield java/lang/invoke/LambdaForm createFormsLock Ljava/lang/Object; java/lang/Object
staticfield java/lang/invoke/LambdaForm DEBUG_NAME_COUNTERS Ljava/util/HashMap; 
staticfield java/lang/invoke/LambdaForm DEBUG_NAMES Ljava/util/HashMap; 
staticfield java/lang/invoke/LambdaForm TRACE_INTERPRETER Z 0
staticfield java/lang/invoke/LambdaForm $assertionsDisabled Z 1
ciInstanceKlass java/lang/invoke/TypeDescriptor$OfMethod 1 0 43 100 1 100 1 100 1 1 1 1 1 1 1 1 1 1 1 1 1 1 1 1 1 1 1 1 1 1 1 1 1 1 1 1 1 1 1 1 1 1 100 1 1
ciInstanceKlass java/lang/invoke/MethodType 1 1 780 7 1 10 7 12 1 1 1 9 12 1 1 9 12 1 1 9 12 1 1 10 7 12 1 1 1 9 7 12 1 1 8 1 10 100 12 1 1 1 9 7 1 9 7 1 10 12 1 1 7 1 10 8 1 10 12 1 1 10 12 1 10 12 1 1 100 1 8 1 10 12 1 100 1 10 10 12 1 10 12 1 1 10 12 1 1 11 7 12 1 1 1 9 12 1 11 12 1 1 7 10 12 1 1 10 12 1 1 7 1 7 1 10 7 12 1 1 1 10 12 1 10 12 1 9 12 1 1 10 7 12 1 1 10 12 1 1 10 7 12 1 1 1 10 7 12 1 1 1 10 12 1 9 12 1 1 10 12 1 1 10 12 1 1 10 12 1 1 10 12 1 1 10 12 1 1 10 12 1 10 12 1 10 12 1 1 10 12 1 8 1 8 1 10 12 1 1 9 12 1 1 100 1 10 10 12 1 1 10 12 1 10 12 1 1 10 12 1 1 10 12 1 10 12 1 10 12 1 8 1 10 12 1 1 10 100 12 1 1 1 10 12 1 10 12 1 1 10 12 1 10 12 1 10 12 1 1 10 12 1 10 12 1 9 12 1 10 12 1 10 10 12 1 1 10 12 1 9 12 1 1 10 12 1 1 11 12 1 1 10 12 1 1 10 12 1 10 12 1 7 1 8 1 8 1 8 1 10 12 1 10 12 1 10 12 1 1 10 10 12 1 11 12 1 1 11 12 1 10 100 12 1 1 1 9 12 1 10 12 1 10 12 1 1 10 12 1 1 10 12 1 10 12 1 10 100 12 1 1 1 10 12 1 1 10 12 1 10 12 1 10 12 1 10 9 12 1 1 7 1 10 12 1 10 12 1 1 9 100 12 1 1 1 10 100 12 1 1 1 10 100 12 1 1 1 10 12 1 1 10 100 12 1 1 1 10 12 1 1 8 1 10 7 12 1 1 1 11 12 1 1 9 12 1 1 10 12 1 1 10 12 1 10 12 1 1 10 12 1 1 10 100 12 1 1 100 1 10 12 1 1 11 100 12 1 1 18 12 1 1 11 12 1 1 18 12 1 11 12 1 100 1 11 100 12 1 1 10 12 1 100 1 10 12 1 10 100 12 1 1 10 12 1 1 9 12 1 1 9 100 12 1 1 1 10 100 12 1 1 1 9 12 1 10 100 12 1 1 10 12 1 100 10 12 1 1 10 12 1 7 1 10 10 12 1 1 7 1 7 1 9 12 1 1 100 1 100 1 100 1 1 1 5 0 1 1 1 1 1 1 1 3 1 3 1 3 1 1 1 1 1 1 1 1 1 1 1 1 1 1 1 1 1 1 1 1 1 1 1 1 1 1 1 1 1 1 1 1 1 1 1 1 1 1 1 1 1 1 1 1 1 1 1 1 1 1 1 1 1 1 1 1 1 1 1 1 1 1 1 1 1 1 1 1 1 1 1 1 1 1 1 1 1 1 1 1 1 1 1 1 1 1 1 1 1 1 1 1 1 1 1 1 1 1 1 1 1 1 1 1 1 1 1 1 1 1 1 1 1 1 1 1 1 1 1 1 1 1 1 1 1 1 1 1 1 1 7 1 7 1 1 1 1 1 1 1 1 1 1 1 1 1 100 1 1 1 100 1 1 1 1 1 1 1 1 1 1 1 1 1 1 1 1 1 1 1 1 1 1 16 15 10 12 16 16 15 10 12 16 15 10 100 12 1 1 1 1 1 100 1 1 100 1 1 100 1 100 1 1
staticfield java/lang/invoke/MethodType internTable Ljdk/internal/util/ReferencedKeySet; jdk/internal/util/ReferencedKeySet
staticfield java/lang/invoke/MethodType NO_PTYPES [Ljava/lang/Class; 0 [Ljava/lang/Class;
staticfield java/lang/invoke/MethodType objectOnlyTypes [Ljava/lang/invoke/MethodType; 20 [Ljava/lang/invoke/MethodType;
staticfield java/lang/invoke/MethodType METHOD_HANDLE_ARRAY [Ljava/lang/Class; 1 [Ljava/lang/Class;
staticfield java/lang/invoke/MethodType serialPersistentFields [Ljava/io/ObjectStreamField; 0 [Ljava/io/ObjectStreamField;
staticfield java/lang/invoke/MethodType $assertionsDisabled Z 1
ciInstanceKlass java/lang/BootstrapMethodError 0 0 45 10 100 12 1 1 1 10 12 1 10 12 1 10 100 12 1 1 1 10 100 12 1 1 1 1 1 1 5 0 1 1 1 1 1 1 1 1 1 1 1 100 1 1 1
instanceKlass java/lang/invoke/VolatileCallSite
instanceKlass java/lang/invoke/MutableCallSite
instanceKlass java/lang/invoke/ConstantCallSite
ciInstanceKlass java/lang/invoke/CallSite 1 1 296 10 7 12 1 1 1 10 7 12 1 1 1 9 12 1 1 10 7 12 1 1 1 10 12 1 100 1 10 12 1 1 10 12 1 1 9 100 12 1 1 1 10 100 12 1 1 10 12 1 1 100 1 100 1 10 10 100 12 1 1 1 10 12 1 1 8 1 10 12 1 10 12 1 1 10 12 1 10 12 1 1 10 12 1 1 10 10 100 12 1 1 10 12 1 1 9 12 1 9 100 12 1 1 1 8 1 10 7 12 1 1 1 10 12 1 1 100 1 10 12 1 1 9 12 1 8 1 100 1 10 12 1 10 12 1 100 1 8 1 10 10 12 1 10 12 1 1 100 1 10 12 1 1 10 12 1 10 12 1 10 12 1 1 10 12 1 1 9 12 1 1 8 10 12 1 1 9 12 1 1 100 1 10 10 12 1 10 100 12 1 1 1 10 12 1 1 10 12 1 1 10 12 1 10 7 12 1 1 1 100 1 8 1 10 10 12 10 12 1 1 100 1 100 1 100 1 8 1 10 12 1 10 7 12 1 1 1 1 1 1 1 1 1 1 1 1 1 1 1 1 1 1 1 1 1 1 1 1 1 1 1 1 1 1 1 1 1 1 1 1 1 1 1 1 1 1 1 1 1 1 1 1 1 1 1 1 1 1 1 100 1 100 1 1 1
staticfield java/lang/invoke/CallSite $assertionsDisabled Z 1
ciInstanceKlass jdk/internal/foreign/abi/NativeEntryPoint 0 0 194 10 100 12 1 1 1 9 100 12 1 1 1 9 12 1 1 100 1 8 1 10 12 1 10 12 1 1 100 1 10 100 12 1 1 1 10 12 1 9 12 1 1 18 12 1 1 10 100 12 1 1 1 10 100 12 1 1 1 9 100 12 1 1 1 100 1 10 8 1 10 12 1 1 10 12 1 10 12 1 1 8 1 10 12 1 1 100 1 8 1 10 12 1 10 12 1 1 10 12 1 9 12 1 1 18 12 1 1 10 100 12 1 1 1 10 12 1 1 10 12 1 10 100 12 1 1 1 10 1 1 1 1 1 1 1 1 1 1 1 1 1 1 1 1 1 1 1 1 1 1 1 1 1 1 1 1 1 1 1 1 1 1 1 1 1 16 1 15 10 12 16 1 16 15 10 12 15 10 100 12 1 1 1 1 1 100 1 1 100 1 100 1 1
ciInstanceKlass jdk/internal/foreign/abi/ABIDescriptor 0 0 55 10 100 12 1 1 1 9 100 12 1 1 1 9 12 1 1 9 12 1 9 12 1 9 12 1 1 9 12 1 9 12 1 1 9 12 1 9 12 1 9 12 1 9 12 1 1 1 1 1 1 1 1 1 1
ciInstanceKlass jdk/internal/foreign/abi/VMStorage 0 0 91 10 100 12 1 1 1 9 100 12 1 1 1 9 12 1 1 9 12 1 1 9 12 1 1 100 1 10 8 1 10 12 1 1 10 12 1 10 12 1 1 10 12 1 18 12 1 18 12 1 1 18 12 1 1 1 1 1 1 1 1 1 1 1 1 1 1 1 1 1 1 1 8 1 15 15 15 15 15 10 100 12 1 1 1 1 100 1 100 1 1
ciInstanceKlass jdk/internal/foreign/abi/UpcallLinker$CallRegs 0 0 66 10 100 12 1 1 1 9 100 12 1 1 1 9 12 1 18 12 1 1 18 12 1 1 18 12 1 1 1 1 1 1 1 1 1 1 1 1 1 1 1 1 1 1 100 1 1 1 8 1 15 15 15 10 100 12 1 1 1 1 1 100 1 100 1 1
ciInstanceKlass java/lang/invoke/ConstantCallSite 1 1 65 10 7 12 1 1 1 9 7 12 1 1 1 9 12 1 1 10 7 12 1 1 1 10 12 1 100 1 10 12 9 12 1 1 100 1 10 10 12 1 1 10 12 1 1 1 1 1 1 1 1 1 1 1 1 1 100 1 1 1 1 1 1 1 1
staticfield java/lang/invoke/ConstantCallSite UNSAFE Ljdk/internal/misc/Unsafe; jdk/internal/misc/Unsafe
ciInstanceKlass java/lang/invoke/MutableCallSite 0 0 63 10 100 12 1 1 1 10 12 1 9 100 12 1 1 1 10 12 1 10 12 1 1 9 12 1 1 10 100 12 1 1 1 10 100 12 1 1 1 10 12 1 1 1 1 1 1 1 1 1 1 1 1 1 1 1 1 1 1 100 1 1 1
ciInstanceKlass java/lang/invoke/VolatileCallSite 0 0 37 10 100 12 1 1 1 10 12 1 10 100 12 1 1 1 10 12 1 10 12 1 1 1 1 1 1 1 1 1 1 1 1 1 1 1 1
ciInstanceKlass java/lang/AssertionStatusDirectives 0 0 24 10 100 12 1 1 1 100 1 1 1 1 1 1 1 1 1 1 1 1 1 1 1 1
ciInstanceKlass java/lang/Appendable 1 0 14 100 1 100 1 1 1 1 100 1 1 1 1 1
instanceKlass java/lang/StringBuilder
instanceKlass java/lang/StringBuffer
ciInstanceKlass java/lang/AbstractStringBuilder 1 1 607 7 1 10 7 12 1 1 1 9 7 12 1 1 1 9 12 1 9 12 1 1 9 12 1 1 10 7 12 1 1 1 10 12 1 1 7 1 3 3 10 12 1 10 12 1 1 11 7 1 100 1 100 1 10 8 1 10 12 1 10 12 1 10 12 1 1 10 12 1 10 12 1 9 12 1 10 12 1 9 12 1 1 10 12 1 1 10 7 12 1 1 1 10 10 12 1 10 12 1 10 12 1 1 10 12 1 1 10 7 12 1 1 1 10 7 12 1 1 1 100 1 8 1 10 10 12 1 1 100 1 10 12 10 12 1 1 10 10 12 1 1 10 12 1 1 10 12 1 1 10 12 1 1 10 10 7 12 1 1 1 10 12 1 100 1 10 10 7 12 1 1 1 9 12 1 1 9 12 1 10 12 1 1 10 10 12 1 1 10 12 10 12 1 10 12 1 1 10 12 1 1 10 12 1 1 10 12 1 10 12 1 1 10 12 1 1 10 12 1 10 12 1 1 8 1 10 12 1 1 10 12 1 10 12 1 10 12 1 10 12 1 10 12 1 10 12 1 10 7 12 1 1 10 12 1 10 12 1 10 100 12 1 1 1 100 1 100 1 10 12 1 10 100 12 1 1 10 12 1 10 12 1 1 10 12 1 10 12 1 1 10 12 1 10 12 1 1 10 12 1 1 10 10 7 12 1 1 1 10 12 1 10 12 1 10 12 1 1 10 12 1 10 12 1 10 12 1 10 12 1 10 12 1 10 12 1 10 12 1 10 12 1 1 10 12 1 10 12 1 10 12 10 12 1 1 18 12 1 1 100 1 10 100 12 1 1 1 18 10 12 1 1 10 12 1 1 10 12 1 10 12 1 1 11 12 1 1 10 12 1 10 12 1 10 12 10 10 10 12 1 10 5 0 10 10 12 1 1 100 1 8 1 10 10 12 1 1 10 100 12 1 1 1 10 12 1 10 12 1 1 100 1 10 12 100 1 10 100 1 10 100 1 1 1 1 1 1 1 1 1 1 1 100 1 1 1 1 1 1 1 1 1 1 1 1 1 1 1 1 1 1 1 1 1 1 1 1 1 1 1 1 1 1 1 1 1 1 1 1 1 1 1 1 1 1 1 1 1 1 1 1 1 1 1 1 1 1 1 1 1 1 1 1 1 1 1 1 1 1 1 1 1 1 1 1 1 1 1 1 1 1 1 1 1 1 1 1 1 1 1 1 1 1 1 1 1 1 1 1 1 1 1 1 100 1 1 1 1 1 1 1 1 1 1 1 1 1 1 1 1 1 100 1 1 1 1 1 1 100 1 1 16 1 15 10 12 16 15 10 12 15 10 100 12 1 1 1 1 1 1 1 100 1 100 1 1
staticfield java/lang/AbstractStringBuilder EMPTYVALUE [B 0
ciInstanceKlass java/lang/StringBuffer 1 1 483 10 7 12 1 1 1 10 12 1 10 12 1 10 12 1 1 9 7 12 1 1 1 10 12 1 1 10 12 1 10 12 1 1 9 12 1 1 10 12 1 10 12 1 1 10 12 1 1 10 12 1 10 12 1 1 10 12 1 10 12 1 1 10 12 1 1 10 7 12 1 1 1 10 12 1 1 10 12 1 10 12 1 10 12 1 10 12 1 10 12 1 10 12 1 10 12 1 10 12 1 10 12 1 10 12 1 10 12 1 10 12 1 10 12 1 10 12 1 1 10 12 1 10 12 1 1 10 12 1 1 10 10 12 1 1 10 12 1 10 12 1 10 12 1 10 12 1 10 12 1 10 12 1 10 12 10 12 1 10 12 1 10 12 1 10 12 1 1 10 12 1 10 12 1 10 10 12 1 1 10 12 1 10 12 1 10 12 1 10 10 100 12 1 1 1 10 10 12 1 1 9 12 1 1 10 100 12 1 1 10 100 1 8 10 100 12 1 1 1 8 10 12 1 8 1 10 12 1 10 12 1 10 100 12 1 1 1 10 100 12 1 1 1 7 1 10 12 100 1 8 1 10 10 12 1 1 10 12 1 1 10 12 1 10 12 1 10 12 1 1 10 12 1 10 12 1 10 12 1 10 12 1 10 12 1 10 12 10 12 1 10 12 1 10 12 1 10 12 1 10 12 1 10 12 1 10 12 1 10 12 1 10 12 1 10 12 1 10 12 10 12 10 12 1 10 12 1 10 12 1 10 12 10 12 1 10 12 1 10 12 1 10 12 1 10 12 1 10 12 1 10 12 1 10 12 1 10 12 1 10 12 1 10 12 1 7 1 10 12 1 9 7 12 1 1 1 9 7 1 9 12 1 1 100 1 100 1 100 1 100 1 1 1 1 5 0 1 1 1 1 1 1 1 1 1 1 1 1 1 1 1 1 1 1 1 1 1 1 1 1 1 1 1 1 1 1 1 1 1 1 1 1 1 1 1 1 1 1 1 1 1 1 1 1 1 1 1 1 1 1 1 1 1 1 1 1 1 100 1 1 1 1 1 100 1 1 1 1 1 1 1 1 1 1 1 1 1 1 1 1 1 1
staticfield java/lang/StringBuffer serialPersistentFields [Ljava/io/ObjectStreamField; 3 [Ljava/io/ObjectStreamField;
ciInstanceKlass java/lang/StringBuilder 1 1 422 10 7 12 1 1 1 10 12 1 10 12 1 10 12 1 1 10 7 12 1 1 1 10 7 12 1 1 1 10 12 1 10 12 1 10 12 1 10 12 1 10 12 1 10 12 1 10 12 1 10 12 1 10 12 1 10 12 1 10 12 1 10 12 1 10 12 1 10 12 1 1 10 12 1 10 12 1 1 10 12 1 1 10 12 1 10 12 1 10 12 1 10 12 1 10 12 1 10 12 1 10 12 1 10 12 10 12 1 10 12 1 10 12 1 10 12 1 1 10 12 1 10 12 1 10 12 10 12 1 1 10 12 1 10 12 1 10 12 1 10 100 12 1 1 1 9 12 1 1 10 12 1 10 12 1 1 10 12 1 1 9 12 1 1 10 100 12 1 1 1 10 100 1 10 12 1 1 10 100 12 1 1 10 12 1 10 12 1 1 100 1 100 1 8 1 10 10 12 1 1 10 12 1 10 12 1 10 12 1 1 10 12 1 10 12 1 10 12 1 10 12 1 10 12 1 10 12 10 12 1 10 12 1 10 12 1 10 12 1 10 12 1 10 12 1 10 12 1 10 12 1 10 12 1 1 10 12 1 1 10 12 1 10 12 1 10 12 1 10 12 10 12 10 12 1 10 12 1 10 12 1 10 12 10 12 1 10 12 1 10 12 1 10 12 1 10 12 1 10 12 1 10 12 1 10 12 1 10 12 1 1 10 12 1 10 12 1 1 10 12 1 10 12 1 1 10 12 1 10 12 1 1 10 12 1 10 12 1 10 12 1 10 10 12 1 10 12 1 100 1 100 1 100 1 100 1 1 1 1 5 0 1 1 1 1 1 1 1 1 1 1 1 1 1 1 1 1 1 1 1 1 1 1 1 1 1 1 1 1 1 1 1 1 1 1 1 1 1 1 1 1 1 1 1 1 100 1 1 1 100 1 1 1 1 1 1 1 1 1 1 1
ciInstanceKlass jdk/internal/misc/UnsafeConstants 1 1 34 10 100 12 1 1 1 9 7 12 1 1 1 9 12 1 9 12 1 1 9 12 1 9 12 1 1 1 1 1 1 1 1 1
staticfield jdk/internal/misc/UnsafeConstants ADDRESS_SIZE0 I 8
staticfield jdk/internal/misc/UnsafeConstants PAGE_SIZE I 4096
staticfield jdk/internal/misc/UnsafeConstants BIG_ENDIAN Z 0
staticfield jdk/internal/misc/UnsafeConstants UNALIGNED_ACCESS Z 1
staticfield jdk/internal/misc/UnsafeConstants DATA_CACHE_LINE_FLUSH_SIZE I 0
ciInstanceKlass jdk/internal/misc/Unsafe 1 1 1287 10 7 12 1 1 1 9 7 12 1 1 1 9 12 1 1 10 12 1 1 10 7 12 1 1 1 10 12 1 1 10 12 1 1 10 12 1 1 10 12 1 1 10 12 1 1 10 12 1 1 10 12 1 1 10 12 1 1 10 12 1 1 10 12 1 1 10 12 1 1 10 12 1 1 10 12 1 1 10 12 1 10 12 1 100 1 10 10 12 1 1 10 12 1 1 5 0 10 12 1 1 10 12 1 1 10 7 12 1 1 1 10 12 1 1 10 12 1 10 12 1 10 12 1 1 10 12 1 1 10 12 1 10 12 1 100 1 100 1 10 8 1 10 12 1 1 10 12 1 8 1 10 12 1 1 10 12 1 10 12 1 10 12 1 1 10 12 1 10 12 1 1 10 12 1 1 10 12 1 10 12 1 10 12 1 10 12 1 1 10 12 1 10 12 1 10 12 1 1 10 12 1 5 0 5 0 5 0 10 12 1 10 12 1 10 12 1 10 12 1 10 12 1 10 12 1 10 12 1 10 12 1 10 12 1 1 10 12 1 10 12 1 100 1 8 1 10 100 1 10 10 12 1 1 10 12 1 1 10 12 1 10 12 1 1 10 12 1 1 10 12 1 10 12 1 1 10 12 1 9 7 12 1 1 9 12 1 100 1 10 10 12 1 1 8 1 10 8 1 8 1 10 12 1 1 9 7 12 1 1 1 9 100 1 9 7 1 9 7 1 9 9 100 1 9 7 1 9 100 1 10 12 1 1 10 12 1 1 10 12 1 1 10 12 1 1 5 0 5 0 9 12 1 1 10 12 1 10 12 1 10 12 1 1 10 12 1 1 10 12 1 8 1 3 10 12 1 1 10 12 1 1 10 12 1 10 12 1 1 10 12 1 1 10 12 1 10 12 1 10 12 1 10 12 1 10 12 1 10 12 1 1 10 12 1 1 10 12 1 10 12 1 10 12 1 10 12 1 10 12 1 10 12 1 1 10 12 1 1 10 12 1 10 12 1 10 12 1 10 12 1 10 12 1 10 12 1 1 10 12 1 1 10 12 1 1 10 12 1 1 10 12 1 10 12 1 10 12 1 10 12 1 10 12 1 10 12 1 10 12 1 1 10 12 1 1 10 12 1 10 12 1 10 12 1 10 12 1 10 12 1 10 12 1 10 12 1 1 10 12 1 1 10 12 1 10 12 1 10 12 1 10 12 1 10 12 1 10 12 1 10 12 1 10 12 1 1 10 12 1 10 12 1 10 12 1 10 12 1 10 12 1 1 10 12 1 10 12 1 10 12 1 10 12 1 10 12 1 10 12 1 10 12 1 10 12 1 1 10 12 1 10 12 1 10 12 1 10 12 1 10 12 1 10 12 1 1 10 12 1 10 12 1 10 12 1 1 10 12 1 10 12 1 10 12 1 10 12 1 10 12 1 10 12 1 10 12 1 10 12 1 10 12 1 10 12 1 10 12 1 10 12 1 10 12 1 10 12 1 10 12 1 10 12 1 10 12 1 10 12 1 10 12 1 10 12 1 10 12 1 10 12 1 10 12 1 100 1 10 100 1 10 9 12 1 5 0 10 12 1 1 5 0 10 12 1 5 0 10 12 1 10 12 1 10 12 1 1 10 12 1 1 10 12 1 10 12 1 10 12 1 10 12 1 1 10 12 1 10 12 1 10 12 1 10 12 1 10 12 1 1 10 12 1 10 12 1 10 12 1 10 12 1 1 10 12 1 10 12 1 10 12 1 1 10 12 1 10 12 1 10 12 1 10 12 1 1 10 12 1 10 10 12 1 1 10 12 1 10 12 1 1 10 12 1 10 12 5 0 5 0 5 0 10 12 1 1 10 12 1 10 12 1 10 12 10 100 12 1 1 8 1 100 1 11 12 1 1 8 1 11 12 1 1 10 100 12 1 1 10 12 1 10 12 1 10 12 1 10 12 1 10 12 1 1 10 12 1 10 12 1 10 12 1 10 12 1 10 12 1 10 12 1 10 7 1 10 12 1 9 12 1 7 1 9 12 1 7 1 9 12 1 7 1 9 12 1 7 1 9 12 1 7 1 9 12 1 7 1 9 12 1 7 1 9 12 1 7 1 9 12 1 10 12 1 9 12 1 9 12 1 9 12 1 9 12 1 9 12 1 9 12 1 9 12 1 9 12 1 9 12 1 9 12 1 1 1 3 1 1 1 1 1 1 1 1 1 1 1 1 1 1 1 1 1 1 1 1 1 1 1 1 1 1 1 1 1 1 1 1 1 1 1 1 1 1 1 1 1 1 1 1 1 1 1 1 1 1 1 1 1 1 1 1 1 1 1 1 1 1 1 1 1 1 1 1 1 1 1 1 1 1 1 1 1 1 1 1 1 1 1 1 1 1 1 1 1 100 1 1 1 1 1 1 1 1 1 1 1 1 1 1 1 1 1 1 1 1 1 1 1 1 1 1 1 1 1 1 1 1 1 1 1 1 1 1 1 1 1 1 1 1 1 1 1 1 1 1 1 1 1 1 1 1 1 1 1 1 1 1 1 1 1 1 1 1 1 1 1 1 1 1 1 1 1 1 1 1 1 1 1 1 1 1 1 1 1 1 1 1 1 1 1 1 1 1 1 1 1 1 1 1 1 1 1 1 1 1 1 1 1 1 1 1 1 1 1 1 1 1 1 1 1 1 1 1 1 1 1 1 1 1 1 1 1 1 1 1 1 1 1 1 1 1 1 1 1 1 1 1 1 1 1 1 1 1 1 1 1 1 1 1 1 1 1 1 1 1 1 1 1 1 1 1 1 1 1 1 1 1 1 1 1 1 1 1 1 1 1 1 1 1 1 1 1 1 1 1 1 1 1 1 1 1 3 1 1 1 1 1 1 1 1 1 1 1 1 1 1 1 1 1 1 1 1 1
staticfield jdk/internal/misc/Unsafe theUnsafe Ljdk/internal/misc/Unsafe; jdk/internal/misc/Unsafe
staticfield jdk/internal/misc/Unsafe ARRAY_BOOLEAN_BASE_OFFSET I 16
staticfield jdk/internal/misc/Unsafe ARRAY_BYTE_BASE_OFFSET I 16
staticfield jdk/internal/misc/Unsafe ARRAY_SHORT_BASE_OFFSET I 16
staticfield jdk/internal/misc/Unsafe ARRAY_CHAR_BASE_OFFSET I 16
staticfield jdk/internal/misc/Unsafe ARRAY_INT_BASE_OFFSET I 16
staticfield jdk/internal/misc/Unsafe ARRAY_LONG_BASE_OFFSET I 16
staticfield jdk/internal/misc/Unsafe ARRAY_FLOAT_BASE_OFFSET I 16
staticfield jdk/internal/misc/Unsafe ARRAY_DOUBLE_BASE_OFFSET I 16
staticfield jdk/internal/misc/Unsafe ARRAY_OBJECT_BASE_OFFSET I 16
staticfield jdk/internal/misc/Unsafe ARRAY_BOOLEAN_INDEX_SCALE I 1
staticfield jdk/internal/misc/Unsafe ARRAY_BYTE_INDEX_SCALE I 1
staticfield jdk/internal/misc/Unsafe ARRAY_SHORT_INDEX_SCALE I 2
staticfield jdk/internal/misc/Unsafe ARRAY_CHAR_INDEX_SCALE I 2
staticfield jdk/internal/misc/Unsafe ARRAY_INT_INDEX_SCALE I 4
staticfield jdk/internal/misc/Unsafe ARRAY_LONG_INDEX_SCALE I 8
staticfield jdk/internal/misc/Unsafe ARRAY_FLOAT_INDEX_SCALE I 4
staticfield jdk/internal/misc/Unsafe ARRAY_DOUBLE_INDEX_SCALE I 8
staticfield jdk/internal/misc/Unsafe ARRAY_OBJECT_INDEX_SCALE I 4
staticfield jdk/internal/misc/Unsafe ADDRESS_SIZE I 8
ciInstanceKlass jdk/internal/module/Modules 1 1 504 10 100 12 1 1 1 9 7 12 1 1 1 11 7 12 1 1 1 11 12 1 1 11 12 1 1 11 12 1 1 11 12 1 11 12 1 11 12 1 11 12 1 11 12 1 1 10 100 12 1 1 1 10 100 12 1 1 1 18 12 1 1 10 100 12 1 1 1 100 1 10 100 12 1 1 1 10 100 12 1 1 1 10 100 12 1 1 10 12 1 1 11 12 1 9 12 1 1 11 100 12 1 1 1 10 12 1 1 10 10 12 1 10 9 12 1 1 10 100 12 1 1 10 12 1 1 10 100 12 1 1 100 1 11 100 12 1 1 1 10 100 12 1 1 1 11 100 12 1 1 10 12 1 1 10 100 12 1 1 10 100 12 1 1 1 10 12 1 1 10 12 1 1 11 12 1 1 18 12 1 1 11 100 12 1 1 10 100 12 1 1 1 11 100 12 1 1 1 100 1 11 12 1 1 11 100 12 1 1 1 11 12 1 1 10 12 1 1 10 100 12 1 1 18 12 1 1 11 12 1 1 18 12 1 1 11 12 1 1 10 12 1 18 18 10 12 1 1 9 12 1 1 11 100 12 1 1 1 100 1 10 11 12 1 11 12 1 1 11 12 1 1 10 100 1 10 12 1 1 10 100 12 1 1 10 12 1 1 11 12 10 12 1 1 100 1 10 18 12 1 10 12 1 1 100 1 8 1 10 12 1 10 100 12 1 1 18 12 1 11 11 12 10 12 1 10 10 100 1 18 12 1 10 10 10 7 12 1 1 10 7 12 1 1 1 10 12 1 1 1 1 1 1 1 1 1 1 1 1 1 1 1 1 1 1 1 1 1 1 1 1 1 1 1 1 1 1 1 1 1 100 1 1 1 1 1 1 1 1 1 1 1 1 1 1 1 1 1 1 1 1 1 1 1 1 1 1 1 1 1 1 1 1 1 1 1 100 1 1 1 1 1 1 1 1 1 1 1 1 1 1 1 1 1 1 1 1 1 1 1 16 15 10 12 1 16 16 15 10 12 1 16 1 16 1 15 10 12 1 16 1 16 1 15 10 12 16 1 15 10 16 1 15 10 12 16 1 15 10 12 16 15 10 12 16 15 10 12 15 10 100 12 1 1 1 1 1 1 100 1 100 1 1
staticfield jdk/internal/module/Modules JLA Ljdk/internal/access/JavaLangAccess; java/lang/System$2
staticfield jdk/internal/module/Modules JLMA Ljdk/internal/access/JavaLangModuleAccess; java/lang/module/ModuleDescriptor$1
staticfield jdk/internal/module/Modules $assertionsDisabled Z 1
ciInstanceKlass java/lang/AutoCloseable 1 0 12 100 1 100 1 1 1 1 7 1 1 1
ciInstanceKlass java/io/Closeable 1 0 14 100 1 100 1 100 1 1 1 1 7 1 1 1
instanceKlass sun/net/www/http/ChunkedInputStream
instanceKlass sun/net/www/protocol/http/EmptyInputStream
instanceKlass org/apache/http/conn/EofSensorInputStream
instanceKlass sun/nio/ch/NioSocketImpl$1
instanceKlass java/net/Socket$SocketInputStream
instanceKlass sun/security/ssl/SSLSocketImpl$AppInputStream
instanceKlass org/apache/http/impl/conn/LoggingInputStream
instanceKlass org/apache/http/impl/io/ContentLengthInputStream
instanceKlass org/apache/http/impl/io/EmptyInputStream
instanceKlass org/apache/http/impl/io/IdentityInputStream
instanceKlass org/apache/http/impl/io/ChunkedInputStream
instanceKlass org/apache/http/client/entity/DeflateInputStream
instanceKlass com/fasterxml/jackson/core/io/MergedStream
instanceKlass java/io/ObjectInputStream$PeekInputStream
instanceKlass java/io/ObjectInputStream$BlockDataInputStream
instanceKlass com/sun/imageio/plugins/common/InputStreamAdapter
instanceKlass java/io/SequenceInputStream
instanceKlass org/apache/xerces/impl/XMLEntityManager$RewindableInputStream
instanceKlass sun/nio/ch/ChannelInputStream
instanceKlass java/io/ObjectInputStream
instanceKlass java/util/zip/ZipFile$ZipFileInputStream
instanceKlass java/io/FilterInputStream
instanceKlass java/io/FileInputStream
instanceKlass java/io/ByteArrayInputStream
ciInstanceKlass java/io/InputStream 1 1 195 100 1 10 7 12 1 1 1 100 1 10 10 7 12 1 1 1 10 7 12 1 1 1 10 12 1 7 1 3 10 12 1 1 100 1 8 1 10 12 1 10 7 12 1 1 1 3 100 1 8 1 10 10 7 12 1 1 1 7 1 10 11 7 12 1 1 1 10 12 1 1 11 12 1 1 11 7 12 1 1 1 11 12 1 1 7 1 10 7 12 1 1 1 5 0 10 12 1 10 12 1 1 100 1 10 8 1 10 8 1 8 1 10 12 1 1 10 7 12 1 1 1 100 1 5 0 10 12 1 100 1 100 1 1 1 1 3 1 3 1 1 1 1 1 1 1 1 1 1 1 1 1 1 1 1 1 1 1 1 1 1 1 1 1 1 1 1 1 1 1 1 1 1 1 1 1 1 1 1 1 1 1 1 1 1 1 1 1 1 1 1 1 1 1
ciInstanceKlass java/io/ByteArrayInputStream 1 1 117 10 7 12 1 1 1 9 7 12 1 1 1 9 12 1 1 9 12 1 9 12 1 10 7 12 1 1 1 10 7 12 1 1 1 10 7 12 1 1 1 10 7 12 1 1 1 10 12 1 1 3 10 100 1 10 100 12 1 1 1 9 12 1 1 100 1 10 10 7 12 1 1 1 1 1 1 1 1 1 1 1 1 1 1 1 1 1 1 1 1 1 1 1 1 1 1 1 1 1 1 1 100 1 1 1 1 1 1 1 1 1 1 1 1 1 1
staticfield java/io/ByteArrayInputStream $assertionsDisabled Z 1
ciInstanceKlass java/net/URL 1 1 771 10 7 12 1 1 1 10 12 1 10 7 12 1 1 9 12 1 1 9 12 1 10 7 12 1 1 1 10 12 1 1 10 12 1 1 9 12 1 1 10 7 12 1 1 1 8 1 10 12 1 1 100 1 10 10 12 1 1 8 1 10 12 1 1 9 12 1 100 1 8 1 10 12 1 10 12 1 8 1 9 12 1 10 12 1 1 9 12 1 10 12 1 10 12 1 9 12 1 9 12 1 8 1 9 12 1 10 12 1 1 8 1 9 12 1 1 10 12 1 1 10 7 12 1 1 1 8 1 10 12 1 7 1 10 12 1 10 12 1 10 12 1 10 12 1 1 10 12 1 1 8 1 10 12 1 1 10 12 1 8 1 9 12 1 8 1 10 12 1 10 7 12 1 1 1 100 1 10 12 1 10 12 1 1 10 7 12 1 1 1 100 1 8 1 10 10 12 1 8 1 10 12 1 1 10 12 1 10 12 1 10 12 1 10 12 1 10 12 1 10 12 1 8 1 10 12 1 8 1 10 10 100 1 10 10 12 1 8 1 10 7 12 1 1 1 10 12 1 9 100 12 1 1 1 10 100 12 1 1 1 9 12 1 1 10 12 1 10 100 12 1 1 1 100 1 100 1 10 12 1 10 12 1 10 12 1 10 12 1 10 12 1 10 12 10 10 12 1 10 12 1 10 12 1 1 8 1 9 100 12 1 1 1 10 100 12 1 1 1 10 12 1 1 9 100 12 1 1 1 10 12 1 1 100 1 10 12 1 10 12 1 10 10 12 1 1 10 12 1 1 10 12 1 10 12 1 10 12 1 10 7 12 1 1 1 10 12 1 1 10 12 1 9 12 1 1 9 12 1 1 100 1 8 1 10 10 12 1 9 12 1 1 10 7 12 1 1 8 1 10 7 12 1 1 8 1 10 12 1 1 10 12 1 8 1 8 1 10 7 12 1 1 1 100 1 10 100 12 1 1 1 10 12 1 10 12 1 7 1 10 9 7 12 1 1 1 10 7 12 1 1 10 12 1 1 10 12 1 8 1 7 1 10 10 7 12 1 1 1 10 12 1 8 9 100 12 1 1 1 10 12 1 1 10 12 1 10 12 1 1 10 7 12 1 1 11 7 12 1 1 10 12 1 10 12 1 9 12 1 10 12 1 1 10 100 12 1 1 10 100 12 1 1 1 8 10 100 12 1 1 100 1 10 8 8 10 12 1 8 8 8 100 1 10 12 1 9 12 1 1 10 12 1 10 12 1 1 10 12 1 10 12 10 12 1 1 10 12 1 1 10 10 10 12 1 10 12 1 10 12 1 10 12 1 10 12 1 10 10 12 1 100 1 8 1 10 10 10 12 1 1 10 12 1 10 12 1 1 8 1 7 1 10 10 7 1 10 12 1 9 7 12 1 1 1 9 12 1 1 7 1 10 10 7 12 1 1 1 100 1 1 1 1 1 5 0 1 1 1 1 1 1 1 1 1 1 1 1 1 1 1 1 1 1 1 1 1 1 1 1 1 1 1 1 1 1 1 1 1 1 1 1 1 1 1 1 1 1 1 1 1 1 1 1 100 1 1 1 1 1 1 1 1 1 1 1 1 1 1 1 1 1 1 1 1 1 1 1 1 1 1 1 1 1 1 1 1 1 1 1 1 1 100 1 1 1 1 1 1 1 1 1 1 1 1 1 1 1 1 1 100 1 1 1 1 1 1 1 1 1 1 1 1 1 1 1 1 1 1 1
staticfield java/net/URL defaultFactory Ljava/net/URLStreamHandlerFactory; java/net/URL$DefaultFactory
staticfield java/net/URL streamHandlerLock Ljava/lang/Object; java/lang/Object
staticfield java/net/URL serialPersistentFields [Ljava/io/ObjectStreamField; 7 [Ljava/io/ObjectStreamField;
instanceKlass com/st/microxplorer/plugins/ip/gpio/gui/TextPrompt$Show
instanceKlass com/st/microxplorer/plugins/ip/gpio/model/IPTab$Property
instanceKlass javax/swing/JTable$PrintMode
instanceKlass com/st/microxplorer/plugins/projectmanager/gui/CodeGenSorting$Status
instanceKlass com/l2fprod/common/util/TextPrompt$Show
instanceKlass com/st/microxplorer/plugins/projectmanager/model/ThreadSafeStrategyEnum
instanceKlass com/st/microxplorer/codegenerator/LibMethod$OsCallType
instanceKlass javax/swing/event/RowSorterEvent$Type
instanceKlass com/st/microxplorer/plugins/power/util/Constant$LoadFileType
instanceKlass com/st/microxplorer/plugins/clock/model/clocktree/Element$EventToSend
instanceKlass com/st/microxplorer/plugins/clock/model/clocktree/VariedSource$PinoutMode
instanceKlass com/st/microxplorer/plugins/pinoutconfig/engine/Package$pinLayout
instanceKlass com/st/microxplorer/peripheralpanel/PeriphMode$modeStatus
instanceKlass com/st/microxplorer/mcu/SwPackDiagnosticSeverity
instanceKlass org/sqlite/SQLiteLimits
instanceKlass java/nio/file/StandardCopyOption
instanceKlass org/sqlite/SQLiteOpenMode
instanceKlass org/sqlite/SQLiteConfig$HexKeyMode
instanceKlass org/sqlite/SQLiteConfig$DateClass
instanceKlass org/sqlite/SQLiteConfig$DatePrecision
instanceKlass org/sqlite/SQLiteConfig$TransactionMode
instanceKlass org/sqlite/SQLiteConfig$TempStore
instanceKlass org/sqlite/SQLiteConfig$SynchronousMode
instanceKlass org/sqlite/SQLiteConfig$LockingMode
instanceKlass org/sqlite/SQLiteConfig$JournalMode
instanceKlass org/sqlite/SQLiteConfig$Encoding
instanceKlass org/sqlite/SQLiteConfig$Pragma
instanceKlass com/st/microxplorer/plugins/thirdparty/model/ThirdPartyModelManager$ModelRefreshType
instanceKlass com/st/microxplorer/plugins/thirdparty/db/solver/getter/api/ApiAttribute
instanceKlass com/st/microxplorer/plugins/thirdparty/db/solver/condition/EvaluationContext
instanceKlass com/st/microxplorer/plugins/thirdparty/model/PackStatus
instanceKlass com/st/microxplorer/plugins/thirdparty/gui/controller/FilterCriterion
instanceKlass com/st/microxplorer/mcu/GPIOService$KeyType
instanceKlass com/st/microxplorer/mcu/Middleware$MigrationState
instanceKlass java/awt/event/FocusEvent$Cause
instanceKlass sun/java2d/marlin/DMarlinRenderingEngine$NormMode
instanceKlass javax/swing/SwingWorker$StateValue
instanceKlass com/st/microxplorer/plugins/thirdparty/ThirdPartyMcuManager$SupportedCore
instanceKlass com/fasterxml/jackson/annotation/JsonCreator$Mode
instanceKlass com/st/microxplorer/mcu/bootpath/IBootPathService$BootPathType
instanceKlass com/st/ipmodeconfigmanager/engine/EngineConstants$LogicalOperator
instanceKlass com/st/microxplorer/plugins/thirdparty/xml/XmlThirdPartyPack$XmlPackCompatibiltyStatus
instanceKlass com/st/microxplorer/plugins/thirdparty/engine/EngineStatus
instanceKlass com/st/microxplorer/externaltools/STToolsIconsPanel$OS_TYPE
instanceKlass sun/security/ssl/SSLMasterKeyDerivation
instanceKlass sun/security/ssl/X509Authentication
instanceKlass sun/net/www/protocol/http/HttpURLConnection$TunnelState
instanceKlass javax/swing/text/html/StyleSheet$BoxPainter$HorizontalMargin
instanceKlass org/apache/poi/ss/usermodel/BorderStyle
instanceKlass sun/security/ssl/Alert$Level
instanceKlass sun/security/ssl/Alert
instanceKlass org/apache/http/conn/ssl/DefaultHostnameVerifier$HostNameType
instanceKlass javax/net/ssl/SSLEngineResult$HandshakeStatus
instanceKlass sun/security/ssl/Finished$VerifyDataScheme
instanceKlass sun/security/validator/CADistrustPolicy
instanceKlass java/text/Normalizer$Form
instanceKlass sun/security/ssl/SSLTrafficKeyDerivation$KeySchedule
instanceKlass sun/security/ssl/SSLTrafficKeyDerivation
instanceKlass sun/security/ssl/SSLSecretDerivation$SecretSchedule
instanceKlass sun/security/ssl/ContentType
instanceKlass sun/security/ssl/SSLKeyExchange$T12KeyAgreement
instanceKlass sun/security/ssl/PskKeyExchangeModesExtension$PskKeyExchangeMode
instanceKlass sun/security/ssl/ECPointFormatsExtension$ECPointFormat
instanceKlass sun/security/ssl/CertStatusExtension$CertStatusRequestType
instanceKlass sun/security/ssl/SSLExtension
instanceKlass sun/security/ssl/SignatureScheme$SigAlgParamSpec
instanceKlass sun/security/ssl/SignatureScheme
instanceKlass sun/security/ssl/ClientAuthType
instanceKlass sun/security/ssl/SSLHandshake
instanceKlass java/net/Proxy$Type
instanceKlass java/net/StandardProtocolFamily
instanceKlass org/apache/http/conn/routing/RouteInfo$LayerType
instanceKlass org/apache/http/conn/routing/RouteInfo$TunnelType
instanceKlass org/apache/http/auth/AuthProtocolState
instanceKlass org/apache/http/impl/cookie/RFC6265CookieSpecProvider$CompatibilityLevel
instanceKlass org/apache/http/impl/cookie/DefaultCookieSpecProvider$CompatibilityLevel
instanceKlass sun/security/rsa/RSAUtil$KeyType
instanceKlass sun/security/ssl/NamedGroup
instanceKlass sun/security/ssl/NamedGroup$NamedGroupSpec
instanceKlass sun/security/ssl/CipherSuite$KeyExchange
instanceKlass sun/security/ssl/CipherSuite$MacAlg
instanceKlass sun/security/ssl/CipherSuite$HashAlg
instanceKlass sun/security/ssl/CipherType
instanceKlass sun/security/ssl/SSLCipher
instanceKlass sun/security/ssl/CipherSuite
instanceKlass java/security/CryptoPrimitive
instanceKlass sun/security/ssl/SSLScope
instanceKlass sun/security/util/DisabledAlgorithmConstraints$Constraint$Operator
instanceKlass sun/security/ssl/ProtocolVersion
instanceKlass org/slf4j/helpers/Reporter$Level
instanceKlass org/slf4j/helpers/Reporter$TargetChoice
instanceKlass org/apache/http/conn/util/DomainType
instanceKlass javax/xml/catalog/CatalogFeatures$State
instanceKlass javax/xml/catalog/CatalogFeatures$Feature
instanceKlass com/sun/org/apache/xalan/internal/utils/XMLSecurityPropertyManager$Property
instanceKlass com/sun/org/apache/xalan/internal/utils/FeaturePropertyBase$State
instanceKlass com/st/microxplorer/plugins/power/gui/common/PowerIconsList
instanceKlass javax/swing/SortOrder
instanceKlass org/jdesktop/swingx/JXCollapsiblePane$Direction
instanceKlass org/jdesktop/swingx/ScrollableSizeHint
instanceKlass org/jdesktop/swingx/painter/AbstractAreaPainter$Style
instanceKlass org/jdesktop/swingx/painter/AbstractLayoutPainter$HorizontalAlignment
instanceKlass org/jdesktop/swingx/painter/AbstractLayoutPainter$VerticalAlignment
instanceKlass org/jdesktop/swingx/painter/AbstractPainter$Interpolation
instanceKlass javax/swing/text/PlainView$FPMethodArgs
instanceKlass com/fasterxml/jackson/annotation/JsonFormat$Feature
instanceKlass com/fasterxml/jackson/annotation/JsonProperty$Access
instanceKlass com/fasterxml/jackson/databind/cfg/ConstructorDetector$SingleArgConstructor
instanceKlass com/fasterxml/jackson/databind/AnnotationIntrospector$ReferenceProperty$Type
instanceKlass com/fasterxml/jackson/annotation/PropertyAccessor
instanceKlass com/fasterxml/jackson/core/JsonEncoding
instanceKlass com/st/microxplorer/plugins/thirdparty/xml/SoftwarePackStatus
instanceKlass com/st/microxplorer/plugins/thirdparty/xml/PackRequirement$PackRequirementStatus
instanceKlass com/st/microxplorer/plugins/thirdparty/model/DependencyResolutionStatus
instanceKlass com/st/microxplorer/plugins/thirdparty/model/DependencyStatus
instanceKlass com/st/microxplorer/plugins/thirdparty/db/solver/getter/processor/ProcessorAttribute
instanceKlass com/st/microxplorer/plugins/thirdparty/db/solver/getter/toolchain/ToolchainAttribute
instanceKlass com/st/microxplorer/plugins/thirdparty/db/solver/getter/component/ComponentAttribute
instanceKlass com/st/microxplorer/plugins/thirdparty/db/solver/matcher/TestMatcherType
instanceKlass com/st/microxplorer/plugins/thirdparty/db/solver/getter/device/DeviceAttribute
instanceKlass com/st/components/pdscmanager/xml/PackXsdList
instanceKlass com/vdurmont/semver4j/Semver$SemverType
instanceKlass com/st/microxplorer/plugins/thirdparty/ThirdParty$ThirdPartyUiOpeningMode
instanceKlass jdk/internal/icu/util/CodePointTrie$ValueWidth
instanceKlass jdk/internal/icu/util/CodePointTrie$Type
instanceKlass com/st/microxplorer/mcu/MiddleWareConstants$RtosType
instanceKlass com/st/microxplorer/mcu/rtos/RtosApiDefinition$RtosDataFieldType
instanceKlass jakarta/xml/bind/annotation/XmlAccessOrder
instanceKlass org/glassfish/jaxb/core/v2/model/core/ID
instanceKlass org/glassfish/jaxb/core/v2/model/core/PropertyKind
instanceKlass org/glassfish/jaxb/runtime/v2/model/impl/ClassInfoImpl$PropertyGroup
instanceKlass org/glassfish/jaxb/runtime/v2/model/impl/ClassInfoImpl$SecondaryAnnotation
instanceKlass jakarta/xml/bind/annotation/XmlAccessType
instanceKlass com/sun/org/apache/xerces/internal/utils/XMLSecurityPropertyManager$Property
instanceKlass com/sun/org/apache/xerces/internal/utils/XMLSecurityPropertyManager$State
instanceKlass jdk/xml/internal/XMLSecurityManager$NameMap
instanceKlass jdk/xml/internal/XMLSecurityManager$Processor
instanceKlass jdk/xml/internal/XMLSecurityManager$Limit
instanceKlass jdk/xml/internal/JdkProperty$State
instanceKlass jdk/xml/internal/JdkProperty$ImplPropMap
instanceKlass jdk/xml/internal/JdkXmlFeatures$XmlFeature
instanceKlass com/st/library/analyticscore/initialization/configuration/ValidationMode
instanceKlass com/st/library/requestcontroller/TimeThreshold
instanceKlass com/st/library/analyticscore/AnalyticsState
instanceKlass java/time/chrono/ThaiBuddhistEra
instanceKlass java/time/chrono/MinguoEra
instanceKlass java/time/chrono/HijrahEra
instanceKlass java/time/format/TextStyle
instanceKlass java/time/format/DateTimeFormatterBuilder$SettingsParser
instanceKlass java/time/format/ResolverStyle
instanceKlass java/time/format/SignStyle
instanceKlass java/time/temporal/JulianFields$Field
instanceKlass java/time/temporal/IsoFields$Unit
instanceKlass java/time/temporal/IsoFields$Field
instanceKlass java/lang/invoke/MethodHandleImpl$ArrayAccess
instanceKlass java/time/temporal/ChronoUnit
instanceKlass java/time/temporal/ChronoField
instanceKlass java/time/zone/ZoneOffsetTransitionRule$TimeDefinition
instanceKlass java/time/DayOfWeek
instanceKlass java/time/Month
instanceKlass com/st/library/layout/DataFormat
instanceKlass com/st/library/analyticscore/ToolID
instanceKlass com/st/microxplorer/plugin/PluginView$Application
instanceKlass com/st/microxplorer/plugin/IPluginRibbonBar$standardRibbon
instanceKlass com/st/microxplorer/plugin/IPluginToolBar$standardTB
instanceKlass com/sun/beans/util/Cache$Kind
instanceKlass javax/swing/ClientPropertyKey
instanceKlass javax/swing/DropMode
instanceKlass com/fasterxml/jackson/databind/util/AccessPattern
instanceKlass com/fasterxml/jackson/core/JsonToken
instanceKlass com/fasterxml/jackson/core/StreamReadCapability
instanceKlass com/fasterxml/jackson/core/JsonParser$NumberType
instanceKlass com/fasterxml/jackson/databind/DeserializationFeature
instanceKlass com/fasterxml/jackson/databind/cfg/JsonNodeFeature
instanceKlass com/fasterxml/jackson/databind/cfg/EnumFeature
instanceKlass com/fasterxml/jackson/databind/SerializationFeature
instanceKlass com/fasterxml/jackson/core/util/Separators$Spacing
instanceKlass com/fasterxml/jackson/databind/MapperFeature
instanceKlass com/fasterxml/jackson/annotation/JsonFormat$Shape
instanceKlass com/fasterxml/jackson/databind/cfg/CoercionInputShape
instanceKlass com/fasterxml/jackson/databind/cfg/CoercionAction
instanceKlass com/fasterxml/jackson/databind/type/LogicalType
instanceKlass com/fasterxml/jackson/annotation/JsonAutoDetect$Visibility
instanceKlass com/fasterxml/jackson/annotation/Nulls
instanceKlass com/fasterxml/jackson/annotation/JsonInclude$Include
instanceKlass com/fasterxml/jackson/core/JsonGenerator$Feature
instanceKlass com/fasterxml/jackson/core/JsonParser$Feature
instanceKlass com/fasterxml/jackson/core/JsonFactory$Feature
instanceKlass com/fasterxml/jackson/core/Base64Variant$PaddingReadBehaviour
instanceKlass com/fasterxml/jackson/databind/util/internal/PrivateMaxEntriesMap$DrainStatus
instanceKlass com/st/microxplorer/plugin/IPluginMenuBar$standardMenu
instanceKlass com/st/microxplorer/customgui/STGuiConst$CheckIconType
instanceKlass com/st/microxplorer/customgui/STGraphicChart
instanceKlass com/st/microxplorer/db/Rule$RuleAttribute
instanceKlass java/awt/Dialog$ModalityType
instanceKlass java/awt/EventFilter$FilterAction
instanceKlass java/awt/Component$BaselineResizeBehavior
instanceKlass com/sun/java/swing/plaf/windows/TMSchema$Control
instanceKlass com/sun/java/swing/plaf/windows/TMSchema$Part
instanceKlass java/awt/Dialog$ModalExclusionType
instanceKlass java/awt/desktop/UserSessionEvent$Reason
instanceKlass sun/awt/OSInfo$OSType
instanceKlass jdk/internal/util/OperatingSystem
instanceKlass sun/java2d/StateTrackable$State
instanceKlass java/security/DrbgParameters$Capability
instanceKlass sun/security/util/KnownOIDs
instanceKlass sun/awt/AppContext$State
instanceKlass com/st/microxplorer/customgui/IconsList
instanceKlass java/awt/Window$Type
instanceKlass sun/font/EAttribute
instanceKlass org/apache/logging/log4j/core/config/LoggerConfig$LoggerConfigPredicate
instanceKlass org/apache/logging/log4j/core/config/status/StatusConfiguration$Verbosity
instanceKlass java/nio/file/AccessMode
instanceKlass java/math/RoundingMode
instanceKlass com/sun/management/VMOption$Origin
instanceKlass com/sun/management/HotSpotDiagnosticMXBean$ThreadDumpFormat
instanceKlass java/lang/management/MemoryType
instanceKlass java/lang/annotation/ElementType
instanceKlass sun/util/logging/PlatformLogger$Level
instanceKlass java/lang/System$Logger$Level
instanceKlass jdk/internal/logger/BootstrapLogger$LoggingBackend
instanceKlass org/apache/logging/log4j/core/appender/ConsoleAppender$Target
instanceKlass org/apache/logging/log4j/core/pattern/NameAbbreviator$MaxElementAbbreviator$Strategy
instanceKlass sun/util/locale/provider/LocaleProviderAdapter$Type
instanceKlass java/util/Locale$Category
instanceKlass org/apache/logging/log4j/core/util/datetime/FixedDateFormat$FixedTimeZoneFormat
instanceKlass org/apache/logging/log4j/core/util/datetime/FixedDateFormat$FixedFormat
instanceKlass org/apache/logging/log4j/core/pattern/PatternParser$ParserState
instanceKlass java/lang/reflect/ProxyGenerator$PrimitiveTypeInfo
instanceKlass java/lang/annotation/RetentionPolicy
instanceKlass org/apache/logging/log4j/core/async/ThreadNameCachingStrategy
instanceKlass java/util/stream/Collector$Characteristics
instanceKlass java/util/stream/MatchOps$MatchKind
instanceKlass java/io/ObjectInputFilter$Status
instanceKlass java/util/stream/StreamShape
instanceKlass java/lang/StackStreamFactory$WalkerState
instanceKlass java/lang/StackWalker$ExtendedOption
instanceKlass java/lang/StackWalker$Option
instanceKlass org/apache/logging/log4j/core/LifeCycle$State
instanceKlass org/apache/logging/log4j/spi/StandardLevel
instanceKlass java/util/regex/Pattern$Qtype
instanceKlass java/util/stream/StreamOpFlag$Type
instanceKlass java/util/stream/StreamOpFlag
instanceKlass java/util/zip/ZipCoder$Comparison
instanceKlass java/nio/file/LinkOption
instanceKlass sun/nio/fs/WindowsPathType
instanceKlass java/nio/file/StandardOpenOption
instanceKlass java/util/concurrent/TimeUnit
instanceKlass java/lang/invoke/MethodHandles$Lookup$ClassOption
instanceKlass java/lang/invoke/VarHandle$AccessType
instanceKlass java/lang/invoke/VarHandle$AccessMode
instanceKlass java/lang/invoke/MethodHandleImpl$Intrinsic
instanceKlass java/lang/invoke/LambdaForm$BasicType
instanceKlass java/lang/invoke/LambdaForm$Kind
instanceKlass sun/invoke/util/Wrapper
instanceKlass java/io/File$PathStatus
instanceKlass java/lang/module/ModuleDescriptor$Requires$Modifier
instanceKlass java/lang/reflect/AccessFlag$Location
instanceKlass java/lang/reflect/AccessFlag
instanceKlass java/lang/module/ModuleDescriptor$Modifier
instanceKlass java/lang/reflect/ClassFileFormatVersion
instanceKlass java/lang/Thread$State
ciInstanceKlass java/lang/Enum 1 1 204 9 7 12 1 1 1 9 12 1 1 10 7 12 1 1 1 9 12 1 10 7 12 1 1 1 100 1 10 10 12 1 1 10 12 1 100 1 10 10 7 12 1 1 10 12 1 1 18 12 1 1 10 100 12 1 1 1 10 12 1 1 11 7 12 1 1 1 100 1 8 1 10 12 1 100 1 100 1 10 8 1 10 12 1 1 10 12 1 1 8 1 10 12 1 10 100 1 8 1 10 10 12 1 1 10 100 12 1 1 1 100 1 100 1 100 1 1 1 1 1 1 1 1 1 1 1 1 1 1 1 1 1 1 1 1 1 1 1 1 1 1 1 1 1 1 1 1 1 1 1 1 1 1 1 1 1 1 1 1 1 1 1 3 1 1 1 1 100 1 100 1 1 100 1 1 1 1 1 1 1 1 1 1 1 16 15 10 12 16 15 10 100 12 1 1 1 1 1 100 1 100 1 1
ciInstanceKlass java/util/jar/Manifest 1 1 339 10 7 12 1 1 1 7 1 10 9 7 12 1 1 1 7 1 10 9 12 1 1 9 12 1 1 10 12 1 10 12 1 1 10 12 1 1 10 12 1 1 10 12 1 1 11 7 1 11 12 1 1 10 12 1 1 10 100 12 1 1 1 100 1 100 1 10 8 1 10 12 1 1 10 12 1 1 10 12 1 10 12 1 11 100 1 10 12 1 10 12 1 1 11 12 1 1 10 12 1 11 12 1 1 11 100 12 1 1 1 11 100 12 1 1 11 12 1 1 100 1 10 12 1 8 1 11 12 1 100 1 10 12 1 1 11 12 1 10 12 1 10 12 1 10 100 12 1 1 1 8 1 10 12 1 1 10 9 100 12 1 1 1 10 12 1 1 10 100 12 1 10 12 1 10 12 1 9 100 12 1 1 1 8 1 10 12 1 8 1 8 1 7 1 10 12 1 10 12 1 10 12 1 1 100 1 8 1 10 12 1 1 8 1 10 10 12 1 1 8 1 10 12 1 1 10 100 12 1 1 1 10 12 1 10 11 12 1 1 10 12 1 10 100 12 1 1 1 10 12 1 1 10 12 1 10 12 1 1 11 10 12 1 11 10 12 1 100 1 1 1 1 1 1 1 1 1 1 1 1 1 1 1 1 1 1 1 1 1 1 1 1 1 1 1 1 1 1 1 1 1 1 1 1 1 1 1 1 1 1 1 100 1 1 1 1 1 1 1 1 1 1 1 1 1 1 100 1 1 1 1 1 1 1 1 1 1 1
instanceKlass jdk/internal/loader/ClassLoaders$BootClassLoader
instanceKlass jdk/internal/loader/ClassLoaders$PlatformClassLoader
instanceKlass jdk/internal/loader/ClassLoaders$AppClassLoader
ciInstanceKlass jdk/internal/loader/BuiltinClassLoader 1 1 737 9 7 12 1 1 1 10 7 12 1 1 1 10 7 12 1 1 1 9 12 1 1 9 12 1 1 7 1 10 12 1 9 12 1 10 12 1 9 12 1 10 7 12 1 1 1 10 7 12 1 1 1 10 7 12 1 1 1 11 7 12 1 1 1 100 1 100 1 10 10 12 1 1 8 1 10 12 1 10 12 7 1 10 12 1 10 12 1 1 11 7 12 1 1 1 11 7 12 1 1 1 11 12 1 1 7 1 8 1 8 1 10 9 12 1 1 10 7 12 1 1 11 12 1 1 10 12 1 1 10 12 1 1 10 12 1 1 10 7 12 1 1 1 10 12 1 10 7 12 1 1 1 10 12 1 1 11 7 12 1 1 1 10 7 12 1 1 7 1 10 7 12 1 1 1 10 12 1 100 1 8 1 10 12 1 1 10 8 1 10 12 1 1 10 12 1 1 10 12 1 1 11 7 12 1 1 11 12 1 7 1 10 11 12 1 1 11 10 12 1 1 7 1 10 12 1 10 7 12 1 10 12 1 7 1 10 12 1 10 7 12 1 1 1 100 1 10 12 1 1 11 12 1 100 1 100 1 10 12 1 10 12 1 1 100 1 100 1 10 12 1 10 12 1 18 12 1 1 10 12 1 10 12 1 1 18 100 1 10 7 12 1 1 1 7 1 10 10 12 1 1 10 12 1 1 10 12 1 1 10 12 1 9 12 1 1 100 1 10 10 12 1 1 10 12 1 1 10 12 1 10 12 10 12 1 1 10 12 1 1 10 12 1 1 10 12 1 10 12 1 1 18 12 1 7 1 10 12 1 1 10 12 1 10 12 1 1 10 12 1 100 1 10 12 1 7 1 10 12 1 10 7 12 1 1 1 10 12 1 11 12 1 7 1 10 12 1 7 1 100 1 10 12 1 10 12 1 11 12 1 1 10 12 1 1 10 12 1 1 10 12 1 1 10 12 1 1 10 12 1 10 12 1 10 12 1 10 12 1 8 1 10 12 1 1 10 7 12 1 1 10 12 1 100 1 8 1 8 1 10 10 12 1 8 1 8 1 10 7 12 1 1 1 11 7 12 1 1 1 9 7 12 1 1 1 10 7 12 1 1 1 9 12 1 9 12 1 9 12 1 9 12 1 9 12 1 9 12 1 10 7 12 1 1 1 8 1 10 12 1 7 1 10 12 1 1 10 12 1 7 1 10 11 12 1 1 10 12 10 12 1 10 12 1 100 1 10 12 1 10 12 1 10 10 12 1 10 7 12 1 1 8 1 10 7 12 1 1 10 12 1 1 1 1 1 1 1 1 1 1 1 1 1 1 1 1 1 1 1 1 1 1 1 1 1 1 1 1 1 1 1 1 1 1 1 1 1 1 1 1 1 1 1 1 1 1 1 1 1 1 1 1 1 1 1 1 100 1 1 1 1 1 1 1 1 1 1 1 1 1 1 1 1 1 1 100 1 100 1 1 1 1 1 1 1 1 1 1 1 1 1 1 1 1 1 1 1 1 1 1 1 1 1 1 1 1 1 1 1 1 1 1 1 1 1 1 1 1 1 1 1 1 1 1 1 1 1 1 1 100 1 1 16 15 10 12 16 15 10 12 16 15 10 12 16 1 15 10 100 12 1 1 1 1 1 100 1 1 1 1 1 100 1 100 1 1
staticfield jdk/internal/loader/BuiltinClassLoader packageToModule Ljava/util/Map; java/util/concurrent/ConcurrentHashMap
staticfield jdk/internal/loader/BuiltinClassLoader $assertionsDisabled Z 1
ciInstanceKlass jdk/internal/loader/ClassLoaders 1 1 183 10 100 12 1 1 1 10 7 12 1 1 1 10 12 1 1 10 100 12 1 1 1 9 7 12 1 1 1 9 12 1 1 9 12 1 1 7 1 11 100 12 1 1 1 100 1 11 12 1 1 11 12 1 1 10 100 12 1 1 1 10 100 12 1 1 1 100 1 100 1 10 7 12 1 1 1 9 12 1 1 10 12 1 1 7 1 10 12 1 1 10 12 1 7 1 8 1 10 7 12 1 1 1 10 12 1 1 7 1 10 12 1 10 12 1 10 12 1 8 1 10 7 12 1 1 8 1 8 1 10 12 1 7 1 10 12 1 10 12 1 10 12 1 1 1 1 1 1 1 1 1 1 1 1 1 1 1 1 1 1 1 1 100 1 1 1 1 1 1 1 1 1 1 1 1 1 1 1 1 1 1 1
staticfield jdk/internal/loader/ClassLoaders JLA Ljdk/internal/access/JavaLangAccess; java/lang/System$2
staticfield jdk/internal/loader/ClassLoaders BOOT_LOADER Ljdk/internal/loader/ClassLoaders$BootClassLoader; jdk/internal/loader/ClassLoaders$BootClassLoader
staticfield jdk/internal/loader/ClassLoaders PLATFORM_LOADER Ljdk/internal/loader/ClassLoaders$PlatformClassLoader; jdk/internal/loader/ClassLoaders$PlatformClassLoader
staticfield jdk/internal/loader/ClassLoaders APP_LOADER Ljdk/internal/loader/ClassLoaders$AppClassLoader; jdk/internal/loader/ClassLoaders$AppClassLoader
ciInstanceKlass jdk/internal/loader/ClassLoaders$AppClassLoader 1 1 119 8 1 10 7 12 1 1 1 10 7 12 1 1 1 10 100 12 1 1 1 10 12 1 1 10 100 12 1 1 1 10 12 1 1 10 12 1 1 7 1 8 1 10 12 10 7 12 1 1 1 10 100 12 1 1 10 12 1 1 10 12 1 1 10 7 12 1 1 1 100 1 10 12 1 1 1 1 1 1 1 1 1 1 1 1 1 1 1 1 1 1 1 1 1 100 1 1 1 1 1 1 1 1 1 1 1 1 1 1 1 1 1 1 1 100 1 1 1
ciInstanceKlass jdk/internal/loader/ClassLoaders$PlatformClassLoader 1 1 42 8 1 10 7 12 1 1 1 10 7 12 1 1 1 100 1 10 12 1 100 1 1 1 1 1 1 1 1 1 1 1 1 1 1 100 1 1 1 100 1 1
ciInstanceKlass java/security/CodeSource 1 1 398 10 7 12 1 1 1 9 7 12 1 1 1 9 12 1 1 9 12 1 1 9 12 1 1 10 7 12 1 1 1 9 12 1 1 10 100 12 1 1 10 100 10 100 12 1 1 1 10 100 12 1 1 1 10 12 1 1 100 1 10 10 100 12 1 1 1 10 100 12 1 1 1 10 12 1 1 100 1 10 12 1 1 10 12 1 1 10 12 1 1 10 12 1 10 10 10 12 1 1 10 100 12 1 1 1 10 12 1 10 12 1 10 12 1 8 1 10 12 1 10 12 1 10 12 1 1 10 12 1 8 1 10 12 1 1 10 100 1 10 10 12 1 1 8 1 10 12 1 10 12 1 10 12 1 8 1 8 1 9 12 1 1 100 1 8 1 10 12 1 10 12 1 1 8 1 10 12 1 8 1 8 1 8 1 10 100 12 1 1 10 12 1 1 10 12 1 10 12 1 1 10 12 1 1 10 12 1 1 100 1 100 1 10 12 1 10 12 10 12 1 1 10 100 12 1 1 10 12 1 100 1 10 12 10 100 12 1 1 1 10 8 1 10 12 1 10 12 1 10 12 1 1 100 1 10 12 1 1 100 1 100 1 8 1 8 1 10 10 12 1 1 10 100 12 1 1 1 100 1 10 12 10 12 1 1 11 100 12 1 1 10 10 12 1 11 10 12 1 8 1 100 1 10 12 1 10 12 1 1 10 12 1 11 12 1 1 100 1 1 1 1 5 0 1 1 1 1 1 1 1 1 1 1 1 1 1 1 1 1 1 1 1 1 1 1 1 1 1 1 1 1 1 1 1 1 1 1 1 1 1 1 1 1 1 1 1 1 1 1 1 1 1 1 1 1 1 1 1 1 1 1 1 1 1 1 1 1 1 1 100 1 1 1 1 1 1 1
ciInstanceKlass java/util/concurrent/ConcurrentMap 1 1 208 11 100 12 1 1 1 10 100 12 1 1 11 12 1 1 11 100 12 1 1 1 11 100 12 1 1 1 11 12 1 1 100 1 11 12 1 11 12 1 100 1 11 100 12 1 1 1 18 12 1 11 12 1 1 11 100 12 1 1 11 12 1 1 11 100 12 1 11 12 1 1 11 12 1 1 100 1 100 1 1 1 1 1 1 1 1 1 1 1 1 1 1 1 1 1 1 1 1 1 1 1 1 1 1 1 1 1 1 1 1 1 1 1 1 1 1 1 1 1 1 1 1 1 1 1 1 1 1 1 1 1 1 1 1 1 1 1 1 16 15 11 12 15 10 100 12 1 1 1 1 1 100 1 100 1 1 1 100 1 8 1 1 12 10 1 1 1 8 1 1 1 8 1 1 8 1 1 1 8 1 1 1 8 1 1 1 8 1 1 1 8 1 1 1 8 1 1 1 8 1 1 1 8 1 1 8 1
instanceKlass sun/font/AttributeMap
instanceKlass org/apache/commons/collections4/map/AbstractHashedMap
instanceKlass com/thoughtworks/xstream/core/util/WeakCache
instanceKlass com/fasterxml/jackson/databind/util/internal/PrivateMaxEntriesMap
instanceKlass sun/awt/SoftCache
instanceKlass java/util/concurrent/ConcurrentSkipListMap
instanceKlass java/util/Collections$SingletonMap
instanceKlass java/util/EnumMap
instanceKlass java/util/TreeMap
instanceKlass java/util/IdentityHashMap
instanceKlass java/util/WeakHashMap
instanceKlass java/util/Collections$EmptyMap
instanceKlass java/util/HashMap
instanceKlass sun/util/PreHashedMap
instanceKlass java/util/ImmutableCollections$AbstractImmutableMap
instanceKlass java/util/concurrent/ConcurrentHashMap
ciInstanceKlass java/util/AbstractMap 1 1 196 10 7 12 1 1 1 10 7 12 1 1 1 11 7 12 1 1 1 10 11 12 1 1 11 7 12 1 1 1 11 12 1 1 7 1 11 12 1 10 12 1 1 11 12 1 100 1 10 11 12 1 11 7 1 10 12 1 1 11 12 1 9 12 1 1 7 1 10 12 1 9 12 1 1 100 1 10 11 11 12 1 1 11 12 1 100 1 100 1 11 12 1 8 1 7 1 10 10 12 1 1 8 1 10 12 1 10 12 1 1 10 12 1 1 1 1 1 1 1 1 1 1 1 1 1 1 1 1 1 1 1 1 1 1 1 1 1 1 1 1 1 1 1 1 1 1 1 1 1 1 1 1 100 1 1 1 1 1 1 1 100 1 1 1 1 1 1 1 1 1 7 1 1 1 1 1 1 1 1 1 100 1 100 1 100 1 100 1 100 1 1 1 1 1 1
instanceKlass com/fasterxml/jackson/core/util/InternCache
ciInstanceKlass java/util/concurrent/ConcurrentHashMap 1 1 1210 7 1 7 1 3 10 12 1 1 3 100 1 10 7 12 1 1 1 100 1 10 100 12 1 1 1 100 1 11 12 1 1 11 12 1 11 12 1 1 9 12 1 1 9 12 1 1 9 12 1 10 7 12 1 1 1 7 1 10 12 1 1 10 12 1 1 10 7 12 1 1 1 4 10 12 1 9 12 1 10 12 1 1 100 1 10 5 0 10 12 1 10 12 1 1 5 0 10 12 1 1 10 12 1 9 12 1 1 10 12 1 1 9 12 1 9 12 1 1 10 12 1 1 9 12 1 10 12 1 1 9 12 1 1 10 12 1 1 100 1 10 100 1 10 12 1 10 12 1 1 10 12 1 1 10 12 1 1 10 12 1 10 12 1 1 10 12 1 1 7 1 10 12 1 1 7 1 100 1 8 1 10 12 1 10 12 1 1 10 12 1 1 11 7 12 1 1 10 12 1 1 11 12 1 1 11 7 12 1 1 1 11 7 12 1 1 1 11 12 1 7 1 11 12 1 11 12 1 10 12 1 1 10 12 1 1 9 12 1 1 10 7 12 1 1 1 9 10 12 1 1 9 12 1 10 12 1 1 5 0 9 12 1 1 7 1 10 12 1 9 12 1 1 7 1 10 12 1 9 12 1 7 1 10 100 1 10 10 12 1 1 8 1 10 12 1 10 12 1 1 11 100 1 10 12 1 10 100 12 1 1 1 8 1 10 100 12 1 1 1 8 1 10 12 1 8 1 10 12 1 10 12 1 1 10 100 12 1 1 10 12 1 10 12 1 10 12 1 9 12 1 9 10 12 1 9 12 1 1 11 100 12 1 1 1 11 7 12 1 1 1 100 1 10 12 11 100 12 1 1 10 11 7 12 1 10 12 1 100 1 10 12 1 100 1 10 10 9 7 12 1 1 1 10 12 3 10 100 12 1 1 9 12 1 10 12 1 1 9 12 1 1 9 12 1 10 12 1 1 10 100 12 1 1 9 12 1 9 7 12 1 1 10 12 1 1 10 12 1 3 9 12 1 9 12 1 10 12 1 1 7 1 9 3 9 12 1 100 1 10 12 1 9 12 1 10 12 1 9 12 1 10 12 1 9 12 1 10 100 12 1 1 1 100 10 12 1 100 1 5 0 10 100 12 1 1 100 1 10 12 1 1 10 12 1 10 12 1 100 1 10 12 1 10 100 1 100 1 10 10 12 1 10 100 1 10 12 1 10 100 1 10 12 1 10 100 1 10 12 1 1 100 1 10 12 1 10 10 12 1 100 1 10 12 1 10 10 12 1 100 1 10 12 1 10 100 1 10 12 1 10 100 1 10 12 1 10 100 1 10 12 1 10 100 1 10 12 1 10 100 1 10 12 1 10 100 1 10 12 1 10 100 1 10 12 1 10 100 1 10 10 100 1 10 10 100 1 10 10 100 1 10 12 1 10 100 1 10 12 1 10 100 1 10 12 1 10 100 1 10 12 1 10 100 1 10 12 1 10 100 1 10 10 100 1 10 10 100 1 10 10 100 1 10 12 1 10 100 1 10 12 1 10 100 1 10 12 1 10 100 1 10 12 1 10 100 1 10 12 1 10 10 12 1 10 7 12 1 1 1 10 12 1 7 1 7 1 10 12 1 9 12 1 1 9 12 1 1 10 12 1 1 8 10 12 1 1 8 8 8 8 7 10 12 1 1 10 12 1 100 1 8 1 10 7 1 100 1 100 1 1 1 5 0 1 1 3 1 3 1 1 1 1 3 1 3 1 3 1 1 1 1 1 3 1 3 1 3 1 1 1 1 1 1 1 1 1 1 1 1 1 1 1 1 1 1 1 1 1 1 1 1 1 100 1 1 1 1 1 1 1 1 1 1 1 1 1 1 1 1 1 1 1 1 1 1 1 1 1 1 1 1 1 1 1 1 1 1 1 1 1 1 1 1 1 1 1 1 1 1 1 1 1 1 1 1 1 1 1 1 1 1 1 1 1 1 1 1 1 1 1 1 1 1 1 1 1 1 1 1 1 1 1 1 1 1 1 1 100 1 1 1 1 1 1 1 1 1 1 1 100 1 1 1 1 1 1 1 1 1 1 1 1 1 1 1 1 1 1 1 1 1 1 1 1 1 1 1 1 1 1 1 1 1 1 1 1 1 1 1 1 1 1 1 1 1 1 1 1 1 1 1 1 1 1 1 1 1 1 1 1 1 1 1 1 1 1 1 1 1 1 1 1 1 1 1 1 1 1 1 1 1 1 1 1 1 1 1 1 1 1 1 1 1 1 1 1 1 1 1 1 1 1 1 1 1 1 1 1 1 1 1 1 1 1 1 1 1 1 1 1 1 1 1 1 1 1 1 1 1 1 1 1 1 1 1 1 1 1 1 1 1 1 1 1 1 1 1 1 1 1 1 1 1 1 1 1 1 1 1 1 1 1 1 1 1 1 1 1 1 1 1 1 1 1 1 1 1 1 1 1 1 1 1 1 1 1 1 1 1 1 1 1 1 1 1 1 1 1 1 1 1 1 1 1 1 1 1 1 1 1 1 1 1 1 1 1 1 1 1 1 1 1 1 100 1 100 1 100 1 100 1 100 1 100 1 100 1 100 1 100 1 1 1 1 1 1 1 1 1 1 1 1 1 1 1 1 1 1 1 1 1 1 1 1 1 1 1 1 1 1 1 1 1 1 1 1 1 1 1 1 1 1 1 1 1 1 1 1 1 1 1 1 1 1 1 1 1 1
staticfield java/util/concurrent/ConcurrentHashMap NCPU I 16
staticfield java/util/concurrent/ConcurrentHashMap serialPersistentFields [Ljava/io/ObjectStreamField; 3 [Ljava/io/ObjectStreamField;
staticfield java/util/concurrent/ConcurrentHashMap U Ljdk/internal/misc/Unsafe; jdk/internal/misc/Unsafe
staticfield java/util/concurrent/ConcurrentHashMap SIZECTL J 20
staticfield java/util/concurrent/ConcurrentHashMap TRANSFERINDEX J 32
staticfield java/util/concurrent/ConcurrentHashMap BASECOUNT J 24
staticfield java/util/concurrent/ConcurrentHashMap CELLSBUSY J 36
staticfield java/util/concurrent/ConcurrentHashMap CELLVALUE J 144
staticfield java/util/concurrent/ConcurrentHashMap ABASE I 16
staticfield java/util/concurrent/ConcurrentHashMap ASHIFT I 2
ciInstanceKlass java/lang/Iterable 1 1 62 10 7 12 1 1 1 11 7 12 1 1 1 11 7 12 1 1 1 11 12 1 1 11 7 12 1 1 1 10 100 12 1 1 1 100 1 1 1 1 1 1 1 1 1 1 1 1 1 1 1 1 1 1 1 1 1 1 1 1 1 1
ciInstanceKlass java/util/Collection 1 1 115 11 7 12 1 1 1 7 1 11 7 12 1 1 1 10 100 12 1 1 1 11 12 1 1 11 100 12 1 1 1 11 12 1 1 11 100 12 1 1 1 11 12 1 1 10 100 12 1 1 1 11 12 1 10 7 12 1 1 1 100 1 100 1 1 1 1 1 1 1 1 1 1 1 1 1 1 1 1 1 1 1 1 1 1 1 1 1 1 1 1 1 1 1 1 1 1 1 1 1 1 1 1 1 1 1 1 1 1 1 1 1 1 1 1
ciInstanceKlass java/util/SequencedCollection 1 1 109 100 1 10 12 1 1 11 100 12 1 1 1 11 100 12 1 1 1 11 12 1 1 11 12 1 100 1 100 1 1 1 1 1 1 1 1 1 1 1 1 1 1 1 1 1 1 1 1 1 1 1 1 1 1 1 1 1 100 1 8 1 1 12 10 1 1 1 8 1 1 1 8 1 1 1 8 1 1 1 8 1 1 8 1 1 1 8 1 1 8 1 1 1 8 1 1 8 1 1 1 8 1 1 8 1 1 8 1
ciInstanceKlass java/util/List 1 1 251 10 100 12 1 1 1 11 100 12 1 1 1 11 100 12 1 1 1 11 12 1 1 11 100 12 1 1 11 12 1 1 11 12 1 1 10 100 12 1 1 1 7 1 100 1 10 12 1 1 100 1 10 7 12 1 1 1 11 12 1 1 11 12 1 11 12 1 100 1 10 12 1 11 12 1 1 11 12 1 1 11 12 1 10 100 12 1 1 1 9 7 12 1 1 1 7 1 10 12 10 12 1 7 1 10 12 1 1 10 12 1 10 12 1 1 11 12 1 1 100 1 1 1 1 1 1 1 1 1 1 1 1 1 1 1 1 1 1 1 1 1 1 1 1 1 1 1 1 1 1 1 1 1 1 1 1 1 1 1 1 1 1 1 1 100 1 100 1 1 1 1 1 1 1 1 1 1 1 1 1 1 1 1 1 1 1 1 1 1 1 1 1 1 1 1 1 1 1 1 1 1 1 1 1 1 1 1 1 1 1 1 1 1 1 1 1 1 1 1 1 1 1 1 1 1 1 1 1 1 1 1 1 1 1 1 1 1 1 1 1 1 1 1 100 1 1 100 1 1 1
ciInstanceKlass java/util/RandomAccess 1 0 7 100 1 100 1 1 1
instanceKlass com/fasterxml/jackson/databind/util/internal/LinkedDeque
instanceKlass java/util/IdentityHashMap$Values
instanceKlass java/util/TreeMap$Values
instanceKlass java/util/concurrent/ConcurrentLinkedDeque
instanceKlass java/util/LinkedHashMap$LinkedValues
instanceKlass org/apache/logging/log4j/ThreadContext$EmptyThreadContextStack
instanceKlass java/util/AbstractQueue
instanceKlass java/util/HashMap$Values
instanceKlass java/util/ArrayDeque
instanceKlass java/util/AbstractSet
instanceKlass java/util/ImmutableCollections$AbstractImmutableCollection
instanceKlass java/util/AbstractList
ciInstanceKlass java/util/AbstractCollection 1 1 160 10 7 12 1 1 1 10 7 12 1 1 1 10 12 1 1 11 7 12 1 1 1 11 12 1 1 10 12 1 1 10 100 12 1 1 1 10 12 1 1 10 12 1 1 10 7 12 1 1 10 7 12 1 1 1 7 1 10 100 12 1 1 1 10 100 12 1 1 1 100 1 10 11 12 1 11 7 1 10 12 1 10 12 1 10 7 12 1 1 1 11 8 1 7 1 10 10 12 1 1 8 1 10 12 1 10 12 1 1 1 1 1 1 1 1 1 1 1 1 1 1 1 1 1 1 1 1 1 1 1 1 1 1 1 1 1 1 1 1 1 1 1 1 1 1 1 1 1 1 1 1 1 1 1 1 1 1 1 1
instanceKlass org/jaxen/util/SingletonList
instanceKlass sun/security/jca/ProviderList$ServiceList
instanceKlass org/glassfish/jaxb/runtime/v2/model/impl/ElementPropertyInfoImpl$1
instanceKlass org/apache/xerces/impl/xs/util/XSObjectListImpl
instanceKlass java/util/Collections$CopiesList
instanceKlass org/jdom/ContentList$FilterList
instanceKlass org/jdom/AttributeList
instanceKlass org/jdom/ContentList
instanceKlass sun/security/jca/ProviderList$3
instanceKlass java/util/AbstractSequentialList
instanceKlass sun/awt/util/IdentityArrayList
instanceKlass java/util/Vector
instanceKlass java/util/Collections$SingletonList
instanceKlass java/util/Arrays$ArrayList
instanceKlass java/util/ArrayList$SubList
instanceKlass java/util/Collections$EmptyList
instanceKlass java/util/ArrayList
ciInstanceKlass java/util/AbstractList 1 1 218 10 7 12 1 1 1 9 7 12 1 1 1 10 12 1 1 10 12 1 1 100 1 10 10 12 1 1 11 7 12 1 1 1 11 12 1 1 11 12 1 10 7 12 1 1 1 10 12 1 11 12 1 11 12 1 11 12 1 10 12 1 1 10 12 1 1 11 100 12 1 1 1 11 7 1 11 7 1 10 12 1 7 1 10 12 1 10 12 1 1 100 1 100 1 10 12 1 100 1 10 100 1 100 1 10 8 1 10 12 1 1 10 12 1 10 12 1 1 10 12 1 8 1 100 1 8 1 8 1 8 1 10 7 1 11 10 10 12 1 11 12 1 10 12 1 1 8 1 8 1 1 1 1 1 1 1 1 1 1 1 1 1 1 1 1 1 1 1 1 1 1 1 1 1 1 1 1 1 1 1 1 1 1 1 1 1 1 1 1 1 1 1 1 1 1 1 1 1 1 1 1 1 1 1 1 1 1 100 1 100 1 1 1 1 1 1 1
instanceKlass com/sun/istack/FinalArrayList
instanceKlass com/thoughtworks/xstream/converters/reflection/AbstractReflectionConverter$ArraysList
instanceKlass com/thoughtworks/xstream/core/util/CompositeClassLoader$1
instanceKlass com/thoughtworks/xstream/core/util/PresortedMap$ArraySet
instanceKlass com/thoughtworks/xstream/core/util/OrderRetainingMap$ArraySet
ciInstanceKlass java/util/ArrayList 1 1 509 10 7 12 1 1 1 7 1 9 7 12 1 1 1 9 12 1 100 1 100 1 10 8 1 10 12 1 1 10 12 1 10 12 1 1 10 12 1 9 12 1 11 7 12 1 1 1 9 12 1 1 11 12 1 1 7 10 7 12 1 1 1 9 12 1 10 12 1 10 12 1 1 10 7 12 1 1 1 10 7 12 1 1 1 10 12 1 1 10 12 1 1 10 12 1 1 10 12 1 10 12 1 1 100 1 100 1 10 12 1 10 10 7 12 1 1 1 10 7 12 1 1 10 12 1 100 1 10 10 12 10 12 1 1 10 12 1 1 10 12 1 10 12 10 12 1 1 7 1 10 12 1 1 10 12 1 1 10 12 1 100 1 10 11 12 1 1 11 7 12 1 1 1 11 12 1 10 12 1 10 12 1 10 12 1 1 100 1 10 12 1 1 10 10 12 1 1 10 12 1 8 1 8 1 8 1 8 1 10 12 1 1 10 12 1 1 11 12 1 100 1 10 100 12 1 1 10 12 1 10 12 1 1 10 100 12 1 1 10 12 1 10 100 12 1 1 1 11 100 12 1 1 1 10 12 1 100 1 8 1 10 7 1 10 12 1 7 1 10 12 1 10 12 1 1 7 1 10 12 1 10 12 1 1 11 7 12 1 1 7 1 10 12 1 10 12 1 1 11 100 12 1 1 10 12 1 1 10 12 1 1 10 12 1 1 10 12 1 1 11 100 12 1 1 10 12 1 1 100 1 100 1 100 1 1 1 1 5 0 1 3 1 1 1 1 1 1 1 1 1 1 1 1 1 1 1 1 1 1 1 1 1 1 1 1 1 1 1 1 1 1 1 1 1 1 1 1 1 1 1 1 1 1 1 1 1 1 1 1 1 1 1 1 1 1 1 1 1 1 1 1 1 1 1 1 1 1 1 1 1 1 1 1 1 1 1 1 1 1 1 1 1 1 1 1 1 1 1 1 1 1 1 1 1 1 1 1 1 1 1 1 1 1 1 1 100 1 1 1 1 100 1 1 1 1 1 1 1 1 1 1 1 1 1 1 1 1 1 1 1 1 1 1 1 1 1 1 1 1 1 100 1 1 1 1 1 1 1 1 1 1 1 1 1 1 1 1 1 1 100 1 100 1 1 1 1 1 1
staticfield java/util/ArrayList EMPTY_ELEMENTDATA [Ljava/lang/Object; 0 [Ljava/lang/Object;
staticfield java/util/ArrayList DEFAULTCAPACITY_EMPTY_ELEMENTDATA [Ljava/lang/Object; 0 [Ljava/lang/Object;
ciInstanceKlass java/lang/StackTraceElement 1 1 235 10 7 12 1 1 1 10 7 12 1 1 9 12 1 1 9 12 1 1 9 12 1 9 12 1 8 1 10 7 12 1 1 1 7 1 9 12 1 8 1 9 12 1 9 12 1 9 12 1 1 10 12 1 1 10 12 1 8 1 10 100 12 1 1 1 100 1 10 12 1 10 12 1 1 10 12 1 10 12 1 1 10 12 1 10 12 1 10 10 12 1 8 1 10 12 1 10 12 1 1 10 12 1 1 10 12 1 10 12 1 10 12 1 9 12 1 1 10 7 12 1 1 1 10 12 1 1 7 1 10 12 1 1 10 7 12 1 1 10 7 12 1 1 1 10 7 12 1 1 10 7 12 1 1 10 10 12 1 1 10 12 1 1 10 12 1 1 10 12 1 100 1 1 1 1 1 1 1 3 1 3 1 1 5 0 1 1 1 1 1 1 1 1 1 1 1 1 1 1 1 1 1 1 1 1 1 1 1 1 1 1 1 1 1 100 1 100 1 1 1 1 1 1 1 100 1 1 1 1 1 1 1 1 1
instanceKlass java/nio/DoubleBuffer
instanceKlass java/nio/FloatBuffer
instanceKlass java/nio/ShortBuffer
instanceKlass java/nio/IntBuffer
instanceKlass java/nio/LongBuffer
instanceKlass java/nio/CharBuffer
instanceKlass java/nio/ByteBuffer
ciInstanceKlass java/nio/Buffer 1 1 256 100 1 10 7 12 1 1 1 9 7 12 1 1 1 9 12 1 9 12 1 1 9 12 1 9 12 1 1 10 12 1 1 10 12 1 1 10 12 100 1 100 1 10 8 1 10 12 1 1 10 12 1 8 1 8 1 10 12 1 1 10 12 1 8 1 9 12 1 1 100 1 8 1 10 12 1 8 1 8 1 9 12 10 12 1 8 1 8 1 8 1 10 12 1 8 1 8 1 8 1 100 1 10 100 1 10 100 1 10 9 12 1 1 10 7 12 1 1 1 100 1 10 12 1 1 10 12 1 10 100 12 1 1 10 7 12 1 1 1 10 7 12 1 1 1 9 12 1 1 10 7 12 1 1 1 9 12 1 1 7 1 10 10 12 1 1 7 1 10 10 7 12 1 1 1 1 1 3 1 1 1 1 1 1 1 1 1 1 1 1 1 1 100 1 1 1 1 1 1 1 100 1 1 1 1 1 1 1 1 1 1 1 1 1 1 1 1 1 1 1 1 1 1 1 1 1 1 1 1 1 1 1 1 1 1 1 1 1 1 1 100 1 100 1 100 1 100 1 100 1 100 1 100 1 1
staticfield java/nio/Buffer UNSAFE Ljdk/internal/misc/Unsafe; jdk/internal/misc/Unsafe
staticfield java/nio/Buffer SCOPED_MEMORY_ACCESS Ljdk/internal/misc/ScopedMemoryAccess; jdk/internal/misc/ScopedMemoryAccess
staticfield java/nio/Buffer IOOBE_FORMATTER Ljava/util/function/BiFunction; jdk/internal/util/Preconditions$4
staticfield java/nio/Buffer $assertionsDisabled Z 1
ciInstanceKlass java/lang/StackWalker 1 1 271 9 7 12 1 1 1 7 1 10 7 12 1 1 1 10 12 1 1 10 7 12 1 1 1 10 12 1 1 10 12 1 11 7 12 1 1 1 10 12 1 1 10 12 1 1 10 12 1 1 100 1 8 1 10 12 1 10 12 1 10 12 1 10 7 12 1 1 9 12 1 1 9 12 1 1 9 12 1 1 9 12 1 1 10 12 1 1 9 12 1 1 9 12 1 1 9 12 1 1 10 7 12 1 1 1 11 12 1 1 100 1 8 1 10 10 100 12 1 1 9 12 1 1 10 12 1 1 10 7 12 1 1 1 10 7 12 1 1 1 18 12 1 1 100 1 8 1 10 8 1 10 12 1 1 10 100 12 1 1 1 10 12 1 1 9 7 12 1 1 11 100 12 1 1 1 10 12 1 1 1 1 1 1 1 1 1 1 1 1 1 1 1 1 1 1 1 1 1 1 1 1 1 1 1 1 1 1 1 1 1 1 1 1 1 1 1 1 1 1 1 1 1 1 1 1 1 1 1 1 1 1 1 1 1 1 1 1 1 1 1 1 1 1 100 1 1 16 15 10 12 16 1 15 10 100 12 1 1 1 1 1 1 1 1 1 100 1 100 1 1
staticfield java/lang/StackWalker DEFAULT_EMPTY_OPTION Ljava/util/EnumSet; java/util/RegularEnumSet
staticfield java/lang/StackWalker DEFAULT_WALKER Ljava/lang/StackWalker; java/lang/StackWalker
instanceKlass java/lang/StackStreamFactory$StackFrameTraverser
ciInstanceKlass java/lang/StackStreamFactory$AbstractStackWalker 1 1 375 7 1 100 1 3 10 7 12 1 1 1 10 7 12 1 1 10 7 12 1 1 1 9 12 1 1 10 12 1 1 9 12 1 1 9 12 1 1 9 12 1 1 9 12 1 10 7 12 1 1 1 10 12 1 1 10 100 12 1 1 9 12 1 1 9 12 1 1 10 12 1 1 9 7 12 1 1 1 10 12 1 1 10 12 1 9 12 1 1 10 7 12 1 1 1 10 12 1 1 9 12 1 1 9 100 12 1 1 1 100 1 10 8 1 10 12 1 1 10 12 1 8 1 10 12 1 1 10 100 12 1 1 1 100 1 8 1 10 12 1 8 1 10 12 10 7 12 1 1 9 12 1 8 1 5 0 8 1 8 1 9 12 1 1 10 12 1 1 18 12 1 1 10 100 12 1 1 1 10 12 1 1 10 12 1 10 12 1 9 12 1 10 12 1 10 12 1 10 12 1 10 12 1 10 12 1 10 12 1 1 8 1 10 12 1 10 12 1 10 12 1 10 12 1 1 8 1 10 12 1 1 10 12 1 1 10 12 1 1 10 12 1 10 12 1 10 7 12 1 1 1 10 12 1 10 12 1 9 12 1 8 1 10 12 1 10 12 1 10 12 1 1 10 12 1 10 12 1 10 12 1 1 10 12 1 10 12 1 10 12 1 10 12 1 10 12 1 10 12 1 1 10 12 1 1 10 12 1 8 1 1 1 1 1 1 1 1 1 1 1 1 1 100 1 1 1 1 1 1 1 100 1 1 1 1 100 1 1 1 1 1 1 1 1 1 1 1 1 1 1 1 1 1 1 1 16 15 15 10 100 12 1 1 1 1 1 1 1 1 100 1 100 1 1
ciInstanceKlass java/lang/StackWalker$StackFrame 1 1 41 100 1 10 12 1 1 100 1 100 1 1 1 1 1 1 1 1 1 1 1 1 1 1 1 1 1 1 1 1 1 1 1 1 1 1 1 100 1 1 1
instanceKlass java/lang/LiveStackFrameInfo
ciInstanceKlass java/lang/StackFrameInfo 1 1 142 10 7 12 1 1 1 9 7 12 1 1 1 9 7 1 9 12 1 1 11 7 12 1 1 1 9 12 1 1 11 12 1 1 10 12 1 1 10 7 12 1 1 1 10 12 1 11 12 1 11 12 1 1 11 12 1 10 12 1 1 9 12 1 1 10 12 1 1 10 7 12 1 1 10 12 1 1 11 12 1 1 9 12 1 1 10 100 1 10 12 1 9 12 1 1 10 12 1 1 100 1 8 1 10 12 1 10 7 12 1 1 1 100 1 1 1 1 1 1 1 1 1 1 1 1 1 1 1 1 1 1 100 1 1 100 1 1 1 1 1 1
staticfield java/lang/StackFrameInfo JLIA Ljdk/internal/access/JavaLangInvokeAccess; java/lang/invoke/MethodHandleImpl$1
ciInstanceKlass java/lang/LiveStackFrame 0 0 135 100 1 10 100 12 1 1 1 11 100 12 1 1 1 11 12 1 10 100 12 1 1 1 100 1 8 1 10 12 1 1 10 100 12 1 1 1 9 100 12 1 1 1 10 100 12 1 1 1 10 100 12 1 1 1 11 12 1 10 12 1 100 1 100 1 1 1 1 1 1 1 1 1 1 1 1 1 1 1 1 1 1 1 1 1 1 1 1 1 1 1 1 100 1 1 1 1 1 1 1 100 1 8 1 1 12 10 1 1 1 8 1 1 1 8 1 1 1 8 1 1 1 8 1 1 8 1 1 1 8 1 1 8 1
ciInstanceKlass java/lang/LiveStackFrameInfo 0 0 97 10 100 12 1 1 1 9 100 12 1 1 1 9 12 1 9 12 1 9 12 1 9 12 1 1 100 1 10 12 1 1 10 12 1 8 1 10 12 1 1 8 1 8 1 8 1 10 100 1 10 12 1 100 1 10 12 1 100 1 100 1 1 1 3 1 3 1 1 1 1 1 1 1 1 1 1 1 1 1 1 1 1 1 1 1 1 1 1 1 1 1 1 1 100 1 1
instanceKlass java/util/concurrent/locks/AbstractQueuedSynchronizer
ciInstanceKlass java/util/concurrent/locks/AbstractOwnableSynchronizer 1 1 32 10 7 12 1 1 1 9 7 12 1 1 1 100 1 1 1 1 5 0 1 1 1 1 1 1 1 1 1 1 1 1
ciInstanceKlass java/lang/Boolean 1 1 152 10 7 12 1 1 1 9 7 12 1 1 1 10 12 1 1 10 12 1 8 1 10 7 12 1 1 9 12 1 1 9 12 1 10 12 1 1 10 12 1 1 10 12 1 1 10 7 12 1 1 1 100 1 100 1 10 12 1 1 9 100 12 1 1 9 12 10 100 12 1 1 1 10 12 1 1 8 1 10 7 12 1 1 1 9 12 1 1 100 1 100 1 100 1 1 1 1 1 1 5 0 1 1 1 1 1 1 1 1 1 1 3 1 1 1 1 1 1 1 1 1 1 1 1 1 1 1 1 1 1 100 1 1 1 1 1 1 1 1 1 1 100 1 1 1 1 1 1 1 1 1
staticfield java/lang/Boolean TRUE Ljava/lang/Boolean; java/lang/Boolean
staticfield java/lang/Boolean FALSE Ljava/lang/Boolean; java/lang/Boolean
staticfield java/lang/Boolean TYPE Ljava/lang/Class; java/lang/Class
ciInstanceKlass java/lang/Character 1 1 604 7 1 100 1 100 1 9 12 1 1 8 1 9 12 1 1 100 1 9 12 1 1 10 100 12 1 1 1 10 100 12 1 1 1 10 100 12 1 1 1 10 7 12 1 1 1 9 7 12 1 1 1 10 12 1 10 12 1 1 10 12 1 1 10 7 12 1 1 10 12 1 1 3 3 3 3 3 10 12 1 1 10 12 1 3 11 7 12 1 1 1 11 12 1 1 10 12 1 1 10 12 1 1 100 1 10 10 12 1 3 10 12 1 1 10 12 1 10 12 1 1 100 1 8 1 10 12 1 1 10 12 1 10 12 1 10 12 1 10 100 12 1 1 1 10 12 1 10 12 1 10 12 1 1 10 12 1 10 7 12 1 1 10 10 12 1 10 10 12 1 10 12 1 1 10 12 1 10 10 12 1 10 12 1 10 12 1 10 12 1 10 12 1 10 12 1 10 12 1 10 12 10 10 12 10 10 12 1 10 10 12 1 10 10 12 1 10 10 12 1 10 12 1 10 12 1 10 12 1 10 12 1 10 12 1 10 12 1 10 10 12 1 10 10 12 1 10 10 12 1 1 10 10 12 1 10 5 0 10 12 1 10 12 1 10 10 12 1 10 10 12 1 1 10 10 12 1 10 10 12 1 9 12 1 1 100 1 10 10 12 1 10 12 1 1 3 10 100 12 1 1 1 10 12 1 10 100 12 1 1 100 1 10 10 12 1 1 10 12 1 1 10 12 1 1 8 1 10 12 1 9 100 12 1 1 1 10 12 1 10 10 12 1 10 12 1 1 10 12 1 10 10 12 1 1 10 10 12 1 1 100 1 8 1 10 12 1 1 10 7 12 1 1 1 8 1 10 12 1 1 9 12 1 1 100 1 100 1 100 1 1 1 1 3 1 3 1 3 1 3 1 1 1 1 1 3 1 1 3 1 3 1 3 1 3 1 3 1 3 1 3 1 3 1 3 1 3 1 3 1 3 1 3 1 3 1 3 1 3 1 3 1 3 1 3 1 3 1 3 1 3 1 3 1 3 1 3 1 3 1 3 1 3 1 1 1 1 1 1 1 1 1 1 1 1 1 1 1 1 1 1 1 3 1 1 1 1 1 1 1 3 1 1 3 1 1 1 1 1 3 1 1 5 0 1 1 1 1 1 1 1 1 1 1 1 1 1 1 1 1 1 1 1 1 1 1 1 1 1 1 1 1 1 1 1 1 1 1 1 1 1 1 1 1 1 1 1 1 1 1 1 1 1 1 1 1 1 1 1 1 1 1 1 1 1 1 1 1 1 1 1 1 1 1 1 1 1 1 1 1 1 1 1 1 1 1 1 1 1 1 1 1 1 1 100 1 100 1 1 1 1 1 1
staticfield java/lang/Character TYPE Ljava/lang/Class; java/lang/Class
staticfield java/lang/Character $assertionsDisabled Z 1
instanceKlass com/sun/jna/IntegerType
instanceKlass java/math/BigInteger
instanceKlass java/math/BigDecimal
instanceKlass java/util/concurrent/atomic/Striped64
instanceKlass java/util/concurrent/atomic/AtomicLong
instanceKlass java/util/concurrent/atomic/AtomicInteger
instanceKlass java/lang/Long
instanceKlass java/lang/Integer
instanceKlass java/lang/Short
instanceKlass java/lang/Byte
instanceKlass java/lang/Double
instanceKlass java/lang/Float
ciInstanceKlass java/lang/Number 1 1 37 10 7 12 1 1 1 10 100 12 1 1 1 100 1 1 1 1 5 0 1 1 1 1 1 1 1 1 1 1 1 1 1 1 1 1 1
ciInstanceKlass java/lang/Float 1 1 279 7 1 100 1 10 7 12 1 1 1 10 100 12 1 1 1 4 100 1 10 12 1 1 10 12 1 1 8 1 8 1 10 100 12 1 1 1 10 12 1 1 10 12 1 1 10 7 1 4 10 7 12 1 1 9 12 1 1 10 12 1 1 10 12 1 10 10 12 1 1 10 12 1 10 12 1 3 3 100 1 4 4 4 3 10 12 1 1 9 12 1 1 100 1 10 3 3 4 4 10 12 1 3 3 3 10 12 1 1 10 12 1 1 10 12 1 10 100 12 1 1 1 10 12 1 1 10 12 1 1 10 7 12 1 1 1 8 1 10 12 1 1 9 12 1 1 100 1 100 1 100 1 1 1 1 4 1 4 1 1 1 4 1 1 3 1 3 1 3 1 3 1 3 1 1 1 1 5 0 1 1 1 1 1 1 1 1 1 1 100 1 1 1 1 1 1 1 1 1 1 1 1 1 3 1 1 1 1 1 1 1 1 1 1 1 1 1 1 1 1 1 1 1 1 1 1 1 1 1 1 1 1 1 1 1 1 1 1 1 1 1 1 1 1 1 1 1 1 1 1 1 1 1 1 1 1 1 1 1 1 1 1 1 1 1 100 1 1 1 1 1 1 1 100 1 100 1 1
staticfield java/lang/Float TYPE Ljava/lang/Class; java/lang/Class
staticfield java/lang/Float $assertionsDisabled Z 1
ciInstanceKlass java/lang/Double 1 1 290 7 1 100 1 10 7 12 1 1 1 10 12 1 1 10 100 1 10 12 1 1 10 7 12 1 1 1 6 0 8 1 10 12 1 1 8 1 10 12 1 1 8 1 6 0 10 12 1 1 100 1 5 0 5 0 8 1 8 1 10 7 12 1 1 1 10 100 12 1 1 1 8 1 10 12 1 1 8 1 8 1 8 1 10 12 1 1 10 12 1 10 12 1 1 10 12 1 10 12 1 10 12 1 1 10 12 1 10 7 1 6 0 10 7 12 1 1 9 12 1 1 10 12 1 10 12 1 10 12 1 10 12 1 10 12 1 5 0 10 12 1 1 10 12 1 10 12 1 10 100 12 1 1 1 10 12 1 1 10 12 1 1 8 1 10 7 12 1 1 1 9 12 1 1 100 1 100 1 100 1 1 1 6 0 1 6 0 1 6 0 1 1 1 6 0 1 1 3 1 3 1 3 1 3 1 3 1 1 1 1 5 0 1 1 1 1 1 1 1 1 1 1 1 1 1 1 1 1 100 1 1 1 1 1 1 1 1 1 1 1 1 3 1 1 1 1 1 1 1 1 1 1 1 1 1 1 1 1 1 1 1 1 1 1 1 1 1 1 1 1 1 1 1 1 1 1 100 1 1 1 1 1 1 1 100 1 100 1 1
staticfield java/lang/Double TYPE Ljava/lang/Class; java/lang/Class
ciInstanceKlass java/lang/Byte 1 1 213 7 1 100 1 10 100 12 1 1 1 9 12 1 1 8 1 9 12 1 1 100 1 10 12 1 1 10 12 1 1 10 100 12 1 1 1 10 100 12 1 1 1 9 7 12 1 1 1 10 12 1 1 100 1 100 1 10 12 1 1 8 1 10 12 1 1 8 1 10 12 1 10 12 1 10 12 1 10 12 1 1 10 12 1 10 12 1 10 12 1 1 10 8 1 8 1 10 7 1 9 12 1 1 10 12 1 1 10 12 1 1 10 12 1 1 10 12 1 5 0 10 12 1 1 8 1 10 7 12 1 1 1 9 12 1 1 100 1 100 1 1 1 3 1 3 1 1 1 1 3 1 3 1 1 5 0 1 1 1 1 1 1 1 1 1 1 1 1 1 1 1 1 1 1 1 1 1 1 1 1 1 1 1 1 1 1 1 1 1 1 1 1 1 1 1 1 1 1 1 1 1 1 1 1 1 1 1 1 1 1 1 1
staticfield java/lang/Byte TYPE Ljava/lang/Class; java/lang/Class
ciInstanceKlass java/lang/Short 1 1 222 7 1 100 1 100 1 10 100 12 1 1 1 10 12 1 1 100 1 100 1 10 12 1 1 8 1 10 12 1 1 8 1 10 12 1 10 12 1 10 12 1 10 12 1 1 10 12 1 1 10 12 1 9 12 1 1 8 1 9 12 1 1 100 1 10 12 1 1 10 12 1 10 100 12 1 1 1 10 100 12 1 1 1 9 7 12 1 1 1 10 12 1 10 12 1 1 10 8 1 8 1 10 7 1 9 12 1 1 10 12 1 1 10 12 1 1 10 12 1 1 10 12 1 3 3 5 0 10 12 1 1 8 1 10 7 12 1 1 1 9 12 1 1 100 1 100 1 1 1 3 1 3 1 1 1 1 3 1 3 1 1 5 0 1 1 1 1 1 1 1 1 1 1 1 1 1 1 1 1 1 1 1 1 1 1 1 1 1 1 1 3 1 1 1 1 1 1 1 1 1 1 1 1 1 1 1 1 1 1 1 1 1 1 1 1 1 1 1 1 1 1
staticfield java/lang/Short TYPE Ljava/lang/Class; java/lang/Class
ciInstanceKlass java/lang/Integer 1 1 453 7 1 100 1 7 1 7 1 10 12 1 1 9 12 1 1 9 12 1 1 10 100 12 1 1 1 10 12 1 1 10 100 12 1 1 1 10 10 12 1 1 10 100 12 1 1 1 10 12 1 10 12 1 1 10 7 12 1 1 1 10 12 1 1 10 12 1 1 10 12 1 10 12 1 10 12 1 1 10 10 12 1 9 12 1 1 9 12 1 7 1 8 1 10 12 1 100 1 10 12 1 8 1 10 12 1 1 10 12 1 8 1 10 12 1 8 1 10 12 1 1 3 10 12 1 1 3 10 12 1 1 10 12 1 1 10 7 12 1 1 1 11 7 1 10 12 1 1 11 10 12 1 1 8 1 10 12 1 1 8 1 100 1 10 12 1 1 10 12 1 1 5 0 8 1 10 12 1 10 12 1 10 12 1 10 12 1 1 7 1 9 12 1 1 9 12 1 1 10 12 1 10 7 1 9 12 1 10 12 1 10 12 1 10 12 1 1 10 7 12 1 1 1 100 1 100 1 10 12 1 1 10 12 1 1 8 1 8 1 10 12 1 1 8 1 8 1 8 1 8 1 8 1 8 1 10 12 1 10 12 1 5 0 3 3 3 3 10 12 1 10 12 1 3 10 12 1 10 100 12 1 1 1 10 12 1 1 10 12 1 1 8 1 10 7 12 1 1 1 9 12 1 1 100 1 100 1 100 1 1 1 1 3 1 1 1 3 1 3 1 1 5 0 1 1 1 1 1 1 1 1 1 100 1 1 1 1 1 1 1 1 1 1 1 1 1 1 1 1 1 1 1 1 1 1 1 1 1 1 1 1 1 1 1 1 1 1 1 1 1 1 1 1 3 1 1 1 1 1 1 1 1 1 1 1 1 1 1 1 1 100 1 1 1 1 1 1 1 1 1 1 1 1 1 1 1 1 1 1 1 1 1 1 1 1 1 1 1 1 1 1 1 1 1 1 1 1 1 1 1 1 1 1 1 1 1 1 100 1 1 1 1 1 1 1 1 1 100 1 100 1 1
staticfield java/lang/Integer TYPE Ljava/lang/Class; java/lang/Class
staticfield java/lang/Integer digits [C 36
staticfield java/lang/Integer DigitTens [B 100
staticfield java/lang/Integer DigitOnes [B 100
ciInstanceKlass java/lang/Long 1 1 524 7 1 100 1 7 1 7 1 10 12 1 1 9 12 1 1 9 7 12 1 1 1 10 100 12 1 1 1 10 12 1 1 10 100 12 1 1 1 10 10 12 10 12 1 10 12 1 10 12 1 5 0 5 0 7 1 10 12 1 1 10 12 1 1 10 12 1 10 12 1 10 12 1 10 12 1 1 10 100 12 1 1 10 12 1 10 12 1 1 10 12 1 1 10 12 1 1 10 12 1 1 10 7 12 1 1 1 10 12 1 1 10 12 1 10 12 1 10 12 1 10 12 1 1 10 10 12 1 5 0 5 0 9 12 1 1 9 12 1 5 0 7 1 8 1 10 12 1 8 1 10 12 1 8 1 8 1 10 12 1 1 5 0 10 12 1 1 5 0 10 12 1 1 10 12 1 1 10 7 12 1 1 1 11 7 1 10 12 1 1 11 10 12 1 1 8 1 10 12 1 1 8 1 100 1 10 12 1 1 10 12 1 8 1 8 1 11 12 1 1 10 12 1 10 12 1 10 12 1 5 0 5 0 9 7 12 1 1 1 10 12 1 10 12 1 1 8 1 8 1 10 12 1 1 8 1 8 1 8 1 8 1 8 1 8 1 10 12 1 10 7 1 9 12 1 1 10 12 1 10 12 1 1 10 12 1 1 10 100 12 1 1 1 100 1 100 1 10 12 1 1 10 12 1 1 5 0 10 12 1 10 12 1 5 0 5 0 5 0 10 12 1 1 10 12 1 5 0 5 0 10 12 1 10 12 1 10 100 12 1 1 1 10 12 1 1 10 12 1 1 8 1 10 7 12 1 1 1 9 12 1 1 100 1 100 1 100 1 1 1 1 5 0 1 1 1 1 3 1 3 1 5 0 1 1 1 1 1 1 1 1 1 100 1 1 1 1 1 1 1 1 1 1 1 1 1 1 1 1 1 1 1 1 1 1 1 1 1 1 1 1 1 1 1 1 1 1 1 1 1 1 1 1 1 1 1 1 1 1 1 1 1 1 1 1 1 1 1 3 1 1 1 1 1 1 1 1 1 1 1 1 1 1 1 100 1 1 1 1 1 1 1 1 1 1 1 1 1 1 1 1 1 1 1 1 1 1 1 1 1 1 1 1 1 1 1 1 1 1 1 1 1 1 1 1 1 1 1 100 1 1 1 1 1 1 1 1 1 100 1 100 1 1
staticfield java/lang/Long TYPE Ljava/lang/Class; java/lang/Class
ciInstanceKlass java/util/Iterator 1 1 53 100 1 8 1 10 12 1 1 10 7 12 1 1 1 11 7 12 1 1 1 11 12 1 1 11 7 12 1 1 1 100 1 1 1 1 1 1 1 1 1 1 1 1 1 1 1 1 1 1 1 1 1
ciInstanceKlass java/lang/reflect/RecordComponent 1 1 196 10 100 12 1 1 1 9 7 12 1 1 1 9 12 1 1 9 12 1 10 12 1 1 10 12 1 1 10 100 12 1 1 1 10 12 1 1 9 12 1 1 10 12 1 1 10 12 1 1 10 12 1 10 100 12 1 1 10 100 12 1 1 9 12 1 1 10 100 12 1 1 1 11 100 12 1 1 1 10 9 100 12 1 1 1 10 100 12 1 1 1 9 12 1 1 10 100 12 1 1 1 10 12 1 1 11 100 12 1 1 10 100 12 1 1 100 1 9 12 1 9 12 1 1 9 12 1 10 100 12 1 1 1 10 12 1 1 10 12 1 1 100 1 10 10 12 1 10 12 1 1 8 1 10 12 1 10 12 1 9 12 1 100 1 1 1 1 1 1 1 1 1 1 1 1 1 1 1 1 1 1 1 1 1 1 100 1 1 1 1 1 1 100 1 1
ciInstanceKlass jdk/internal/vm/vector/VectorSupport 0 0 573 100 1 10 100 12 1 1 1 9 12 1 1 10 12 1 1 100 1 10 12 1 11 100 12 1 1 1 11 100 12 1 1 1 11 100 12 1 1 11 100 12 1 1 11 100 12 1 1 1 11 100 12 1 1 11 100 12 1 1 11 100 12 1 1 11 100 12 1 1 11 100 12 1 1 11 100 12 1 1 11 100 12 1 1 1 11 100 12 1 1 11 100 12 1 1 1 11 100 12 1 1 1 11 100 12 1 1 11 100 12 1 1 1 11 100 12 1 1 100 1 10 12 1 1 11 100 12 1 1 11 100 12 1 1 11 100 12 1 1 11 100 12 1 1 11 100 12 1 1 11 100 12 1 1 9 12 1 1 10 100 12 1 1 11 100 12 1 1 10 12 1 1 10 100 12 1 1 1 10 12 1 10 12 1 1 10 12 1 1 1 1 1 3 1 3 1 3 1 3 1 3 1 3 1 3 1 3 1 3 1 3 1 3 1 3 1 3 1 3 1 3 1 3 1 3 1 3 1 3 1 3 1 3 1 3 1 3 1 3 1 3 1 3 1 3 1 3 1 3 1 3 1 3 1 3 1 3 1 3 1 3 1 3 1 3 1 3 1 3 1 3 1 3 1 3 1 3 1 3 1 3 1 3 1 3 1 3 1 3 1 3 1 3 1 3 1 3 1 1 1 1 1 1 1 1 1 1 1 1 1 1 1 1 1 1 1 1 1 1 1 1 1 1 1 1 1 1 1 1 1 1 1 1 1 1 1 1 1 1 1 1 1 1 1 1 1 1 1 1 1 1 1 1 1 1 1 1 1 1 1 1 1 1 1 1 1 1 1 1 1 1 1 1 1 1 1 1 1 1 1 1 1 1 1 1 1 1 1 1 1 1 1 1 1 1 1 1 1 1 1 1 1 1 1 1 1 1 1 1 1 1 1 1 1 1 1 1 1 1 1 1 1 1 1 1 1 1 1 1 1 1 1 1 1 1 1 1 1 1 1 1 1 1 1 1 1 1 1 1 1 1 1 1 1 1 1 1 1 1 1 1 1 1 1 1 1 1 1 1 1 1 1 1 1 1 1 1 1 1 1 1 1 1 1 1 1 1 1 1 1 1 1 1 1 1 1 1 1 1 1 1 1 1 1 1 1 1 1 1 1 1 1 1 1 1 1 1 1 1 1 1 1 1 1 1 1 1 1 1 1 1 1 100 1 100 1 100 1 100 1 100 1 1 1 1 1 1 1 1 1 1 1 1 1 1 1 1 1 1 1 1 1 1 1 1 1 1 1 1 1 1 1
instanceKlass jdk/internal/vm/vector/VectorSupport$VectorShuffle
instanceKlass jdk/internal/vm/vector/VectorSupport$VectorMask
instanceKlass jdk/internal/vm/vector/VectorSupport$Vector
ciInstanceKlass jdk/internal/vm/vector/VectorSupport$VectorPayload 0 0 32 10 100 12 1 1 1 9 100 12 1 1 1 10 100 12 1 1 1 1 1 1 1 1 1 1 1 1 1 1 1 1
ciInstanceKlass jdk/internal/vm/vector/VectorSupport$Vector 0 0 28 10 100 12 1 1 1 100 1 1 1 1 1 1 1 1 1 1 1 1 1 1 1 100 1 1 1 1
ciInstanceKlass jdk/internal/vm/vector/VectorSupport$VectorMask 0 0 28 10 100 12 1 1 1 100 1 1 1 1 1 1 1 1 1 1 1 1 1 1 1 100 1 1 1 1
ciInstanceKlass jdk/internal/vm/vector/VectorSupport$VectorShuffle 0 0 28 10 100 12 1 1 1 100 1 1 1 1 1 1 1 1 1 1 1 1 1 1 1 100 1 1 1 1
ciInstanceKlass jdk/internal/vm/FillerObject 0 0 16 10 100 12 1 1 1 100 1 1 1 1 1 1 1 1
ciInstanceKlass java/lang/NullPointerException 1 1 52 10 7 12 1 1 1 10 12 1 9 7 12 1 1 1 10 12 1 1 9 12 1 1 10 12 1 1 10 12 1 1 1 1 5 0 1 1 1 1 1 1 1 1 100 1 100 1 100 1 1 1
ciInstanceKlass java/lang/ArithmeticException 1 1 26 10 100 12 1 1 1 10 12 1 100 1 1 1 1 5 0 1 1 1 1 1 1 1 1 1
ciInstanceKlass java/util/Objects 1 1 184 10 7 12 1 1 1 100 1 8 1 10 12 1 10 12 1 1 10 7 12 1 1 1 10 12 1 1 10 12 1 10 100 12 1 1 1 10 12 1 1 10 7 12 1 1 1 7 1 10 10 12 1 1 10 7 12 1 1 10 12 1 1 8 1 10 7 12 1 1 1 10 7 12 1 1 1 10 11 100 12 1 1 1 100 1 10 10 12 1 8 1 10 12 1 8 1 7 1 11 12 1 1 8 1 10 7 12 1 1 1 10 12 1 1 10 12 1 10 12 1 10 12 1 10 12 1 1 1 1 1 1 1 1 1 1 1 1 1 1 1 1 1 1 1 1 1 1 1 1 1 1 1 1 1 1 1 1 1 1 1 1 1 1 1 1 1 1 1 1 1 1 1 1 1 1 1 1 1 1 1 1 1 1
ciInstanceKlass java/lang/Math 1 1 460 7 1 10 100 12 1 1 1 10 7 12 1 1 1 10 12 1 10 12 1 10 12 1 10 12 1 10 12 1 6 0 6 0 10 12 1 10 12 1 10 12 1 10 12 1 10 12 1 10 12 1 1 10 12 1 10 12 1 10 12 1 10 12 1 10 12 1 10 7 12 1 1 1 100 1 3 3 3 10 7 12 1 1 1 100 1 5 0 5 0 5 0 5 0 5 0 9 100 12 1 1 1 10 100 12 1 1 1 100 1 8 1 10 12 1 8 1 10 12 1 1 10 12 1 1 100 1 5 0 5 0 100 1 3 5 0 3 5 0 10 12 1 10 12 1 10 12 1 10 12 1 10 12 1 8 1 10 12 1 8 1 10 12 1 1 10 12 1 1 9 12 1 1 9 12 1 100 1 100 1 10 10 12 1 1 8 1 10 12 1 10 12 1 1 10 10 12 1 10 12 1 10 12 1 10 12 1 1 8 1 8 1 10 12 1 1 10 12 1 10 12 10 12 10 12 1 10 12 1 10 12 1 10 12 1 10 12 6 0 10 12 1 9 12 1 1 100 1 10 10 12 1 100 1 10 12 1 10 12 1 1 10 12 1 10 12 1 10 12 10 12 1 1 10 12 1 1 10 12 1 1 10 12 6 0 10 12 1 1 10 12 10 12 1 4 10 12 1 10 12 1 10 12 10 12 1 10 12 1 10 12 1 10 12 1 10 12 1 10 12 1 5 0 6 0 4 6 0 4 6 0 4 10 12 1 9 12 1 1 10 12 9 12 1 10 7 12 1 1 1 4 6 0 1 1 6 0 1 6 0 1 6 0 1 1 1 1 1 1 1 1 1 1 1 1 1 1 1 1 1 1 1 1 1 1 1 1 1 1 1 1 1 1 1 1 1 1 1 1 1 1 1 1 1 1 1 1 1 1 1 1 1 1 1 1 1 1 1 1 1 1 1 1 1 1 1 1 1 1 1 1 1 1 1 1 1 1 1 1 1 1 1 1 1 1 1 1 1 1 1 1 1 1 1 1 1 1 1 1
staticfield java/lang/Math negativeZeroFloatBits J -2147483648
staticfield java/lang/Math negativeZeroDoubleBits J -9223372036854775808
staticfield java/lang/Math $assertionsDisabled Z 1
ciInstanceKlass jdk/internal/util/Preconditions 1 1 194 10 100 12 1 1 1 11 100 12 1 1 1 11 100 12 1 1 1 100 1 100 1 10 7 12 1 1 1 10 12 1 8 1 100 1 10 100 12 1 1 1 10 12 1 1 8 1 8 1 10 100 12 1 1 7 1 10 12 1 8 1 10 100 12 1 1 1 8 1 10 12 1 1 10 12 1 1 11 12 1 8 1 8 1 11 12 1 1 8 1 8 1 8 1 10 12 1 1 10 12 1 1 10 12 1 10 12 1 10 12 1 10 12 7 1 10 10 12 1 1 9 12 1 1 7 1 10 9 12 1 7 1 10 9 12 1 1 1 1 1 1 1 1 1 1 1 1 1 1 1 1 1 1 1 1 1 1 1 1 1 1 1 1 1 1 1 1 1 1 1 1 1 1 1 1 1 1 1 1 1 1 1 1 1 1 1 1 1 1 1 1 1 1
staticfield jdk/internal/util/Preconditions SIOOBE_FORMATTER Ljava/util/function/BiFunction; jdk/internal/util/Preconditions$4
staticfield jdk/internal/util/Preconditions AIOOBE_FORMATTER Ljava/util/function/BiFunction; jdk/internal/util/Preconditions$4
staticfield jdk/internal/util/Preconditions IOOBE_FORMATTER Ljava/util/function/BiFunction; jdk/internal/util/Preconditions$4
ciInstanceKlass java/util/function/BiFunction 1 1 65 10 100 12 1 1 1 18 12 1 1 11 100 12 1 1 11 100 12 1 100 1 1 1 1 1 1 1 1 1 1 1 1 1 1 1 1 1 1 1 1 1 1 1 1 1 1 1 16 15 11 12 15 10 100 12 1 1 1 1 100 1 100 1 1
ciInstanceKlass jdk/internal/util/Preconditions$4 1 1 61 9 7 12 1 1 1 10 7 12 1 1 1 10 100 12 1 1 1 11 100 12 1 1 1 100 1 100 1 100 1 10 12 1 100 1 1 1 1 1 1 1 1 1 1 1 1 1 1 1 1 1 1 1 1 1 12 1 1 1 1
ciInstanceKlass java/util/Arrays 1 1 1029 10 7 12 1 1 1 10 7 12 1 1 1 10 7 12 1 1 1 10 12 1 10 12 1 10 12 1 10 12 1 10 12 1 10 12 1 10 100 12 1 1 1 100 1 7 1 10 8 1 10 12 1 1 10 12 1 8 1 8 1 10 12 1 1 10 12 1 100 1 10 12 1 9 100 12 1 1 1 10 7 12 1 1 100 1 10 12 1 1 10 7 12 1 1 10 7 12 1 1 1 100 1 10 12 1 10 12 1 1 7 1 9 7 12 1 1 1 10 12 1 1 10 7 12 1 1 10 12 1 10 12 1 1 10 12 1 10 12 1 1 7 1 11 12 1 1 10 12 1 10 7 12 1 1 1 10 12 10 12 1 10 12 1 10 12 10 12 1 11 7 12 1 1 1 10 7 12 1 1 1 100 1 10 12 1 10 100 1 10 12 1 10 100 1 10 12 1 10 100 1 10 12 1 10 10 12 1 1 10 12 1 10 12 1 10 12 1 10 12 1 10 12 1 10 100 12 1 1 1 10 12 1 10 100 12 1 1 1 10 12 1 10 12 1 10 7 12 1 1 1 10 12 1 10 12 1 10 12 1 10 12 1 10 12 1 10 12 1 10 12 1 10 12 1 10 12 1 10 12 1 10 12 1 10 12 1 10 12 1 10 12 1 10 12 1 10 12 1 1 10 12 1 1 10 7 12 1 1 1 10 7 1 10 100 1 10 7 1 10 7 1 10 7 1 10 100 1 10 100 1 10 100 1 10 12 1 8 1 10 12 1 1 10 12 1 1 10 12 1 1 10 12 1 1 10 12 1 1 10 12 1 1 10 12 1 1 10 12 1 1 10 12 1 1 7 1 10 12 10 12 1 1 10 12 1 10 12 1 1 10 12 1 1 9 100 12 1 1 1 10 12 1 9 100 1 10 12 1 9 100 1 10 12 1 9 100 1 10 12 1 9 100 1 10 12 1 9 100 1 10 12 1 9 10 12 1 10 12 1 10 12 1 9 12 1 100 1 10 10 12 1 1 10 12 1 10 12 1 10 12 1 10 12 1 10 12 1 10 12 1 10 12 1 10 12 1 10 12 1 8 1 8 1 10 12 1 10 12 1 8 1 10 12 1 10 12 1 10 12 1 10 7 12 1 1 1 3 10 100 1 10 10 12 1 1 11 100 12 1 1 10 12 1 1 10 12 1 10 12 1 10 12 1 10 12 1 10 12 1 10 12 1 10 12 1 10 12 1 11 12 1 8 1 10 11 12 1 11 100 12 1 1 1 11 100 12 1 1 1 11 12 1 1 18 12 1 1 11 12 1 1 11 100 12 1 1 1 18 12 1 11 100 12 1 1 1 18 12 1 11 100 12 1 1 1 18 12 1 100 1 10 7 12 1 1 1 10 12 1 10 12 1 10 12 1 10 12 1 10 12 1 10 12 1 10 12 1 10 12 1 1 10 12 1 10 7 12 1 1 10 12 1 10 12 1 10 12 1 1 10 12 1 10 12 1 10 12 1 1 10 12 1 10 12 1 10 12 1 1 10 12 1 10 12 1 10 12 1 10 12 1 10 12 10 12 1 10 12 10 12 10 12 1 10 12 10 12 1 10 12 1 10 12 1 1 1 1 3 1 3 1 1 1 1 1 1 1 1 1 1 1 1 1 1 1 1 1 1 1 1 1 1 1 1 1 1 1 1 1 1 1 1 1 1 1 1 1 1 1 1 1 1 1 1 1 1 1 1 1 1 1 1 1 1 1 1 1 1 1 1 1 1 1 1 1 1 1 1 1 1 1 1 1 1 1 1 1 1 1 1 1 1 1 1 1 1 1 1 1 1 1 1 1 1 1 1 1 1 1 1 1 1 1 1 1 1 1 1 1 1 1 1 1 1 1 1 1 1 1 1 1 1 1 1 1 1 1 1 1 1 1 1 1 1 1 1 1 1 1 1 1 1 1 1 1 1 1 1 1 1 1 1 1 1 1 1 1 1 1 1 1 1 1 1 1 1 1 1 1 1 1 1 1 1 1 1 1 1 1 1 1 1 1 1 1 1 1 1 1 1 1 1 1 1 1 1 1 1 1 1 1 1 1 1 1 1 1 1 1 1 1 1 1 1 1 1 1 1 1 1 1 1 1 1 1 1 1 1 1 1 1 1 1 1 1 1 1 1 1 1 1 1 1 1 1 1 1 1 1 1 1 1 1 1 100 1 1 16 15 10 12 15 10 12 15 10 12 15 10 12 15 10 100 12 1 1 1 1 1 100 1 100 1 1 1 1 100 1 1 1 1 1 1 100 1 1 100 1 1 100 1 1 1 100 1 100 1 1
staticfield java/util/Arrays $assertionsDisabled Z 1
ciInstanceKlass jdk/internal/util/ArraysSupport 1 1 378 7 1 100 1 8 1 10 12 1 1 10 12 1 1 10 100 12 1 1 9 7 12 1 1 1 9 12 1 1 10 7 12 1 1 1 9 12 1 1 10 7 12 1 1 1 9 12 1 10 12 9 12 1 10 12 1 1 10 12 7 1 10 12 1 1 10 12 1 100 1 10 12 1 1 10 12 100 1 10 12 1 100 1 10 12 1 100 1 100 1 10 8 1 10 12 1 1 10 12 1 10 12 1 1 10 9 12 1 1 11 7 12 1 1 1 9 12 1 9 12 1 10 12 1 1 9 12 1 9 12 1 9 12 1 9 12 1 9 12 1 9 12 1 9 12 1 10 12 1 1 10 100 12 1 1 1 9 12 1 9 12 1 10 12 1 1 10 12 1 9 12 1 10 12 1 10 100 12 1 1 1 9 12 1 9 12 1 10 12 1 10 12 1 10 7 12 1 1 1 3 10 12 1 100 1 8 1 8 1 8 1 10 10 100 12 1 1 1 11 100 12 1 1 1 10 12 1 10 100 12 1 1 1 10 12 1 1 10 12 1 1 9 12 1 10 12 1 9 12 1 9 12 1 9 12 1 9 12 1 9 12 1 9 12 1 9 12 1 100 1 10 7 12 1 1 1 1 1 3 1 3 1 3 1 3 1 3 1 3 1 3 1 3 1 1 1 1 1 1 1 1 1 1 1 1 1 1 1 1 1 1 1 1 1 1 1 1 1 1 1 1 1 1 1 1 1 1 1 1 1 1 1 1 1 1 1 1 1 1 1 1 1 1 1 1 1 1 1 1 1 1 1 1 1 1 1 1 1 1 1 1 1 1 1 1 1 1 1 1 1 1 1 100 1 1 1 1
staticfield jdk/internal/util/ArraysSupport U Ljdk/internal/misc/Unsafe; jdk/internal/misc/Unsafe
staticfield jdk/internal/util/ArraysSupport BIG_ENDIAN Z 0
staticfield jdk/internal/util/ArraysSupport LOG2_ARRAY_BOOLEAN_INDEX_SCALE I 0
staticfield jdk/internal/util/ArraysSupport LOG2_ARRAY_BYTE_INDEX_SCALE I 0
staticfield jdk/internal/util/ArraysSupport LOG2_ARRAY_CHAR_INDEX_SCALE I 1
staticfield jdk/internal/util/ArraysSupport LOG2_ARRAY_SHORT_INDEX_SCALE I 1
staticfield jdk/internal/util/ArraysSupport LOG2_ARRAY_INT_INDEX_SCALE I 2
staticfield jdk/internal/util/ArraysSupport LOG2_ARRAY_LONG_INDEX_SCALE I 3
staticfield jdk/internal/util/ArraysSupport LOG2_ARRAY_FLOAT_INDEX_SCALE I 2
staticfield jdk/internal/util/ArraysSupport LOG2_ARRAY_DOUBLE_INDEX_SCALE I 3
staticfield jdk/internal/util/ArraysSupport LOG2_BYTE_BIT_SIZE I 3
staticfield jdk/internal/util/ArraysSupport JLA Ljdk/internal/access/JavaLangAccess; java/lang/System$2
ciInstanceKlass java/io/Flushable 1 0 12 100 1 100 1 1 1 1 100 1 1 1
instanceKlass sun/nio/ch/ChannelOutputStream
instanceKlass org/apache/commons/io/output/NullOutputStream
instanceKlass java/io/ObjectOutputStream$BlockDataOutputStream
instanceKlass sun/nio/ch/NioSocketImpl$2
instanceKlass java/net/Socket$SocketOutputStream
instanceKlass sun/security/ssl/SSLSocketImpl$AppOutputStream
instanceKlass org/apache/http/impl/conn/LoggingOutputStream
instanceKlass org/apache/http/impl/io/ContentLengthOutputStream
instanceKlass org/apache/http/impl/io/IdentityOutputStream
instanceKlass org/apache/http/impl/io/ChunkedOutputStream
instanceKlass java/io/ObjectOutputStream
instanceKlass org/apache/commons/io/output/ByteArrayOutputStream
instanceKlass com/fasterxml/jackson/core/io/DataOutputAsStream
instanceKlass com/fasterxml/jackson/core/util/ByteArrayBuilder
instanceKlass org/apache/logging/log4j/core/util/CloseShieldOutputStream
instanceKlass org/apache/logging/log4j/core/appender/ConsoleAppender$SystemErrStream
instanceKlass org/apache/logging/log4j/core/appender/ConsoleAppender$SystemOutStream
instanceKlass java/io/ByteArrayOutputStream
instanceKlass java/io/FilterOutputStream
instanceKlass java/io/FileOutputStream
ciInstanceKlass java/io/OutputStream 1 1 53 10 7 12 1 1 1 100 1 10 10 7 12 1 1 1 10 100 12 1 1 1 10 12 1 100 1 100 1 1 1 1 1 1 1 1 1 100 1 1 1 1 1 1 1 1 1 1 1 1 1 1 1
instanceKlass java/nio/MappedByteBuffer
instanceKlass java/nio/HeapByteBuffer
ciInstanceKlass java/nio/ByteBuffer 1 1 446 10 7 12 1 1 1 9 7 12 1 1 1 10 7 12 1 1 1 9 12 1 1 9 12 1 9 12 1 1 9 12 1 1 10 12 1 10 12 1 7 1 10 12 1 10 12 1 1 7 1 10 12 1 10 12 1 100 1 100 1 10 12 1 10 12 1 1 10 7 12 1 1 1 10 12 1 1 10 12 1 100 1 10 10 12 1 1 10 12 1 10 12 1 10 12 100 1 5 0 9 12 1 1 9 12 1 9 12 1 1 10 12 1 1 10 12 1 1 10 7 12 1 1 1 10 7 12 1 1 1 10 12 1 10 12 1 1 10 12 1 1 100 1 10 100 1 10 10 12 1 1 9 12 1 10 12 1 100 1 10 10 12 1 10 12 1 10 12 10 12 1 9 12 100 1 10 10 12 1 10 12 10 12 1 1 10 12 1 10 12 1 10 12 1 10 12 1 100 1 10 10 100 12 1 1 1 10 7 12 1 1 1 10 12 1 1 8 1 10 12 1 8 1 8 1 10 12 1 8 1 10 12 1 10 100 12 1 1 1 10 100 12 1 1 1 10 12 1 1 10 100 1 9 12 1 8 1 10 12 1 8 1 8 1 10 10 12 1 10 12 1 1 10 12 1 1 10 12 10 12 1 1 10 12 10 12 10 12 10 12 10 12 10 12 10 12 1 1 10 12 1 9 12 1 1 7 10 7 12 1 1 1 100 1 1 1 1 1 1 1 1 1 1 1 1 100 1 1 1 1 1 1 1 1 1 1 1 1 1 1 1 1 1 1 1 1 1 100 1 1 1 1 1 1 1 1 1 1 1 1 1 1 1 1 1 1 1 1 1 1 1 1 1 1 1 1 1 1 1 1 1 1 1 1 1 1 1 1 1 1 1 1 1 1 1 1 1 1 1 1 1 1 1 1 1 1 1 1 1 1 1 1 1 1 1 1 1 1 1 1 1 1 1 1 1 1 1 1 1 1 1 1 1 1 1 1 1 1 1 1 1 1 1 100 1
staticfield java/nio/ByteBuffer ARRAY_BASE_OFFSET J 16
staticfield java/nio/ByteBuffer $assertionsDisabled Z 1
ciInstanceKlass jdk/internal/access/JavaNioAccess 1 0 47 100 1 100 1 1 1 1 1 1 1 1 1 1 1 1 1 1 1 1 1 1 1 1 1 1 1 1 1 1 1 1 1 1 1 1 1 1 1 1 1 1 100 1 100 1 1
ciInstanceKlass java/nio/HeapByteBuffer 1 1 360 10 7 12 1 1 1 9 7 12 1 1 1 9 12 1 9 12 1 10 12 1 1 10 12 1 9 12 1 1 9 12 1 1 9 12 1 1 10 12 1 10 7 12 1 1 1 10 12 1 10 12 1 100 1 10 10 12 1 10 12 1 1 10 12 1 10 12 1 1 100 1 10 12 10 7 12 1 1 1 10 12 1 10 12 1 100 1 10 10 12 1 1 10 12 1 9 12 1 1 100 1 10 10 12 10 12 1 9 12 1 1 10 12 1 1 10 12 10 12 1 1 9 12 1 10 7 12 1 1 1 10 12 1 10 12 10 12 1 1 7 1 10 12 1 7 1 10 10 12 1 1 10 12 1 1 7 1 10 100 1 10 10 12 1 1 10 12 1 1 7 1 10 100 1 10 10 12 1 1 10 12 1 1 100 1 10 100 1 10 10 100 12 1 1 1 10 12 1 1 100 1 10 100 1 10 10 100 12 1 1 1 10 12 1 1 100 1 10 100 1 10 10 12 1 1 10 12 1 1 10 12 10 7 12 1 1 1 9 12 1 1 7 10 7 12 1 1 1 10 12 1 1 1 1 1 1 1 1 1 1 1 1 1 1 1 1 1 1 1 1 1 1 1 1 1 1 1 1 1 1 1 1 1 1 1 1 1 1 1 1 1 1 1 1 1 1 1 1 1 1 1 100 1 1 1 1 1 1 1 1 1 1 100 1 1 1 1 1 100 1 1 1 1 1 1 1 1 1 100 1 1 1 1 1 1 1 1 1 1 100 1 1 1 1 1 1 1 1 1 1 100 1 1 1 1 1 1 1 1
staticfield java/nio/HeapByteBuffer ARRAY_BASE_OFFSET J 16
staticfield java/nio/HeapByteBuffer ARRAY_INDEX_SCALE J 1
staticfield java/nio/HeapByteBuffer $assertionsDisabled Z 1
ciInstanceKlass java/nio/ByteOrder 1 1 50 10 7 12 1 1 1 9 7 12 1 1 1 9 12 1 1 8 1 10 12 1 9 12 8 1 9 12 10 7 12 1 1 1 10 12 1 1 1 1 1 1 1 1 1 1 1 1 1 1
staticfield java/nio/ByteOrder BIG_ENDIAN Ljava/nio/ByteOrder; java/nio/ByteOrder
staticfield java/nio/ByteOrder LITTLE_ENDIAN Ljava/nio/ByteOrder; java/nio/ByteOrder
staticfield java/nio/ByteOrder NATIVE_ORDER Ljava/nio/ByteOrder; java/nio/ByteOrder
ciInstanceKlass java/nio/HeapCharBuffer 1 1 253 10 7 12 1 1 1 9 7 12 1 1 1 9 12 1 9 12 1 10 12 1 1 10 12 1 9 12 1 1 9 12 1 1 9 12 1 1 10 12 1 10 100 12 1 1 1 10 12 1 10 12 1 100 1 10 10 12 1 10 12 1 1 10 12 1 10 12 1 1 100 1 10 12 10 100 12 1 1 1 10 12 1 10 12 1 100 1 10 10 12 1 1 10 12 1 11 100 12 1 1 10 12 1 100 1 10 12 1 1 100 1 10 100 1 10 10 12 1 1 10 12 1 1 10 12 10 9 12 1 1 100 1 10 10 12 10 12 1 10 12 1 100 1 100 1 10 10 7 12 1 1 1 10 12 1 10 10 10 12 1 1 10 12 1 1 10 12 1 10 12 10 7 12 1 1 1 9 12 1 1 7 10 7 12 1 1 1 10 12 1 1 1 1 1 1 1 1 1 1 1 1 1 1 1 1 1 1 1 1 1 1 1 1 1 1 1 1 1 1 1 1 1 1 1 1 1 1 1 1 1 1 1 1 1 1 1 1 1 1 1 1 100 1 1 1 1 1 1 1 1 1 1
staticfield java/nio/HeapCharBuffer ARRAY_BASE_OFFSET J 16
staticfield java/nio/HeapCharBuffer ARRAY_INDEX_SCALE J 2
staticfield java/nio/HeapCharBuffer $assertionsDisabled Z 1
instanceKlass org/jfree/data/UnknownKeyException
instanceKlass java/security/InvalidParameterException
instanceKlass java/util/regex/PatternSyntaxException
instanceKlass java/nio/file/InvalidPathException
instanceKlass java/nio/charset/UnsupportedCharsetException
instanceKlass java/nio/charset/IllegalCharsetNameException
instanceKlass org/jdom/IllegalDataException
instanceKlass org/jdom/IllegalNameException
instanceKlass org/jdom/IllegalAddException
instanceKlass java/util/IllegalFormatException
instanceKlass java/nio/file/ProviderMismatchException
instanceKlass java/lang/NumberFormatException
ciInstanceKlass java/lang/IllegalArgumentException 1 1 35 10 7 12 1 1 1 10 12 1 10 12 1 10 12 1 100 1 1 1 1 5 0 1 1 1 1 1 1 1 1 1 1 1 1
ciInstanceKlass java/lang/invoke/MethodHandleStatics 1 1 320 10 100 12 1 1 1 9 7 12 1 1 1 9 12 1 1 10 7 12 1 1 1 9 12 1 9 12 1 9 12 1 9 12 1 9 100 12 1 1 1 100 1 10 8 1 10 12 1 1 10 100 12 1 1 1 8 1 10 100 12 1 1 1 10 12 1 1 8 1 8 1 10 12 1 10 100 12 1 1 1 10 7 12 1 1 8 1 10 12 1 1 8 1 8 1 8 1 8 1 10 12 1 1 100 1 10 12 10 12 1 10 12 1 100 1 10 10 12 1 1 100 1 10 10 12 1 100 1 100 1 8 1 8 1 10 12 1 8 1 10 7 12 1 1 1 9 12 1 1 10 7 12 1 1 1 10 12 1 1 9 12 1 1 10 7 12 1 1 1 8 1 10 7 12 1 1 10 7 12 1 1 1 8 1 8 1 8 1 8 1 8 1 10 12 1 10 7 12 1 1 1 9 12 1 8 1 8 1 8 1 8 1 9 12 1 8 1 9 12 1 8 1 8 1 9 12 1 8 1 8 1 9 12 1 8 1 9 12 1 8 1 9 12 1 8 1 8 1 9 12 1 8 1 8 1 10 12 1 1 8 1 10 12 1 1 1 1 1 1 1 1 1 1 1 1 1 1 1 1 1 1 1 1 1 1 1 100 1 100 1 100 1 1 1 1 1 1 1 1 1 1 1 1 1 1 1 1 1 1 1 1 1 1 1 1 1 1 1 1
staticfield java/lang/invoke/MethodHandleStatics UNSAFE Ljdk/internal/misc/Unsafe; jdk/internal/misc/Unsafe
staticfield java/lang/invoke/MethodHandleStatics CLASSFILE_VERSION I 65
staticfield java/lang/invoke/MethodHandleStatics DEBUG_METHOD_HANDLE_NAMES Z 0
staticfield java/lang/invoke/MethodHandleStatics TRACE_INTERPRETER Z 0
staticfield java/lang/invoke/MethodHandleStatics TRACE_METHOD_LINKAGE Z 0
staticfield java/lang/invoke/MethodHandleStatics TRACE_RESOLVE Z 0
staticfield java/lang/invoke/MethodHandleStatics COMPILE_THRESHOLD I 0
staticfield java/lang/invoke/MethodHandleStatics LOG_LF_COMPILATION_FAILURE Z 0
staticfield java/lang/invoke/MethodHandleStatics DONT_INLINE_THRESHOLD I 30
staticfield java/lang/invoke/MethodHandleStatics PROFILE_LEVEL I 0
staticfield java/lang/invoke/MethodHandleStatics PROFILE_GWT Z 1
staticfield java/lang/invoke/MethodHandleStatics CUSTOMIZE_THRESHOLD I 127
staticfield java/lang/invoke/MethodHandleStatics VAR_HANDLE_GUARDS Z 1
staticfield java/lang/invoke/MethodHandleStatics MAX_ARITY I 255
staticfield java/lang/invoke/MethodHandleStatics VAR_HANDLE_IDENTITY_ADAPT Z 0
staticfield java/lang/invoke/MethodHandleStatics DUMP_CLASS_FILES Ljdk/internal/util/ClassFileDumper; jdk/internal/util/ClassFileDumper
ciInstanceKlass java/security/Guard 1 0 12 100 1 100 1 1 1 1 100 1 1 1
instanceKlass java/awt/HeadlessException
ciInstanceKlass java/lang/UnsupportedOperationException 0 0 34 10 100 12 1 1 1 10 12 1 10 12 1 10 12 1 100 1 1 1 1 5 0 1 1 1 1 1 1 1 1 1 1 1
instanceKlass org/apache/http/impl/conn/ConnectionShutdownException
instanceKlass org/apache/http/ssl/SSLInitializationException
instanceKlass sun/java2d/InvalidPipeException
ciInstanceKlass java/lang/IllegalStateException 1 1 35 10 100 12 1 1 1 10 12 1 10 12 1 10 12 1 100 1 1 1 1 5 0 1 1 1 1 1 1 1 1 1 1 1 1
ciInstanceKlass java/lang/invoke/VarHandleGuards 1 1 746 10 100 12 1 1 1 10 7 12 1 1 1 9 12 1 1 9 7 12 1 1 1 9 7 12 1 1 1 9 12 1 1 9 12 1 10 12 1 1 10 7 12 1 1 1 9 12 1 1 10 7 12 1 1 1 10 12 1 1 9 12 1 10 12 1 1 10 12 1 1 10 12 1 1 10 12 1 10 12 1 1 10 12 1 10 12 1 10 12 1 10 12 1 10 12 1 10 12 1 10 12 1 10 12 1 10 12 1 10 12 1 10 12 1 10 12 1 10 12 1 10 12 1 10 12 1 10 12 1 10 12 1 10 12 1 10 12 1 10 12 1 10 12 1 10 12 1 10 12 1 10 12 1 10 12 1 10 12 1 10 12 1 10 12 1 10 12 1 10 12 1 10 12 1 10 12 1 10 12 1 10 12 1 10 12 1 10 12 1 10 12 1 10 12 1 10 12 1 10 12 1 10 12 1 10 12 1 10 12 1 10 12 1 10 12 1 10 12 1 10 12 1 10 12 1 10 12 1 10 12 1 10 12 1 10 12 1 10 12 1 10 12 1 10 12 1 10 12 1 10 12 1 10 12 1 10 12 1 10 12 1 10 12 1 10 12 1 10 12 1 10 12 1 10 12 1 10 12 1 10 12 1 10 12 1 10 12 1 10 12 1 10 12 1 10 12 1 10 12 1 10 12 1 10 12 1 10 12 1 10 12 1 10 12 1 10 12 1 10 12 1 10 12 1 10 12 1 10 12 1 10 12 1 10 12 1 10 12 1 10 12 1 10 12 1 10 12 1 10 12 1 10 12 1 10 12 1 10 12 1 10 12 1 10 12 1 10 12 1 10 12 1 10 12 1 10 12 1 10 12 1 10 12 1 10 12 1 10 12 1 10 12 1 10 12 1 10 12 1 10 12 1 10 12 1 10 12 1 10 12 1 10 12 1 10 12 1 10 12 1 10 12 1 10 12 1 10 12 1 10 12 1 10 12 1 10 12 1 10 12 1 10 12 1 10 12 1 10 12 1 10 12 1 10 12 1 10 12 1 10 12 1 10 12 1 10 12 1 10 12 1 10 12 1 10 12 1 10 12 1 10 12 1 10 12 1 10 12 1 10 12 1 10 12 1 10 12 1 10 12 1 10 12 1 10 12 1 10 12 1 10 12 1 10 12 1 10 12 1 10 12 1 10 12 1 10 12 1 10 12 1 10 12 1 10 12 1 10 12 1 10 12 1 10 12 1 100 1 1 1 1 1 1 1 1 1 1 1 1 1 1 1 1 1 1 1 1 1 100 1 1 1 1 1 1 1 1 1 1 1 1 1 1 1 1 1 1 1 1 1 1 1 1 1 1 1 1 1 1 1 1 1 1 1 1 1 1 1 1 1 1 1 1 1 1 1 1 1 1 1 1 1 1 1 1 1 1 1 1 1 1 1 1 1 1 1 1 1 1 1 1 1 1 1 1 1 1 1 1 1 1 1 1 1 1 1 1 1 1 1 1 1 1 1 1 1 1 1 1 1 1 1 1 1 1 1 1 1 1 1 1 1 1 1 1 1 1 1 1 1 1 1 1 1 1 1 1 1 1 1 1 1 1 1 1 1 1 1 1 1 1 1 1 1 1 1 1 1 1 1 1 1 1 1 1 1 1 1 1 1 1 1 1 1 1 1 1 1 1 1 100 1 100 1 1
ciInstanceKlass java/lang/invoke/VarForm 1 1 198 100 1 10 7 12 1 1 1 9 7 12 1 1 1 7 1 9 7 12 1 1 1 9 7 1 7 1 9 12 1 1 9 12 1 1 10 12 1 1 7 1 10 7 12 1 1 1 7 1 10 12 1 1 10 12 1 1 10 12 1 1 9 12 1 1 10 12 1 1 9 12 1 10 12 1 1 9 12 1 9 7 12 1 1 10 12 1 1 9 12 1 9 12 1 9 7 1 10 12 1 1 100 1 10 12 1 1 10 12 1 1 10 12 1 9 12 1 7 1 10 12 1 1 9 7 12 1 1 1 10 12 1 1 10 12 1 1 9 12 1 10 12 1 1 1 1 1 1 1 1 1 1 1 1 1 1 1 1 1 1 1 1 100 1 1 1 1 1 1 1 1 1 1 1 1 1 1 1 1 1 1 1 1 1 100 1 1 1 1 100 1 1 1 1 100 1 1
ciInstanceKlass java/lang/invoke/VarHandle$AccessDescriptor 1 1 61 10 7 12 1 1 1 9 7 12 1 1 1 10 7 12 1 1 1 9 12 1 7 1 7 1 10 12 1 1 9 12 1 10 12 1 1 9 12 1 9 12 1 1 9 12 1 1 1 1 1 1 1 1 1 1 1 1 1 1 1
instanceKlass java/lang/invoke/VarHandleByteArrayAsLongs$ArrayHandle
ciInstanceKlass java/lang/invoke/VarHandleByteArrayAsLongs$ByteArrayViewVarHandle 1 1 36 10 7 12 1 1 1 9 7 12 1 1 1 1 1 1 1 1 1 1 1 1 1 1 1 100 1 1 100 1 100 1 1 1 1 1
ciInstanceKlass java/lang/invoke/VarHandleByteArrayAsLongs$ArrayHandle 1 1 294 100 1 10 7 12 1 1 1 9 12 1 1 10 7 12 1 1 10 12 1 1 9 12 1 1 7 1 9 7 12 1 1 1 7 1 9 7 1 10 7 12 1 1 1 9 7 12 1 1 1 10 12 1 1 9 7 12 1 1 1 5 0 10 100 12 1 1 1 9 7 12 1 1 1 10 12 1 1 10 12 1 1 10 12 1 1 10 12 1 1 10 12 1 1 10 12 1 1 10 12 1 1 10 12 1 10 12 1 10 12 1 10 12 1 10 12 1 1 10 12 1 1 10 12 1 10 12 1 10 12 1 10 12 1 10 12 1 10 12 1 10 12 1 1 10 12 1 10 12 1 9 12 1 10 12 1 10 12 1 1 10 12 1 10 12 1 10 12 1 1 10 12 1 10 12 1 10 12 1 10 12 1 10 12 1 10 12 1 10 12 1 10 12 1 10 12 1 10 12 1 10 12 1 10 12 1 10 12 1 1 10 12 1 7 1 10 12 1 1 1 1 1 1 1 1 1 1 1 1 1 1 1 1 1 1 1 1 1 1 1 1 1 1 1 1 1 1 1 1 1 1 1 1 1 1 1 1 1 1 1 1 1 1 1 1 1 1 1 1 1 1 1 1 1 1 1 1 1 1 1 1 1 1 1 1 1 1 1 1 1 100 1 1
staticfield java/lang/invoke/VarHandleByteArrayAsLongs$ArrayHandle FORM Ljava/lang/invoke/VarForm; java/lang/invoke/VarForm
ciInstanceKlass java/lang/foreign/MemorySegment$Scope 0 0 31 100 1 100 1 1 1 1 1 1 1 1 1 1 1 1 1 1 1 100 1 1 100 1 1 1 100 1 100 1 1
ciInstanceKlass jdk/internal/foreign/MemorySessionImpl 0 0 326 100 1 100 1 10 12 1 1 11 100 12 1 1 1 100 1 10 100 12 1 1 1 10 12 1 1 9 12 1 1 10 100 12 1 1 1 10 12 1 1 100 1 10 12 1 1 10 12 1 9 12 1 1 10 100 12 1 1 10 100 12 1 9 12 1 1 100 1 10 12 1 100 1 10 100 1 10 12 1 10 100 12 1 1 1 10 100 12 1 1 1 10 12 1 11 100 12 1 1 10 12 1 10 100 12 1 1 1 9 12 1 1 9 12 1 10 12 1 100 1 10 12 1 1 100 1 10 12 1 1 100 1 10 10 12 1 10 100 1 10 12 1 100 1 8 1 10 12 1 8 1 10 12 1 1 10 100 12 1 1 1 8 1 100 1 8 1 10 100 1 8 1 10 9 12 1 1 18 12 1 1 10 12 1 18 10 100 12 1 1 1 8 9 12 1 1 10 100 12 1 1 1 9 12 1 1 100 1 100 1 10 12 1 100 1 1 1 3 1 3 1 3 1 3 1 1 1 1 1 1 1 1 1 1 1 1 1 1 1 1 1 1 1 1 1 1 1 1 1 1 1 1 1 1 1 1 1 1 1 1 1 1 1 1 1 1 1 1 1 1 1 1 1 1 1 1 1 1 1 1 1 1 1 1 1 1 1 1 1 1 1 1 1 1 100 1 100 1 1 1 16 15 10 12 16 15 10 12 15 10 100 12 1 1 1 1 100 1 1 1 1 100 1 1 1
ciInstanceKlass java/util/random/RandomGenerator 1 1 308 10 100 12 1 1 1 100 1 10 100 12 1 1 1 8 1 11 12 1 11 12 1 1 100 1 10 100 12 1 1 1 18 12 1 1 11 100 12 1 1 1 11 12 1 1 10 100 12 1 1 1 18 12 1 10 12 1 1 11 12 1 11 12 1 1 11 12 1 18 12 1 1 11 100 12 1 1 11 12 1 10 12 1 18 12 1 11 12 1 11 12 1 11 12 1 18 12 1 1 11 100 12 1 1 11 12 1 10 12 1 18 12 1 11 12 1 11 12 1 11 12 1 11 12 1 1 11 12 1 1 100 1 100 1 4 10 12 1 1 10 12 1 1 10 12 1 10 12 1 100 1 6 0 10 12 1 10 12 1 1 10 12 1 10 12 1 10 12 1 1 10 12 1 10 12 10 12 1 1 10 12 1 10 12 1 1 100 1 8 1 10 12 1 1 10 12 1 11 12 1 11 12 1 11 12 1 1 100 1 1 1 1 1 1 1 1 1 1 1 1 1 1 1 1 1 1 1 1 1 1 1 1 1 1 1 1 1 1 1 1 1 1 1 1 1 1 1 1 1 1 1 1 1 1 1 1 1 1 1 1 1 100 1 100 1 100 1 100 1 100 1 1 16 15 11 12 15 11 12 16 15 15 11 12 16 15 15 11 12 15 10 100 12 1 1 1 1 1 1 1 1 1 100 1 100 1 1
instanceKlass javax/crypto/ShortBufferException
instanceKlass java/security/KeyStoreException
instanceKlass java/security/UnrecoverableEntryException
instanceKlass java/security/spec/InvalidParameterSpecException
instanceKlass java/security/spec/InvalidKeySpecException
instanceKlass java/security/NoSuchProviderException
instanceKlass java/security/SignatureException
instanceKlass javax/security/auth/login/LoginException
instanceKlass java/security/cert/CertificateException
instanceKlass javax/crypto/NoSuchPaddingException
instanceKlass javax/crypto/IllegalBlockSizeException
instanceKlass javax/crypto/BadPaddingException
instanceKlass java/security/InvalidAlgorithmParameterException
instanceKlass java/security/KeyException
instanceKlass java/security/NoSuchAlgorithmException
ciInstanceKlass java/security/GeneralSecurityException 1 1 35 10 7 12 1 1 1 10 12 1 10 12 1 10 12 1 100 1 1 1 1 5 0 1 1 1 1 1 1 1 1 1 1 1 1
instanceKlass sun/security/provider/certpath/ldap/JdkLDAP
instanceKlass com/sun/security/sasl/Provider
instanceKlass sun/security/mscapi/SunMSCAPI
instanceKlass org/jcp/xml/dsig/internal/dom/XMLDSigRI
instanceKlass com/sun/crypto/provider/SunJCE
instanceKlass sun/security/ssl/SunJSSE
instanceKlass sun/security/ec/SunEC
instanceKlass sun/security/jgss/SunProvider
instanceKlass sun/security/smartcardio/SunPCSC
instanceKlass com/sun/security/sasl/gsskerb/JdkSASL
instanceKlass java/security/AuthProvider
instanceKlass sun/security/rsa/SunRsaSign
instanceKlass sun/security/provider/Sun
instanceKlass sun/security/jca/ProviderList$1
ciInstanceKlass java/security/Provider 1 1 879 10 7 12 1 1 1 10 12 1 10 12 1 1 10 7 12 1 1 1 100 1 100 1 10 7 12 1 1 1 9 7 12 1 1 1 9 12 1 1 9 12 1 1 9 12 1 1 10 12 1 1 9 12 1 9 12 1 7 1 10 9 12 1 1 9 12 1 7 1 10 12 1 9 12 1 10 12 1 9 12 1 1 10 12 1 100 1 8 1 10 12 1 7 1 10 10 12 1 1 8 1 10 12 1 8 1 10 12 1 9 12 1 1 8 1 8 1 10 7 12 1 1 10 12 1 8 1 8 1 10 12 1 1 10 12 1 1 8 1 10 12 1 10 100 12 1 1 1 11 7 12 1 1 10 100 1 8 1 10 10 12 1 10 12 1 1 10 12 1 1 10 12 1 1 8 1 8 1 10 12 1 8 1 8 1 10 12 1 1 10 12 1 8 1 8 1 10 12 1 1 10 12 1 8 1 10 12 1 1 10 12 8 1 10 12 1 1 8 1 10 12 1 1 8 1 10 12 1 1 8 1 10 12 1 8 1 10 12 1 1 10 12 1 10 12 1 10 12 1 1 10 12 1 1 10 12 1 10 12 1 1 100 1 10 10 7 12 1 1 1 10 100 12 1 1 8 1 10 12 1 1 10 12 1 8 1 8 1 8 1 10 7 12 1 1 1 10 7 12 1 1 7 1 10 11 7 12 1 1 1 11 7 12 1 1 1 11 12 1 1 7 1 11 12 1 11 12 1 11 9 12 1 1 10 100 12 1 1 10 12 1 8 1 10 12 1 1 10 12 1 1 10 12 1 9 100 12 1 1 1 10 12 1 1 10 12 10 12 1 9 12 1 10 12 10 12 1 11 12 1 9 12 1 10 12 1 10 12 1 10 12 1 10 12 1 10 12 1 9 12 1 9 12 1 11 10 8 1 10 12 1 9 7 12 1 1 1 10 12 1 1 8 1 9 12 1 10 12 1 1 8 1 10 100 12 1 1 1 10 12 1 10 12 1 7 1 10 12 1 11 7 1 10 12 1 1 10 12 1 10 12 1 10 12 1 11 100 1 10 8 1 9 12 1 10 12 1 11 10 12 1 1 11 7 1 10 12 1 8 1 8 1 10 12 1 1 10 12 1 9 12 1 1 10 12 1 1 10 12 1 10 7 12 1 1 10 10 9 12 1 9 12 1 9 12 1 10 12 1 10 11 12 1 11 11 12 1 1 18 12 1 1 11 12 1 8 1 10 10 12 1 1 100 1 8 1 10 10 12 1 10 12 1 10 12 1 1 10 12 1 8 1 10 12 1 11 12 1 11 12 8 1 8 1 8 1 11 10 12 1 1 8 1 10 12 1 8 1 9 12 1 8 1 10 12 1 7 1 10 12 1 9 12 1 9 8 8 1 10 12 1 1 9 12 1 1 10 12 1 8 1 8 1 10 12 1 8 1 8 1 8 1 8 1 8 1 7 1 8 1 8 1 8 1 8 1 8 1 7 1 8 1 8 1 8 1 8 1 8 1 8 1 8 1 8 1 8 1 8 1 8 1 8 1 8 1 7 1 8 1 8 1 7 1 8 1 8 1 8 1 8 1 1 1 1 5 0 1 1 1 1 1 1 1 1 1 1 1 1 1 1 1 1 1 1 1 1 1 1 1 1 1 1 1 1 1 1 1 1 1 1 1 1 1 1 100 1 1 1 1 1 1 1 1 1 1 1 1 1 1 1 1 1 1 1 1 1 1 1 1 1 1 1 1 1 1 1 1 1 1 1 1 1 1 1 1 1 1 100 1 1 1 1 1 1 1 100 1 1 1 1 1 1 1 1 1 1 1 1 1 1 1 1 1 100 1 1 1 1 1 100 1 1 1 1 1 1 1 1 1 1 1 1 1 1 1 1 1 1 1 1 1 1 1 100 1 1 16 1 15 10 12 16 1 15 10 100 12 1 1 1 1 1 1 1 1 1 100 1 1 100 1 1 100 1 100 1 1
staticfield java/security/Provider debug Lsun/security/util/Debug; 
staticfield java/security/Provider EMPTY [Ljava/lang/Object; 0 [Ljava/lang/Object;
staticfield java/security/Provider ALIAS_LENGTH I 10
staticfield java/security/Provider knownEngines Ljava/util/Map; java/util/HashMap
ciInstanceKlass java/security/SecureRandom 1 1 436 10 7 12 1 1 1 9 7 12 1 1 1 9 12 1 1 9 12 1 1 10 12 1 1 10 12 1 1 9 12 1 1 9 12 1 1 7 1 10 12 1 8 1 10 12 1 1 8 1 10 12 1 1 8 1 10 7 12 1 1 1 10 7 12 1 1 1 10 7 12 1 1 1 10 7 12 1 1 1 10 7 12 1 1 1 11 7 12 1 1 1 11 7 12 1 1 11 12 1 1 10 12 1 8 1 10 7 12 1 1 1 9 7 12 1 1 8 1 10 12 1 1 10 12 1 1 10 7 12 1 1 8 1 100 1 10 10 12 1 1 10 12 1 7 1 10 12 1 100 1 100 1 10 12 1 10 12 1 1 10 7 12 1 1 1 10 12 1 9 12 1 9 12 1 1 8 1 10 12 1 10 7 12 1 1 1 8 1 8 1 10 12 1 10 100 12 1 1 1 9 100 12 1 1 1 9 10 12 1 10 12 1 100 1 8 1 10 12 10 12 1 10 12 1 10 12 1 8 1 10 12 1 10 10 12 1 1 10 12 1 1 10 12 1 10 12 1 10 12 1 10 12 1 9 12 1 1 10 10 12 1 1 8 1 10 12 1 18 12 1 1 10 100 12 1 1 1 10 12 1 8 1 10 9 100 12 1 1 1 10 100 12 1 1 1 10 100 12 1 1 10 12 1 1 10 12 1 10 12 1 100 1 8 1 10 12 1 1 8 1 10 100 12 1 1 8 8 1 10 12 1 8 1 10 12 1 8 1 1 1 1 5 0 1 1 1 1 1 1 1 1 1 1 1 1 1 1 1 1 1 1 1 1 1 1 1 1 1 1 1 1 1 100 100 1 1 100 1 1 1 1 1 1 1 1 1 1 1 1 1 1 1 1 1 1 100 1 1 1 1 1 1 1 1 1 1 3 1 1 16 15 10 12 16 15 10 100 12 1 1 1 1 1 1 1 100 1 100 1 1 100 1 100 1 1
staticfield java/security/SecureRandom pdebug Lsun/security/util/Debug; 
staticfield java/security/SecureRandom skipDebug Z 0
instanceKlass sun/security/provider/certpath/ldap/JdkLDAP$ProviderService
instanceKlass com/sun/security/sasl/Provider$ProviderService
instanceKlass sun/security/mscapi/SunMSCAPI$ProviderService
instanceKlass org/jcp/xml/dsig/internal/dom/XMLDSigRI$ProviderService
instanceKlass sun/security/ec/SunEC$ProviderService
instanceKlass sun/security/jgss/SunProvider$ProviderService
instanceKlass sun/security/smartcardio/SunPCSC$ProviderService
instanceKlass com/sun/security/sasl/gsskerb/JdkSASL$ProviderService
ciInstanceKlass java/security/Provider$Service 1 1 468 10 7 12 1 1 1 9 7 12 1 1 1 9 12 1 1 9 12 1 9 7 12 1 1 1 11 7 12 1 1 1 7 1 9 12 1 1 10 7 12 1 1 1 9 12 1 1 10 12 1 1 9 12 1 9 12 1 11 7 12 1 1 1 7 1 10 12 1 11 12 1 1 11 12 1 11 7 1 10 7 1 10 12 1 11 12 1 1 11 12 11 12 1 100 1 10 10 12 1 1 10 12 1 10 11 12 1 1 11 7 12 1 1 1 11 7 12 1 1 11 12 1 1 7 1 11 12 1 7 1 11 12 1 9 12 1 1 10 12 1 1 100 1 100 1 10 8 1 10 12 1 1 10 12 1 1 8 1 10 12 1 10 12 1 10 10 12 1 1 9 12 1 1 100 1 8 1 8 1 10 10 7 12 1 1 1 8 1 10 10 12 1 1 8 1 10 12 1 1 100 1 8 1 8 1 8 1 8 1 10 12 1 1 10 12 1 100 1 10 12 1 1 9 12 1 1 10 7 12 1 1 1 10 12 1 10 12 1 10 12 1 1 100 1 10 12 1 1 9 12 1 1 100 1 10 12 10 12 1 1 10 12 1 1 10 100 12 1 1 10 12 1 1 10 7 12 1 1 1 8 1 8 1 8 1 10 12 1 100 1 8 1 9 12 1 9 12 1 8 1 7 1 8 1 10 12 1 10 12 1 1 10 12 1 9 12 1 8 1 10 12 1 8 1 10 12 1 1 9 12 1 1 8 1 10 12 1 9 12 1 1 11 12 1 1 7 9 12 1 10 7 12 1 1 1 10 12 1 11 12 1 10 12 1 11 8 1 8 1 11 8 1 11 8 1 8 1 8 1 1 1 1 1 1 1 1 1 1 1 1 1 1 1 1 1 1 1 1 1 1 1 1 1 1 1 1 1 1 1 1 1 1 1 1 1 1 1 1 1 1 1 1 1 1 1 1 1 1 1 1 1 1 1 1 1 1 1 1 1 1 1 1 1 1 1 1 1 1 1 100 100 1 1 1 1 1 1 1 1 1 1 1 1 1 1 1 1
staticfield java/security/Provider$Service CLASS0 [Ljava/lang/Class; 0 [Ljava/lang/Class;
instanceKlass java/security/MessageDigest$Delegate
ciInstanceKlass java/security/MessageDigest 1 1 267 10 7 12 1 1 1 7 1 9 12 1 1 9 12 1 1 9 12 1 1 8 1 10 7 12 1 1 1 8 1 10 7 12 1 1 1 9 7 12 1 1 1 9 10 7 12 1 1 1 9 12 1 1 9 12 1 1 100 1 10 8 1 10 12 1 1 8 1 10 100 12 1 1 1 10 12 1 10 7 12 1 1 1 10 7 12 1 1 1 100 1 8 1 10 12 10 12 1 10 100 12 1 1 1 10 12 1 1 8 1 8 1 10 12 1 100 1 10 10 12 1 10 12 1 1 8 1 8 1 10 12 1 10 12 1 1 10 12 1 8 1 100 1 10 100 1 10 12 1 8 1 10 12 1 8 1 10 12 1 8 1 8 1 10 12 10 10 12 1 10 12 1 1 10 12 1 1 100 1 100 1 10 10 8 8 1 10 12 1 8 1 10 12 1 1 8 1 1 1 3 1 3 1 1 1 1 1 1 1 1 1 1 1 1 1 1 100 1 1 100 1 1 1 1 100 1 1 1 1 1 1 1 1 1 1 1 100 1 1 1 1 1 1 1 1 1 1 1 1 1 1 1 1 1 1 1 1 1 1 1 100 1 1 1 1 1
staticfield java/security/MessageDigest pdebug Lsun/security/util/Debug; 
staticfield java/security/MessageDigest skipDebug Z 0
ciInstanceKlass java/lang/invoke/VarHandleLongs$Array 1 1 274 10 7 12 1 1 1 9 12 1 1 10 7 12 1 1 9 12 1 1 9 12 1 10 12 1 1 7 1 10 7 12 1 1 1 10 100 12 1 1 10 12 1 10 12 1 1 100 1 10 100 12 1 1 1 10 12 1 1 9 7 12 1 1 1 9 7 1 10 100 12 1 1 1 9 7 12 1 1 1 9 7 12 1 1 1 10 12 1 1 10 7 12 1 1 1 10 12 1 1 10 12 1 10 12 1 10 12 1 10 12 1 10 12 1 1 10 12 1 1 10 12 1 10 12 1 10 12 1 10 12 1 10 12 1 10 12 1 10 12 1 1 10 12 1 10 12 1 10 12 1 10 12 1 10 12 1 10 12 1 10 12 1 10 12 1 10 12 1 10 12 1 10 12 1 10 12 1 10 12 1 10 12 1 10 12 1 1 10 12 1 7 1 10 12 1 1 1 1 1 1 1 1 1 1 1 1 1 1 1 1 1 1 1 1 1 1 1 1 1 1 1 1 1 1 1 1 1 1 1 1 1 1 1 1 1 1 1 1 1 1 1 1 1 1 1 1 1 1 1 1 1 1 1 1 1 1 1 1 1 1 1 1 1 1 1 1 1 100 1 1 1 1 1
staticfield java/lang/invoke/VarHandleLongs$Array FORM Ljava/lang/invoke/VarForm; java/lang/invoke/VarForm
ciInstanceKlass java/security/InvalidAlgorithmParameterException 1 0 35 10 100 12 1 1 1 10 12 1 10 12 1 10 12 1 100 1 1 1 1 5 0 1 1 1 1 1 1 1 1 1 1 1 1
ciInstanceKlass java/security/InvalidKeyException 1 0 35 10 100 12 1 1 1 10 12 1 10 12 1 10 12 1 100 1 1 1 1 5 0 1 1 1 1 1 1 1 1 1 1 1 1
instanceKlass javax/crypto/AEADBadTagException
ciInstanceKlass javax/crypto/BadPaddingException 0 0 26 10 100 12 1 1 1 10 12 1 100 1 1 1 1 5 0 1 1 1 1 1 1 1 1 1
ciInstanceKlass javax/crypto/IllegalBlockSizeException 0 0 26 10 100 12 1 1 1 10 12 1 100 1 1 1 1 5 0 1 1 1 1 1 1 1 1 1
ciInstanceKlass java/security/spec/AlgorithmParameterSpec 1 0 7 100 1 100 1 1 1
ciInstanceKlass java/security/Key 1 0 22 100 1 100 1 100 1 1 1 1 5 0 1 1 1 1 1 1 1 1 1 1
ciInstanceKlass java/security/ProviderException 1 0 35 10 100 12 1 1 1 10 12 1 10 12 1 10 12 1 100 1 1 1 1 5 0 1 1 1 1 1 1 1 1 1 1 1 1
ciInstanceKlass java/security/InvalidParameterException 0 0 34 10 100 12 1 1 1 10 12 1 10 12 1 10 12 1 100 1 1 1 1 5 0 1 1 1 1 1 1 1 1 1 1 1
ciInstanceKlass sun/security/ssl/SSLLogger 1 1 261 10 100 12 1 1 1 9 100 12 1 1 1 10 100 12 1 1 8 1 10 12 1 8 1 8 1 8 1 8 1 8 1 8 1 8 1 8 1 8 1 8 1 8 1 8 1 8 1 8 1 8 1 8 1 8 1 8 1 8 1 8 1 10 12 1 1 9 7 12 1 1 1 10 100 12 1 1 1 8 1 10 12 1 1 10 12 1 1 10 12 1 1 9 100 12 1 1 1 10 12 1 1 8 1 10 12 1 1 8 1 8 1 10 12 1 1 8 1 8 1 10 12 1 1 8 1 8 1 9 100 12 1 1 1 10 12 1 1 9 12 1 9 12 1 9 12 1 9 12 1 9 12 1 9 12 1 1 11 100 12 1 1 1 11 12 1 10 100 12 1 1 1 11 100 1 100 1 10 8 1 10 12 1 1 10 12 1 10 12 1 9 12 1 1 10 12 10 12 1 1 8 1 10 7 12 1 1 1 8 1 10 12 1 1 8 1 10 12 100 1 10 12 1 1 1 1 1 1 1 1 1 1 1 100 1 1 1 1 1 1 1 1 1 1 1 1 1 1 1 1 1 1 1 1 1 1 1 1 1 1
staticfield sun/security/ssl/SSLLogger logger Ljava/lang/System$Logger; 
staticfield sun/security/ssl/SSLLogger property Ljava/lang/String; 
staticfield sun/security/ssl/SSLLogger isOn Z 0
instanceKlass javax/crypto/NullCipher
ciInstanceKlass javax/crypto/Cipher 1 1 900 10 7 12 1 1 1 9 7 12 1 1 1 9 12 1 1 9 7 12 1 1 1 9 12 1 1 10 100 12 1 1 1 10 12 1 1 100 1 8 1 10 12 1 9 12 1 1 9 12 1 1 9 12 1 1 9 7 12 1 1 9 12 1 1 9 12 1 1 9 12 1 9 12 1 1 9 12 1 1 9 12 1 1 100 1 8 1 10 7 1 8 1 9 7 12 1 1 1 10 12 1 1 8 1 10 12 1 1 10 12 1 1 10 12 1 10 12 1 1 10 12 1 1 7 1 10 8 1 10 12 1 1 10 12 1 10 12 1 10 12 1 1 8 1 10 12 1 1 7 1 10 12 1 10 7 12 1 1 1 7 1 10 12 1 8 1 11 7 12 1 1 1 8 1 10 7 12 1 1 11 12 1 1 11 7 12 1 1 11 12 1 1 9 12 1 10 12 1 1 8 1 10 12 1 1 11 12 1 7 1 8 1 9 12 1 10 12 1 10 7 12 1 1 1 10 12 1 1 10 7 12 1 1 1 10 12 1 1 10 12 1 1 10 12 1 1 7 1 10 12 1 1 10 12 1 100 1 8 1 10 12 1 8 1 10 100 12 1 1 100 1 8 1 10 10 12 1 1 8 1 10 100 12 1 1 10 12 1 1 10 12 1 1 8 1 100 1 10 10 12 1 10 12 1 9 12 1 10 12 1 10 12 1 100 1 8 1 10 8 1 10 12 1 9 12 1 1 10 12 1 1 10 7 12 1 1 10 100 12 1 1 9 12 1 1 9 12 1 8 1 10 7 12 1 1 8 1 8 1 10 10 12 1 100 1 8 1 10 10 12 1 1 10 12 1 1 10 12 1 1 10 12 1 10 12 1 10 12 1 10 12 1 100 1 8 1 10 12 1 10 12 1 10 12 1 1 10 12 1 100 1 100 1 100 1 11 100 12 1 1 10 100 1 8 1 8 1 10 10 12 1 10 12 1 7 1 100 1 8 1 10 8 1 10 12 1 1 10 12 1 1 10 12 1 1 10 12 1 1 100 1 8 1 10 10 12 1 1 8 1 8 1 8 1 10 8 1 10 12 1 1 10 12 10 12 1 10 12 1 1 8 1 8 1 10 12 1 8 1 10 12 1 1 10 8 1 100 1 8 1 8 1 10 100 1 8 1 10 10 7 12 1 1 1 10 12 1 10 12 1 10 12 1 1 10 12 1 9 12 1 9 12 1 10 10 12 10 12 10 12 1 100 1 10 12 1 1 11 100 1 9 100 12 1 1 1 10 12 1 11 12 1 10 12 1 1 8 1 10 100 12 1 1 1 8 1 10 12 1 8 1 10 12 1 1 8 1 10 12 1 8 1 8 1 10 7 12 1 1 100 1 10 10 12 1 10 12 1 10 12 10 12 8 1 10 12 1 1 8 1 8 1 10 12 1 1 10 100 1 8 1 10 12 1 100 1 10 12 1 1 8 1 100 1 8 1 10 12 1 100 1 8 1 100 1 100 1 10 10 12 1 10 12 1 10 12 1 8 1 10 12 1 1 10 12 1 8 1 10 12 1 10 12 1 8 1 8 1 8 1 8 1 8 1 8 1 8 1 8 1 8 1 10 12 1 8 1 10 12 1 8 8 1 8 1 10 12 1 8 1 1 1 3 1 3 1 3 1 3 1 1 1 1 1 1 1 1 8 1 1 8 1 1 3 1 1 1 1 1 1 1 1 1 1 1 1 1 1 1 1 1 1 1 1 1 100 1 1 1 1 1 1 1 1 1 1 1 1 1 1 1 1 1 1 1 1 1 1 1 1 1 1 1 1 1 1 1 100 1 1 1 1 1 1 1 1 1 1 1 1 100 1 100 1 1 1 1 1 1 1 1 1 1 1 1 1 1 1 1 1 1 1 1 1 1 1 1 1 1 1 1 1 1 1 1 1 1 100 100 1 1 1 1 1 1 1 1 100 1 1 1 1 100 1 100 1 1 1 1 1 1 1 1 1 1 1 1 1 1 1 1 1 1 1 1 1 1 1 1
staticfield javax/crypto/Cipher debug Lsun/security/util/Debug; 
staticfield javax/crypto/Cipher pdebug Lsun/security/util/Debug; 
staticfield javax/crypto/Cipher skipDebug Z 0
ciInstanceKlass javax/crypto/Cipher$Transform 1 1 159 100 1 10 7 12 1 1 1 7 1 10 10 12 1 1 10 12 1 1 9 7 12 1 1 1 9 7 12 1 1 1 10 7 12 1 1 1 9 12 1 9 12 1 9 12 1 10 7 12 1 1 1 10 12 1 10 12 1 1 10 12 1 10 7 12 1 1 1 8 1 10 12 1 1 8 1 10 7 12 1 1 1 10 12 1 1 9 12 1 1 11 7 12 1 1 1 7 1 10 12 1 1 11 12 1 1 10 12 1 1 10 7 12 1 1 7 1 10 1 1 1 1 1 1 1 1 1 1 1 1 1 1 1 100 1 100 1 1 1 1 1 1 1 1 1 1 1 1 1 1 1 1 1 1 1 100 1 1
staticfield javax/crypto/Cipher$Transform patternCache Ljava/util/concurrent/ConcurrentMap; java/util/concurrent/ConcurrentHashMap
ciInstanceKlass javax/crypto/JceSecurity 1 1 482 10 100 12 1 1 1 10 100 12 1 1 1 10 100 12 1 1 1 10 7 12 1 1 1 100 1 10 8 1 10 12 1 1 10 12 1 1 100 1 10 12 1 10 12 1 1 10 12 1 1 10 12 1 10 100 12 1 1 100 1 10 12 1 10 12 1 1 11 100 12 1 1 1 11 7 12 1 1 1 11 12 1 1 10 12 1 1 100 1 8 1 8 1 10 7 1 10 12 1 10 12 1 10 12 1 1 10 12 1 10 12 1 7 1 9 12 1 1 10 12 1 9 12 1 1 7 1 10 12 1 11 7 12 1 1 1 9 12 1 1 100 1 100 1 8 1 10 7 12 1 1 1 11 12 1 1 9 12 1 1 8 1 10 12 1 10 7 12 1 1 9 12 1 11 12 1 7 1 7 1 10 12 1 10 7 12 1 1 1 11 12 1 1 9 12 1 1 8 1 10 7 12 1 1 1 8 1 8 1 8 1 7 1 10 7 12 1 1 11 7 12 1 1 1 11 12 1 1 11 12 1 1 8 1 10 10 7 12 1 1 8 1 8 1 8 1 11 12 1 11 12 1 8 1 7 1 10 7 12 1 1 1 10 12 1 1 8 1 8 1 10 12 1 1 11 7 1 7 1 7 1 10 12 1 1 10 12 1 11 7 1 10 10 12 1 8 1 10 12 1 1 9 12 1 1 10 12 1 1 8 1 9 12 1 8 1 10 7 12 1 1 100 1 10 12 1 1 8 1 11 100 1 8 1 10 12 1 8 1 9 12 1 1 8 1 10 12 1 7 1 10 7 1 10 9 12 1 10 7 1 10 10 12 1 9 7 12 1 1 1 10 12 1 1 8 1 9 7 12 1 1 1 8 1 10 100 1 10 12 7 1 10 1 1 1 1 1 1 1 1 1 1 1 1 1 1 1 1 1 1 1 1 1 1 1 1 1 1 1 1 1 1 1 1 1 1 1 1 1 1 1 1 1 1 1 1 1 1 1 1 1 1 1 1 1 1 1 1 1 100 1 1 1 1 1 1 1 1 1 1 1 1 1 1 1 1 1 1 1 1 1 1 1 1 1 1 1 100 1 1 1
staticfield javax/crypto/JceSecurity debug Lsun/security/util/Debug; 
staticfield javax/crypto/JceSecurity verificationResults Ljava/util/Map; java/util/concurrent/ConcurrentHashMap
staticfield javax/crypto/JceSecurity verifyingProviders Ljava/util/Map; java/util/IdentityHashMap
staticfield javax/crypto/JceSecurity queue Ljava/lang/ref/ReferenceQueue; java/lang/ref/ReferenceQueue
staticfield javax/crypto/JceSecurity isRestricted Z 0
staticfield javax/crypto/JceSecurity PROVIDER_VERIFIED Ljava/lang/Object; java/lang/Boolean
staticfield javax/crypto/JceSecurity NULL_URL Ljava/net/URL; java/net/URL
staticfield javax/crypto/JceSecurity codeBaseCacheRef Ljava/util/Map; java/util/WeakHashMap
instanceKlass javax/crypto/CryptoAllPermission
ciInstanceKlass javax/crypto/CryptoPermission 1 1 159 10 7 12 1 1 1 100 1 3 9 7 12 1 1 1 9 12 1 1 9 12 1 1 9 12 1 1 9 12 1 10 100 12 1 1 1 8 1 10 12 1 1 10 12 1 10 12 1 1 10 12 1 1 11 100 1 100 1 10 12 1 100 1 10 12 1 10 8 1 10 12 1 1 8 1 10 12 1 10 12 1 1 100 1 8 1 10 12 1 100 1 8 1 10 12 1 8 1 10 12 1 1 11 12 1 1 11 100 1 10 12 1 11 10 100 1 1 1 1 5 0 1 1 1 1 1 1 1 1 1 1 1 1 1 1 1 1 1 1 1 1 1 1 1 1 1 1 1 1 1 1 1 1 1 1 1 1 1
ciInstanceKlass javax/crypto/CryptoAllPermission 1 1 48 7 1 8 1 10 7 12 1 1 1 9 12 1 1 7 1 10 12 1 10 1 1 1 5 0 1 1 1 1 1 1 1 1 1 1 1 1 1 1 1 1 1 1 1 1 1 1
staticfield javax/crypto/CryptoAllPermission INSTANCE Ljavax/crypto/CryptoAllPermission; javax/crypto/CryptoAllPermission
instanceKlass com/sun/crypto/provider/ChaCha20Cipher
instanceKlass com/sun/crypto/provider/GaloisCounterMode
instanceKlass com/sun/crypto/provider/AESCipher
instanceKlass com/sun/crypto/provider/DESedeCipher
instanceKlass com/sun/crypto/provider/DESCipher
instanceKlass com/sun/crypto/provider/ARCFOURCipher
ciInstanceKlass javax/crypto/CipherSpi 1 1 193 10 7 12 1 1 1 10 100 12 1 1 1 100 1 100 1 100 1 8 1 10 12 1 10 100 12 1 1 1 100 1 8 1 10 10 100 12 1 1 1 10 12 1 10 12 1 1 10 12 1 100 1 100 1 10 8 1 10 12 1 1 10 12 1 8 1 10 12 1 1 10 10 12 1 1 10 12 1 1 10 12 1 10 12 1 1 10 12 1 10 12 1 1 10 12 1 10 12 1 10 12 10 12 1 10 12 1 10 12 1 100 1 10 8 1 10 1 1 1 1 1 1 1 100 1 1 100 1 1 1 1 1 1 1 100 1 1 100 1 1 1 1 1 1 1 1 1 100 1 1 1 1 1 1 1 1 1 1 1 1 1 1 1 1 1 1 1 1 1 1 1 100 1 1 1 1 1 1 1 1 1 1 1 1 1 1 1 1 1 1 1 1
instanceKlass com/sun/crypto/provider/AESCrypt
instanceKlass com/sun/crypto/provider/DESCrypt
ciInstanceKlass com/sun/crypto/provider/SymmetricCipher 1 1 26 10 7 12 1 1 1 100 1 1 1 1 1 1 1 1 1 1 1 100 1 1 1 1 1 1
instanceKlass com/sun/crypto/provider/CounterMode
instanceKlass com/sun/crypto/provider/CipherBlockChaining
instanceKlass com/sun/crypto/provider/ElectronicCodeBook
ciInstanceKlass com/sun/crypto/provider/FeedbackCipher 1 1 70 10 7 12 1 1 1 9 7 12 1 1 1 10 7 12 1 1 1 9 12 1 1 9 12 1 1 10 12 1 1 10 12 1 1 1 1 1 1 1 1 1 1 1 1 1 1 1 1 100 1 100 1 1 1 1 1 1 1 1 1 1 100 1 100 1 1 1 1 1
ciInstanceKlass com/sun/crypto/provider/AESConstants 1 1 19 9 7 12 1 1 1 100 1 1 1 1 3 1 1 1 1 1 1
staticfield com/sun/crypto/provider/AESConstants AES_KEYSIZES [I 3
ciInstanceKlass com/sun/crypto/provider/AESCrypt 1 1 2262 10 7 12 1 1 1 9 7 12 1 1 1 9 12 1 9 12 1 1 9 12 1 1 9 12 1 1 9 12 1 1 100 1 8 1 10 7 12 1 1 1 8 1 100 1 8 1 10 12 1 8 1 10 7 12 1 1 1 10 12 1 1 10 7 12 1 1 1 10 7 12 1 1 9 12 1 10 12 1 1 9 12 1 9 12 1 9 12 1 9 12 1 9 12 1 10 12 1 9 12 1 9 12 1 9 12 1 9 12 1 9 12 1 10 12 1 1 100 1 10 8 1 10 12 1 1 10 12 1 8 1 10 12 1 1 10 12 1 1 9 12 1 9 12 1 9 12 1 9 12 1 9 12 1 10 7 12 1 1 1 10 12 1 7 3 3 3 3 3 3 3 3 3 3 3 3 3 3 3 3 3 3 3 3 3 3 3 3 3 3 3 3 3 3 3 3 3 3 3 3 3 3 3 3 3 3 3 3 3 3 3 3 3 3 3 3 3 3 3 3 3 3 3 3 3 3 3 3 3 3 3 3 3 3 3 3 3 3 3 3 3 3 3 3 3 3 3 3 3 3 3 3 3 3 3 3 3 3 3 3 3 3 3 3 3 3 3 3 3 3 3 3 3 3 3 3 3 3 3 3 3 3 3 3 3 3 3 3 3 3 3 3 3 3 3 3 3 3 3 3 3 3 3 3 3 3 3 3 3 3 3 3 3 3 3 3 3 3 3 3 3 3 3 3 3 3 3 3 3 3 3 3 3 3 3 3 3 3 3 3 3 3 3 3 3 3 3 3 3 3 3 3 3 3 3 3 3 3 3 3 3 3 3 3 3 3 3 3 3 3 3 3 3 3 3 3 3 3 3 3 3 3 3 3 3 3 3 3 3 3 3 3 3 3 3 3 3 3 3 3 3 3 3 3 3 3 3 3 3 3 3 3 3 3 3 3 3 3 3 3 3 3 3 3 3 3 3 3 3 3 3 3 3 3 3 3 3 3 3 3 3 3 3 3 3 3 3 3 3 3 3 3 3 3 3 3 3 3 3 3 3 3 3 3 3 3 3 3 3 3 3 3 3 3 3 3 3 3 3 3 3 3 3 3 3 3 3 3 3 3 3 3 3 3 3 3 3 3 3 3 3 3 3 3 3 3 3 3 3 3 3 3 3 3 3 3 3 3 3 3 3 3 3 3 3 3 3 3 3 3 3 3 3 3 3 3 3 3 3 3 3 3 3 3 3 3 3 3 3 3 3 3 3 3 3 3 3 3 3 3 3 3 3 3 3 3 3 3 3 3 3 3 3 3 3 3 3 3 3 3 3 3 3 3 3 3 3 3 3 3 3 3 3 3 3 3 3 3 3 3 3 3 3 3 3 3 3 3 3 3 3 3 3 3 3 3 3 3 3 3 3 3 3 3 3 3 3 3 3 3 3 3 3 3 3 3 3 3 3 3 3 3 3 3 3 3 3 3 3 3 3 3 3 3 3 3 3 3 3 3 3 3 3 3 3 3 3 3 3 3 3 3 3 3 3 3 3 3 3 3 3 3 3 3 3 3 3 3 3 3 3 3 3 3 3 3 3 3 3 3 3 3 3 3 3 3 3 3 3 3 3 3 3 3 3 3 3 3 3 3 3 3 3 3 3 3 3 3 3 3 3 3 3 3 3 3 3 3 3 3 3 3 3 3 3 3 3 3 3 3 3 3 3 3 3 3 3 3 3 3 3 3 3 3 3 3 3 3 3 3 3 3 3 3 3 3 3 3 3 3 3 3 3 3 3 3 3 3 3 3 3 3 3 3 3 3 3 3 3 3 3 3 3 3 3 3 3 3 3 3 3 3 3 3 3 3 3 3 3 3 3 3 3 3 3 3 3 3 3 3 3 3 3 3 3 3 3 3 3 3 3 3 3 3 3 3 3 3 3 3 3 3 3 3 3 3 3 3 3 3 3 3 3 3 3 3 3 3 3 3 3 3 3 3 3 3 3 3 3 3 3 3 3 3 3 3 3 3 3 3 3 3 3 3 3 3 3 3 3 3 3 3 3 3 3 3 3 3 3 3 3 3 3 3 3 3 3 3 3 3 3 3 3 3 3 3 3 3 3 3 3 3 3 3 3 3 3 3 3 3 3 3 3 3 3 3 3 3 3 3 3 3 3 3 3 3 3 3 3 3 3 3 3 3 3 3 3 3 3 3 3 3 3 3 3 3 3 3 3 3 3 3 3 3 3 3 3 3 3 3 3 3 3 3 3 3 3 3 3 3 3 3 3 3 3 3 3 3 3 3 3 3 3 3 3 3 3 3 3 3 3 3 3 3 3 3 3 3 3 3 3 3 3 3 3 3 3 3 3 3 3 3 3 3 3 3 3 3 3 3 3 3 3 3 3 3 3 3 3 3 3 3 3 3 3 3 3 3 3 3 3 3 3 3 3 3 3 3 3 3 3 3 3 3 3 3 3 3 3 3 3 3 3 3 3 3 3 3 3 3 3 3 3 3 3 3 3 3 3 3 3 3 3 3 3 3 3 3 3 3 3 3 3 3 3 3 3 3 3 3 3 3 3 3 3 3 3 3 3 3 3 3 3 3 3 3 3 3 3 3 3 3 3 3 3 3 3 3 3 3 3 3 3 3 3 3 3 3 3 3 3 3 3 3 3 3 3 3 3 3 3 3 3 3 3 3 3 3 3 3 3 3 3 3 3 3 3 3 3 3 3 3 3 3 3 3 3 3 3 3 3 3 3 3 3 3 3 3 3 3 3 3 3 3 3 3 3 3 3 3 3 3 3 3 3 3 3 3 3 3 3 3 3 3 3 3 3 3 3 3 3 3 3 3 3 3 3 3 3 3 3 3 3 3 3 3 3 3 3 3 3 3 3 3 3 3 3 3 3 3 3 3 3 3 3 3 3 3 3 3 3 3 3 3 3 3 3 3 3 3 3 3 3 3 3 3 3 3 3 3 3 3 3 3 3 3 3 3 3 3 3 3 3 3 3 3 3 3 3 3 3 3 3 3 3 3 3 3 3 3 3 3 3 3 3 3 3 3 3 3 3 3 3 3 3 3 3 3 3 3 3 3 3 3 3 3 3 3 3 3 3 3 3 3 3 3 3 3 3 3 3 3 3 3 3 3 3 3 3 3 3 3 3 3 3 3 3 3 3 3 3 3 3 3 3 3 3 3 3 3 3 3 3 3 3 3 3 3 3 3 3 3 3 3 3 3 3 3 3 3 3 3 3 3 3 3 3 3 3 3 3 3 3 3 3 3 3 3 3 3 3 3 3 3 3 3 3 3 3 3 3 3 3 3 3 3 3 3 3 3 3 3 3 3 3 3 3 3 3 3 3 3 3 3 3 3 3 3 3 3 3 3 3 3 3 3 3 3 3 3 3 3 3 3 3 3 3 3 3 3 3 3 3 3 3 3 3 3 3 3 3 3 3 3 3 3 3 3 3 3 3 3 3 3 3 3 3 3 3 3 3 3 3 3 3 3 3 3 3 3 3 3 3 3 3 3 3 3 3 3 3 3 3 3 3 3 3 3 3 3 3 3 3 3 3 3 3 3 3 3 3 3 3 3 3 3 3 3 3 3 3 3 3 3 3 3 3 3 3 3 3 3 3 3 3 3 3 3 3 3 3 3 3 3 3 3 3 3 3 3 3 3 3 3 3 3 3 3 3 3 3 3 3 3 3 3 3 3 3 3 3 3 3 3 3 3 3 3 3 3 3 3 3 3 3 3 3 3 3 3 3 3 3 3 3 3 3 3 3 3 3 3 3 3 3 3 3 3 3 3 3 3 3 3 3 3 3 3 3 3 3 3 3 3 3 3 3 3 3 3 3 3 3 3 3 3 3 3 3 3 3 3 3 3 3 3 3 3 3 3 3 3 3 3 3 3 3 3 3 3 3 3 3 3 3 3 3 3 3 3 3 3 3 3 3 3 3 3 3 3 3 3 3 3 3 3 3 3 3 3 3 3 3 3 3 3 3 3 3 3 3 3 3 3 3 3 3 3 3 3 3 3 3 3 3 3 3 3 3 3 3 3 3 3 3 3 3 3 3 3 3 3 3 3 3 3 3 3 3 3 3 3 3 3 3 3 3 3 3 3 3 3 3 3 3 3 3 3 3 3 3 3 3 3 3 3 3 3 3 3 3 3 3 3 3 3 3 3 3 3 3 3 3 3 3 3 3 3 3 3 3 3 3 3 3 3 3 3 3 3 3 3 3 3 3 3 3 3 3 3 3 3 3 3 3 3 3 3 3 3 3 3 3 3 3 3 3 3 3 3 3 3 3 3 3 3 3 3 3 3 3 3 3 3 3 3 3 3 3 3 3 3 3 3 3 3 3 3 3 3 3 3 3 3 3 3 3 3 3 3 3 3 3 3 3 3 3 3 3 3 3 3 3 3 3 3 3 3 3 3 3 3 3 3 3 3 3 3 3 3 3 3 3 3 3 3 3 3 3 3 3 3 3 3 3 3 3 3 3 3 3 3 3 3 3 3 3 3 3 3 3 3 3 3 3 3 3 3 3 3 3 3 3 3 3 3 3 3 3 3 3 3 3 3 3 3 3 3 3 3 3 3 3 3 3 3 3 3 3 3 3 3 3 3 3 3 3 3 3 3 3 3 3 3 3 3 3 3 3 3 3 3 3 3 3 3 3 3 3 3 3 3 3 3 3 3 3 3 3 3 3 3 3 3 3 3 3 3 3 3 3 3 3 3 3 3 3 3 3 3 3 3 3 3 3 3 3 3 3 3 3 3 3 3 3 3 3 3 3 3 3 3 3 3 3 3 3 3 3 3 3 3 3 3 3 3 3 3 3 3 3 3 3 3 3 3 3 3 3 3 3 3 3 3 3 3 3 3 3 3 3 3 3 3 3 3 3 3 3 3 3 3 3 3 3 3 3 3 3 3 3 3 3 3 3 3 3 3 3 3 3 3 3 3 3 3 3 3 3 3 3 3 3 3 1 1 1 1 1 1 1 1 1 1 1 1 1 1 100 1 1 1 1 1 1 1 1 1 1 1 1 1 1 1 1 1 1 1 1 1 1 1 1 1 1 1 1 1 1 1 1 1 1 1 1 1 1 1 1 1 1
staticfield com/sun/crypto/provider/AESCrypt S [B 256
staticfield com/sun/crypto/provider/AESCrypt Si [B 256
staticfield com/sun/crypto/provider/AESCrypt T1 [I 256
staticfield com/sun/crypto/provider/AESCrypt T2 [I 256
staticfield com/sun/crypto/provider/AESCrypt T3 [I 256
staticfield com/sun/crypto/provider/AESCrypt T4 [I 256
staticfield com/sun/crypto/provider/AESCrypt T5 [I 256
staticfield com/sun/crypto/provider/AESCrypt T6 [I 256
staticfield com/sun/crypto/provider/AESCrypt T7 [I 256
staticfield com/sun/crypto/provider/AESCrypt T8 [I 256
staticfield com/sun/crypto/provider/AESCrypt U1 [I 256
staticfield com/sun/crypto/provider/AESCrypt U2 [I 256
staticfield com/sun/crypto/provider/AESCrypt U3 [I 256
staticfield com/sun/crypto/provider/AESCrypt U4 [I 256
staticfield com/sun/crypto/provider/AESCrypt rcon [I 30
instanceKlass com/sun/crypto/provider/GaloisCounterMode$AESGCM
ciInstanceKlass com/sun/crypto/provider/GaloisCounterMode 1 1 567 100 1 10 7 12 1 1 1 9 7 12 1 1 1 9 12 1 9 12 1 1 9 12 1 9 12 1 9 12 1 1 9 12 1 9 12 1 9 12 1 9 12 1 1 9 12 1 1 9 12 1 100 1 10 7 12 1 1 1 100 1 8 1 10 12 1 100 1 8 1 10 11 7 12 1 1 1 8 1 10 7 12 1 1 1 100 1 10 8 1 10 12 1 1 10 12 1 8 1 10 12 1 1 10 7 12 1 1 1 8 1 11 12 1 10 7 12 1 1 1 8 1 10 100 12 1 1 1 100 1 8 1 10 8 1 100 1 8 1 10 10 12 1 10 12 1 9 12 1 1 10 7 12 1 1 1 10 100 12 1 1 1 8 1 10 100 12 1 1 1 10 100 12 1 1 9 12 1 10 100 12 1 1 1 10 100 12 1 1 1 10 12 1 1 10 12 1 10 100 12 1 1 1 10 100 12 1 1 10 12 1 100 1 100 1 10 12 1 8 1 100 1 10 12 1 1 8 1 10 12 1 8 1 8 1 10 12 1 10 12 1 1 10 100 1 8 1 10 7 1 10 12 1 7 1 10 8 1 10 7 12 1 1 1 10 12 1 1 100 1 8 1 8 1 10 10 12 1 10 100 12 1 1 8 1 10 12 1 10 12 1 10 12 1 1 10 12 1 10 12 1 10 12 1 10 12 1 10 12 1 1 100 1 100 1 8 1 10 10 12 1 100 1 10 10 12 8 1 10 12 1 100 1 8 1 8 1 10 100 12 1 1 1 9 12 1 1 5 0 10 7 12 1 1 1 8 1 8 1 10 10 7 12 1 1 1 10 12 1 1 100 1 10 12 10 12 1 1 10 12 1 10 12 1 1 10 12 1 3 10 12 1 1 10 100 12 1 3 9 12 1 10 7 12 1 1 1 9 12 1 1 7 1 9 7 12 1 1 1 10 7 12 1 1 1 1 1 3 1 1 3 1 1 1 1 1 1 1 1 1 1 1 1 1 1 1 1 100 1 1 1 1 1 1 1 1 1 1 1 1 1 1 1 1 1 1 1 1 1 1 100 1 1 1 1 1 1 1 1 1 1 1 1 1 1 1 1 1 1 1 1 1 1 1 1 1 1 1 1 1 1 1 1 1 1 1 1 1 1 1 1 1 1 1 1 1 1 1 1 1 1 1 1 1 1 1 1 1 1 1 1 1 1 1 1 1 1 1 1 1 1 100 1 100 1 100 1 100 1 100 1 100 1 100 1 1 1 1 1 1 1 1 1 1 1 1
staticfield com/sun/crypto/provider/GaloisCounterMode EMPTY_BUF [B 0
staticfield com/sun/crypto/provider/GaloisCounterMode NIO_ACCESS Ljdk/internal/access/JavaNioAccess; java/nio/Buffer$2
staticfield com/sun/crypto/provider/GaloisCounterMode wrapToByteArray Ljava/lang/invoke/VarHandle; java/lang/invoke/VarHandleByteArrayAsLongs$ArrayHandle
ciInstanceKlass com/sun/crypto/provider/GaloisCounterMode$AESGCM 1 1 24 7 1 10 12 1 1 10 7 12 1 1 100 1 1 1 1 1 1 1 1 1 1 1
ciInstanceKlass java/security/AlgorithmParameters 1 1 149 10 7 12 1 1 1 9 7 12 1 1 1 9 12 1 1 9 12 1 1 9 12 1 1 8 1 10 7 12 1 1 1 8 1 7 1 10 7 12 1 1 1 7 1 7 1 10 12 1 7 1 100 1 100 1 10 10 12 1 1 8 1 10 12 1 1 10 12 1 10 12 1 1 100 1 8 1 10 10 12 1 100 1 8 1 10 10 12 1 1 100 1 10 10 12 1 10 12 1 8 1 10 12 1 1 10 12 1 1 10 12 1 10 12 1 1 1 1 1 1 1 1 1 1 1 1 1 1 1 1 1 1 1 1 1 1 1 1 1 1 1 1 1 1 1 1 1 1
instanceKlass sun/security/ssl/Authenticator$SSLAuthenticator
ciInstanceKlass sun/security/ssl/Authenticator 1 1 170 10 7 12 1 1 1 9 7 12 1 1 1 9 7 12 1 1 1 10 12 1 1 100 1 10 12 1 100 1 10 7 1 10 10 12 1 7 1 10 100 1 10 100 1 8 1 10 12 1 100 1 10 12 1 8 1 100 1 10 100 1 10 7 1 10 100 1 10 10 7 12 1 1 1 100 1 8 1 10 8 1 5 0 5 0 1 1 1 1 1 1 1 1 1 1 1 1 1 1 1 1 1 100 1 100 1 1 1 1 1 1 1 1 1 1 1 1 1 1 1 1 1 1 1 1 1 1 1 1 1 1 1 1 100 1 100 1 100 1 100 1 100 1 100 1 100 1 1 1 1 1 1 1 1 100 1 100 1 1 1 1 1 1 1 1 1 1 1 1
instanceKlass sun/security/ssl/Authenticator$TLS10Authenticator
instanceKlass sun/security/ssl/Authenticator$TLS13Authenticator
instanceKlass sun/security/ssl/Authenticator$SSLNullAuthenticator
ciInstanceKlass sun/security/ssl/Authenticator$SSLAuthenticator 1 1 27 10 7 12 1 1 1 9 7 12 1 1 1 1 1 1 1 1 1 1 1 1 1 1 1 1 1
instanceKlass sun/security/ssl/SSLCipher$T12GcmWriteCipherGenerator$GcmWriteCipher
instanceKlass sun/security/ssl/SSLCipher$T13GcmWriteCipherGenerator$GcmWriteCipher
instanceKlass sun/security/ssl/SSLCipher$NullWriteCipherGenerator$NullWriteCipher
ciInstanceKlass sun/security/ssl/SSLCipher$SSLWriteCipher 1 1 89 10 7 12 1 1 1 9 7 12 1 1 1 9 12 1 1 9 12 1 1 9 12 1 1 9 7 12 1 1 1 10 7 12 1 1 1 9 7 12 1 1 10 12 1 1 100 1 100 1 8 1 10 12 1 10 12 1 1 1 1 1 1 1 1 1 1 1 1 1 1 1 1 1 1 1 1 1 1 1 1 1 1 1 1 1 1 1 1
ciInstanceKlass javax/crypto/ShortBufferException 0 0 26 10 100 12 1 1 1 10 12 1 100 1 1 1 1 5 0 1 1 1 1 1 1 1 1 1
ciInstanceKlass javax/crypto/spec/SecretKeySpec 1 1 181 10 7 12 1 1 1 10 7 12 1 1 1 100 1 10 12 1 10 7 12 1 1 1 9 12 1 9 12 1 1 8 1 8 1 100 1 8 1 10 8 1 8 1 10 7 12 1 1 1 8 1 8 1 10 100 12 1 1 1 8 1 10 12 1 1 9 100 12 1 1 1 10 12 1 1 100 1 11 12 1 1 8 1 11 12 1 1 10 100 12 1 1 1 10 100 12 1 1 1 10 100 12 1 1 100 1 10 18 12 1 1 10 7 12 1 1 1 100 1 1 1 1 5 0 1 1 1 1 1 1 1 1 1 1 1 1 1 1 1 1 1 1 1 1 1 100 1 1 1 1 1 1 1 1 100 1 100 1 1 1 1 1 16 1 15 10 12 15 10 7 12 1 1 1 1 100 1 100 1 1
ciInstanceKlass sun/security/ssl/Authenticator$TLS13Authenticator 1 1 61 7 1 10 7 12 1 1 1 9 12 1 1 9 7 12 1 1 1 9 12 1 1 9 12 1 10 7 12 1 1 1 10 12 1 1 1 1 1 3 1 1 1 1 1 1 1 1 1 1 1 1 1 1 1 1 7 1 1 1 1
ciInstanceKlass sun/security/ssl/SSLCipher$T13GcmWriteCipherGenerator$GcmWriteCipher 1 1 286 10 7 12 1 1 1 10 7 12 1 1 1 9 7 12 1 1 1 10 7 12 1 1 1 9 12 1 1 9 12 1 1 7 1 10 12 1 1 9 12 1 1 9 12 1 1 9 7 12 1 1 1 7 1 10 12 1 9 7 12 1 1 1 10 7 12 1 1 1 10 12 1 1 8 1 9 12 1 1 10 12 1 1 10 7 12 1 1 1 10 7 12 1 1 1 10 12 1 1 9 12 1 1 9 7 12 1 1 1 8 1 10 12 1 8 1 8 1 10 12 1 100 1 10 12 1 1 9 12 1 9 12 1 1 10 7 12 1 1 10 7 12 1 1 7 1 10 12 1 10 12 1 1 100 1 100 1 100 1 8 1 10 12 1 10 7 12 1 1 1 10 12 1 1 10 12 1 1 10 12 1 1 10 12 1 8 1 8 1 10 12 1 1 10 12 1 1 10 12 1 1 100 1 100 1 100 1 8 1 10 12 1 1 10 100 12 1 1 8 1 10 12 1 1 1 1 1 1 1 1 1 1 1 1 1 1 1 1 100 1 100 1 100 1 100 1 1 100 1 1 1 1 1 1 1 1 1 1 1 1 1 1 1 1 1 1 1 1 1 1 1 1 1 1 1 1 1 1 1 1 1 100 1 1 1
ciInstanceKlass javax/crypto/spec/GCMParameterSpec 1 1 61 10 7 12 1 1 1 100 1 8 1 10 12 1 10 7 12 1 1 1 8 1 9 12 1 1 8 1 9 12 1 1 10 7 12 1 1 1 10 7 12 1 1 100 1 1 1 1 1 1 1 1 1 1 1 1 1 1 1 1 1
ciInstanceKlass javax/crypto/NullCipher 0 0 21 100 1 10 12 1 1 10 100 12 1 1 100 1 1 1 1 1 1 1 1
instanceKlass com/sun/crypto/provider/GaloisCounterMode$GCMEncrypt
instanceKlass com/sun/crypto/provider/GaloisCounterMode$GCMDecrypt
ciInstanceKlass com/sun/crypto/provider/GaloisCounterMode$GCMEngine 1 1 330 7 1 9 7 12 1 1 1 10 7 12 1 1 1 9 12 1 1 9 12 1 1 9 12 1 1 9 12 1 9 12 1 1 9 12 1 1 9 12 1 9 12 1 10 7 12 1 1 1 9 12 1 10 12 1 1 9 12 1 10 12 1 1 9 12 1 10 7 12 1 1 10 12 1 1 7 1 10 12 1 9 12 1 1 7 1 10 12 9 12 1 1 7 1 10 12 1 10 12 1 10 7 12 1 1 10 12 1 1 9 12 1 10 12 1 1 10 12 1 10 12 1 10 12 1 1 10 12 1 10 12 1 1 10 12 1 10 12 1 1 100 1 100 1 10 8 1 10 12 1 1 10 12 1 8 1 10 12 1 1 10 12 1 10 100 12 1 1 1 10 100 12 1 1 1 10 12 1 100 1 8 1 10 10 12 1 1 10 12 1 10 12 1 1 10 12 1 1 10 12 1 10 12 1 11 7 12 1 11 12 1 11 12 1 1 11 12 10 12 1 100 1 11 12 1 1 11 12 1 10 12 1 10 12 1 1 10 12 1 10 12 1 10 12 10 12 1 10 12 1 1 1 1 1 1 1 1 1 1 1 1 1 1 1 1 1 100 1 100 1 100 1 1 1 1 1 1 1 1 1 1 1 1 1 1 1 1 1 1 1 1 1 1 1 1 1 1 1 1 1 1 1 1 1 1 1 1 1 1 1 1 1 1 1 1 1 1 1 1 1 1 1 1 1 1 1 1 1 1
ciInstanceKlass com/sun/crypto/provider/GaloisCounterMode$GCMDecrypt 1 1 376 7 1 9 7 12 1 1 1 10 7 12 1 1 1 9 12 1 1 3 10 7 12 1 1 1 100 1 8 1 10 12 1 10 12 1 1 9 12 1 10 12 1 9 12 1 1 10 7 12 1 1 1 9 12 1 1 10 100 12 1 1 1 10 12 1 1 10 12 1 1 100 1 10 12 1 1 10 12 1 1 10 12 1 1 10 7 12 1 1 10 12 1 1 10 12 1 10 12 1 10 12 1 10 12 1 10 12 1 10 12 1 1 10 12 1 100 1 8 1 10 12 1 100 1 100 1 10 12 8 1 10 12 1 1 10 12 1 8 1 10 12 1 1 10 10 7 12 1 1 100 1 8 1 10 8 1 8 1 10 12 1 1 10 12 1 10 12 1 1 7 1 9 12 1 1 9 12 1 1 10 12 1 10 12 1 1 9 12 1 10 12 1 1 10 7 12 1 1 1 10 12 1 7 1 9 12 1 1 9 12 1 10 12 1 10 12 1 9 12 1 1 10 100 12 1 1 1 8 1 10 12 1 1 10 12 1 1 10 12 1 10 12 10 12 1 10 12 1 10 12 1 1 10 12 1 10 12 1 10 12 1 10 12 1 1 10 12 1 9 12 1 1 11 100 12 1 1 1 10 100 12 1 1 1 100 1 11 12 1 1 10 12 1 1 11 12 1 9 12 1 1 10 12 1 1 10 12 1 1 9 12 1 11 7 12 1 10 12 1 11 1 1 1 1 1 1 1 1 1 1 100 1 1 1 1 1 1 1 1 1 1 1 1 1 1 1 1 1 1 1 100 1 1 1 1 100 1 1 1 100 1 1 1 1 1 1 1 1 1 1 1 1 1 1 1
ciInstanceKlass com/sun/crypto/provider/GCM 1 0 12 100 1 100 1 1 1 1 1 1 1 1
instanceKlass com/sun/crypto/provider/GCTR
ciInstanceKlass com/sun/crypto/provider/CounterMode 1 1 116 10 7 12 1 1 1 9 7 12 1 1 1 9 12 1 9 12 1 1 9 12 1 9 12 1 9 12 1 8 1 9 12 1 10 7 12 1 1 1 9 12 1 100 1 8 1 10 12 1 10 12 1 1 9 12 1 1 10 7 12 1 1 1 10 12 1 1 10 7 12 1 1 1 10 12 1 10 12 1 1 10 12 1 1 1 1 1 1 1 1 1 1 1 1 1 1 1 1 1 1 1 1 1 1 1 1 1 1 1 1 1 1 1 1 1
ciInstanceKlass com/sun/crypto/provider/GCTR 1 1 208 10 7 12 1 1 1 9 7 12 1 1 1 100 1 100 1 10 12 1 8 1 10 12 1 1 10 12 1 8 1 8 1 10 12 1 1 10 12 1 9 12 1 1 10 12 1 8 1 9 12 1 10 7 12 1 1 1 9 7 12 1 1 1 10 12 1 1 5 0 10 12 1 1 5 0 9 12 1 10 100 12 1 1 1 8 1 8 1 8 1 10 12 1 1 10 12 1 9 12 1 1 10 7 12 1 1 1 10 100 12 1 1 1 10 12 1 1 10 12 1 1 10 12 1 1 10 12 1 10 12 1 10 12 1 10 12 1 10 12 1 1 10 100 12 1 1 1 10 12 10 12 1 10 12 1 10 12 1 1 10 12 10 12 1 10 12 1 100 1 1 1 3 1 1 1 1 1 1 1 1 1 100 1 1 1 1 1 1 1 1 1 1 1 1 1 1 1 1 1 1 1 1 1 1 1 1 1
ciInstanceKlass com/sun/crypto/provider/GHASH 1 1 229 5 0 10 7 12 1 1 1 7 1 100 1 8 1 10 12 1 9 12 1 1 9 12 1 9 12 1 1 10 7 12 1 1 1 10 7 12 1 1 10 12 1 10 12 1 1 10 12 1 1 10 12 1 1 10 12 1 10 7 12 1 1 1 10 12 1 1 10 12 1 10 12 1 1 10 12 1 1 10 12 1 10 12 1 10 100 12 1 1 1 10 12 1 10 12 1 10 7 12 1 1 1 100 1 100 1 10 8 1 10 12 1 1 10 12 1 10 12 1 1 10 8 1 8 1 8 1 8 1 8 1 8 1 10 12 1 1 10 12 1 1 10 12 1 10 12 1 10 12 10 12 1 9 7 12 1 1 1 10 7 12 1 1 1 100 1 100 1 1 1 1 3 1 3 1 1 1 1 1 1 1 1 1 1 1 1 1 1 1 1 1 1 1 1 100 1 1 1 1 1 1 1 1 1 1 1 1 1 1 1 1 1 1 1 1 1 1 1 1 1 1 1 1 100 1 1 1 1
staticfield com/sun/crypto/provider/GHASH asLongView Ljava/lang/invoke/VarHandle; java/lang/invoke/VarHandleByteArrayAsLongs$ArrayHandle
ciInstanceKlass com/sun/crypto/provider/GaloisCounterMode$GCMOperation 1 0 17 100 1 100 1 1 1 1 1 1 1 1 1 100 1 1 1
ciInstanceKlass com/sun/crypto/provider/GaloisCounterMode$DecryptOp 1 1 94 100 1 10 7 12 1 1 1 9 7 12 1 1 1 9 12 1 1 10 7 12 1 1 1 10 7 12 1 1 10 12 1 10 7 12 1 1 1 10 12 1 1 10 12 1 10 12 1 10 12 1 10 12 1 1 10 12 1 10 12 10 12 10 12 100 1 1 1 1 1 1 1 1 1 1 1 1 1 1 1 1 1 1 1 1 1 100 1 1 1 1 1 1
ciInstanceKlass com/sun/crypto/provider/GaloisCounterMode$GCMEncrypt 1 1 301 7 1 9 7 12 1 1 1 10 7 12 1 1 1 9 12 1 1 7 1 9 12 1 1 9 12 1 1 10 12 1 9 12 1 1 3 10 7 12 1 1 1 100 1 8 1 10 12 1 10 12 1 1 9 12 1 9 12 1 1 10 100 12 1 1 10 12 1 1 10 12 1 1 10 12 1 1 100 1 8 1 10 12 1 10 12 1 1 10 12 1 10 12 1 1 9 12 1 1 10 100 12 1 1 1 9 12 1 10 100 12 1 1 1 11 100 12 1 1 10 12 1 10 12 1 1 10 12 1 1 10 12 1 1 10 12 1 1 10 7 12 1 1 10 12 1 10 12 1 1 10 12 1 1 10 12 11 12 1 10 12 10 12 10 12 1 100 1 100 1 10 12 1 10 12 1 1 10 100 12 1 1 100 1 8 1 10 10 12 1 1 11 12 1 9 12 1 10 12 1 1 10 7 12 1 1 10 12 1 7 1 9 12 1 1 10 12 1 10 9 12 1 1 100 1 10 12 8 1 10 12 1 1 10 12 1 8 1 10 12 1 1 10 12 1 10 12 1 1 10 12 1 1 1 1 1 1 1 1 1 1 1 1 100 1 1 1 1 1 1 1 1 100 1 1 1 1 1 1 1 1 1 1 1 1 1 1 1 1 1 100 1 1 1 1 1 1 1 1 1
ciInstanceKlass com/sun/crypto/provider/GaloisCounterMode$EncryptOp 1 1 89 100 1 10 7 12 1 1 1 9 7 12 1 1 1 9 12 1 1 10 7 12 1 1 1 10 7 12 1 1 10 7 12 1 1 1 10 12 1 10 12 1 10 12 1 10 12 1 10 12 1 1 10 12 1 10 12 10 12 10 12 100 1 1 1 1 1 1 1 1 1 1 1 1 1 1 1 1 1 1 1 1 1 1 1 1 1 1 1
ciInstanceKlass java/lang/foreign/MemorySegment 0 0 449 10 100 12 1 1 1 11 100 12 1 1 1 11 12 1 11 100 12 1 1 1 11 11 12 1 1 11 12 1 1 10 100 12 1 1 1 9 100 12 1 1 1 10 100 12 1 1 1 11 12 1 11 100 12 1 1 1 10 100 12 1 1 1 10 100 12 1 1 1 10 100 12 1 1 1 10 100 12 1 1 10 100 12 1 1 10 100 12 1 1 10 100 12 1 1 10 100 12 1 1 10 100 12 1 1 10 100 12 1 1 1 9 100 12 1 1 1 11 12 1 10 100 1 10 12 1 1 10 100 12 1 1 1 10 12 1 1 100 1 10 10 12 1 10 12 1 100 1 10 10 12 1 10 12 1 100 1 10 10 12 1 10 12 1 100 1 10 10 12 1 10 12 1 100 1 10 10 12 1 10 12 1 100 1 10 10 12 1 10 12 1 100 1 10 10 12 1 10 12 1 100 1 10 10 12 1 10 12 1 8 1 10 12 1 1 11 100 1 11 100 1 11 100 1 11 100 1 11 100 1 11 100 1 11 100 1 11 100 1 11 100 1 10 12 1 10 12 1 10 10 12 1 1 9 12 1 1 100 1 1 1 1 1 1 1 1 1 1 1 1 1 1 1 1 1 1 1 1 1 1 1 1 1 1 1 1 1 1 1 1 1 1 1 1 1 1 1 1 1 1 1 1 1 1 1 1 1 1 1 1 1 1 1 1 1 1 1 1 1 1 1 1 1 1 1 1 1 1 1 1 1 1 1 1 1 1 1 1 1 1 1 1 1 1 1 1 1 1 1 1 1 1 1 1 1 1 1 1 1 1 1 1 1 1 1 1 1 1 1 1 1 1 1 1 1 1 1 1 1 1 1 1 1 1 1 1 1 1 1 1 1 1 1 1 1 1 1 1 1 1 1 1 1 1 1 1 1 1 1 1 1 1 1 1 1 1 1 100 1 1 1 100 1 1 1 1 1 1 1 1 100 1 1 1 1 1 1 1 1 1 1 1 1 100 1 100 1 1
ciInstanceKlass javax/crypto/AEADBadTagException 0 0 26 10 100 12 1 1 1 10 12 1 100 1 1 1 1 5 0 1 1 1 1 1 1 1 1 1
ciMethod java/lang/Object <init> ()V 1024 0 6155200 0 136
ciMethod java/lang/Object getClass ()Ljava/lang/Class; 256 0 128 0 -1
ciMethod java/lang/Object clone ()Ljava/lang/Object; 256 0 128 0 -1
ciMethod java/lang/Class getName ()Ljava/lang/String; 512 0 88211 0 -1
ciMethod java/lang/System arraycopy (Ljava/lang/Object;ILjava/lang/Object;II)V 256 0 128 0 -1
ciMethod java/lang/invoke/MethodHandle asType (Ljava/lang/invoke/MethodType;)Ljava/lang/invoke/MethodHandle; 56 0 2280 0 -1
ciMethod java/lang/invoke/VarHandle asDirect ()Ljava/lang/invoke/VarHandle; 0 0 1 0 -1
ciMethod java/lang/invoke/VarHandle checkAccessModeThenIsDirect (Ljava/lang/invoke/VarHandle$AccessDescriptor;)Z 964 0 572054 0 -1
ciMethod java/lang/invoke/VarHandle throwWrongMethodTypeException (Ljava/lang/invoke/VarHandle$AccessDescriptor;)V 0 0 1 0 -1
ciMethod java/lang/invoke/VarHandle accessModeType (I)Ljava/lang/invoke/MethodType; 0 0 440238 0 -1
ciMethod java/lang/invoke/VarHandle getMethodHandle (I)Ljava/lang/invoke/MethodHandle; 0 0 1 0 -1
ciMethod jdk/internal/misc/Unsafe getUnsafe ()Ljdk/internal/misc/Unsafe; 102 0 58 0 -1
ciMethod jdk/internal/misc/Unsafe setMemory (JJB)V 28 0 16 0 -1
ciMethod jdk/internal/misc/Unsafe putLongUnaligned (Ljava/lang/Object;JJ)V 536 0 268 0 -1
ciMethod jdk/internal/misc/Unsafe putLongUnaligned (Ljava/lang/Object;JJZ)V 536 0 6517 0 152
ciMethod jdk/internal/misc/Unsafe convEndian (ZJ)J 690 0 12053 0 0
ciMethod java/nio/Buffer <init> (IIIILjava/lang/foreign/MemorySegment;)V 512 0 5538 0 456
ciMethod java/nio/Buffer createCapacityException (I)Ljava/lang/IllegalArgumentException; 0 0 1 0 -1
ciMethod java/nio/Buffer capacity ()I 512 0 256 0 0
ciMethod java/nio/Buffer position ()I 290 0 145 0 0
ciMethod java/nio/Buffer position (I)Ljava/nio/Buffer; 512 0 5386 0 168
ciMethod java/nio/Buffer createPositionException (I)Ljava/lang/IllegalArgumentException; 0 0 1 0 -1
ciMethod java/nio/Buffer limit ()I 272 0 136 0 0
ciMethod java/nio/Buffer limit (I)Ljava/nio/Buffer; 512 0 7103 0 192
ciMethod java/nio/Buffer createLimitException (I)Ljava/lang/IllegalArgumentException; 0 0 1 0 -1
ciMethod java/nio/Buffer mark ()Ljava/nio/Buffer; 512 0 5440 0 0
ciMethod java/nio/Buffer reset ()Ljava/nio/Buffer; 512 0 5377 0 0
ciMethod java/nio/Buffer remaining ()I 512 0 310000 0 96
ciMethod java/nio/Buffer isReadOnly ()Z 0 0 1 0 -1
ciMethod java/nio/Buffer markValue ()I 260 0 130 0 0
ciMethod java/nio/Buffer session ()Ljdk/internal/foreign/MemorySessionImpl; 592 0 123166 0 -1
ciMethod java/nio/Buffer checkSession ()V 512 0 12877 0 0
ciMethod java/lang/Long reverseBytes (J)J 690 0 1461 0 -1
ciMethod java/util/Iterator hasNext ()Z 0 0 1 0 -1
ciMethod java/util/Iterator next ()Ljava/lang/Object; 0 0 1 0 -1
ciMethod java/util/Objects checkFromIndexSize (III)I 512 0 66363 0 0
ciMethod java/lang/Math subtractExact (II)I 512 0 6106 0 -1
ciMethod java/lang/Math max (II)I 512 0 313670 0 -1
ciMethod java/lang/Math min (II)I 524 0 445211 0 -1
ciMethod jdk/internal/util/Preconditions outOfBoundsCheckFromIndexSize (Ljava/util/function/BiFunction;III)Ljava/lang/RuntimeException; 0 0 1 0 -1
ciMethod jdk/internal/util/Preconditions checkIndex (IILjava/util/function/BiFunction;)I 768 0 5584 0 -1
ciMethod jdk/internal/util/Preconditions checkFromIndexSize (IIILjava/util/function/BiFunction;)I 512 0 187236 0 0
ciMethod java/util/Arrays fill ([BB)V 106 1228 901 0 -1
ciMethod java/util/Arrays fill ([BIIB)V 0 0 532 0 -1
ciMethod java/util/Arrays copyOf ([BI)[B 128 0 5191 0 912
ciMethod java/util/Arrays checkLength (II)V 474 0 54901 0 -1
ciMethod java/util/Arrays copyOfRange ([BII)[B 638 0 60851 0 1000
ciMethod java/util/Arrays copyOfRangeByte ([BII)[B 474 0 51767 0 -1
ciMethod jdk/internal/util/ArraysSupport newLength (III)I 530 0 6687 0 0
ciMethod jdk/internal/util/ArraysSupport hugeLength (II)I 0 0 1 0 -1
ciMethod java/io/OutputStream <init> ()V 514 0 13045 0 80
ciMethod java/nio/ByteBuffer <init> (IIII[BILjava/lang/foreign/MemorySegment;)V 512 0 5412 0 720
ciMethod java/nio/ByteBuffer allocate (I)Ljava/nio/ByteBuffer; 116 0 5179 0 -1
ciMethod java/nio/ByteBuffer wrap ([B)Ljava/nio/ByteBuffer; 512 0 33130 0 -1
ciMethod java/nio/ByteBuffer duplicate ()Ljava/nio/ByteBuffer; 0 0 1 0 -1
ciMethod java/nio/ByteBuffer get ()B 0 0 1 0 -1
ciMethod java/nio/ByteBuffer put (B)Ljava/nio/ByteBuffer; 0 0 1 0 -1
ciMethod java/nio/ByteBuffer get ([BII)Ljava/nio/ByteBuffer; 512 0 5380 0 -1
ciMethod java/nio/ByteBuffer put (Ljava/nio/ByteBuffer;)Ljava/nio/ByteBuffer; 512 0 2185 0 -1
ciMethod java/nio/ByteBuffer put ([BII)Ljava/nio/ByteBuffer; 768 0 5378 0 -1
ciMethod java/nio/ByteBuffer hasArray ()Z 512 0 17702 0 0
ciMethod java/nio/ByteBuffer array ()[B 514 0 37212 0 128
ciMethod java/nio/ByteBuffer arrayOffset ()I 518 0 35196 0 0
ciMethod java/nio/ByteBuffer position (I)Ljava/nio/ByteBuffer; 514 0 26580 0 168
ciMethod java/nio/ByteBuffer limit (I)Ljava/nio/ByteBuffer; 512 0 15110 0 192
ciMethod java/nio/ByteBuffer mark ()Ljava/nio/ByteBuffer; 514 0 5377 0 88
ciMethod java/nio/ByteBuffer reset ()Ljava/nio/ByteBuffer; 512 0 5377 0 120
ciMethod java/nio/ByteBuffer flip ()Ljava/nio/ByteBuffer; 512 0 8758 0 -1
ciMethod java/nio/ByteBuffer isDirect ()Z 0 0 1 0 -1
ciMethod java/nio/ByteBuffer limit (I)Ljava/nio/Buffer; 512 0 5377 0 216
ciMethod java/nio/ByteBuffer position (I)Ljava/nio/Buffer; 512 0 5386 0 192
ciMethod jdk/internal/access/JavaNioAccess acquireSession (Ljava/nio/Buffer;)V 0 0 1 0 -1
ciMethod jdk/internal/access/JavaNioAccess releaseSession (Ljava/nio/Buffer;)V 0 0 1 0 -1
ciMethod java/nio/HeapByteBuffer <init> ([BIIIIILjava/lang/foreign/MemorySegment;)V 514 0 5384 0 984
ciMethod java/nio/HeapByteBuffer duplicate ()Ljava/nio/ByteBuffer; 514 0 5378 0 1072
ciMethod java/nio/HeapByteBuffer ix (I)I 512 0 28383 0 0
ciMethod java/nio/HeapByteBuffer get ([BII)Ljava/nio/ByteBuffer; 516 0 5380 0 568
ciMethod java/nio/HeapByteBuffer isDirect ()Z 260 0 130 0 0
ciMethod java/nio/HeapByteBuffer isReadOnly ()Z 256 0 128 0 0
ciMethod java/nio/HeapByteBuffer put ([BII)Ljava/nio/ByteBuffer; 512 0 5387 0 568
ciMethod java/nio/ByteOrder nativeOrder ()Ljava/nio/ByteOrder; 514 0 10801 0 0
ciMethodData java/lang/Object <init> ()V 2 6154688 orig 80 1 0 0 0 0 0 0 0 0 0 0 0 0 0 0 0 0 0 0 0 0 0 0 0 0 0 0 0 0 0 0 0 0 0 0 0 0 0 0 0 0 0 0 0 0 0 0 0 0 0 0 0 0 0 0 0 0 0 0 0 0 0 0 0 0 0 0 0 0 0 0 0 0 0 0 0 0 0 0 0 data 4 0x0 0x9 0x1 0x0 oops 0 methods 0
ciMethodData jdk/internal/util/Preconditions checkFromIndexSize (IIILjava/util/function/BiFunction;)I 2 186980 orig 80 0 0 0 0 0 0 0 0 0 0 0 0 60 2 0 0 0 0 0 0 0 0 0 0 0 0 0 0 0 0 0 0 0 0 0 0 0 0 0 0 0 0 0 0 0 0 0 0 0 0 0 0 0 0 0 0 0 0 0 0 0 0 0 0 0 0 0 0 0 0 0 0 0 0 0 0 0 0 0 0 data 22 0x50007 0x0 0x40 0x2da64 0xc0007 0x2da64 0x30 0x0 0x130002 0x0 0x0 0x0 0x0 0x0 0x0 0x0 0x9 0x4 0x0 0x0 0x0 0x0 oops 0 methods 0
ciMethodData java/util/Arrays copyOf ([BI)[B 2 5127 orig 80 0 0 0 0 0 0 0 0 0 0 0 0 60 2 0 0 0 0 0 0 0 0 0 0 0 0 0 0 0 0 0 0 0 0 0 0 0 0 0 0 0 0 0 0 0 0 0 0 0 0 0 0 0 0 0 0 0 0 0 0 0 0 0 0 0 0 0 0 0 0 0 0 0 0 0 0 0 0 0 0 data 32 0x30007 0x13a8 0x90 0x5f 0x70005 0x0 0x0 0x23c6818c5d8 0x5f 0x0 0x0 0xa0004 0x0 0x0 0x23c6818c5d8 0x5f 0x0 0x0 0x190002 0x13a8 0x1c0002 0x13a8 0x0 0x0 0x0 0x0 0x0 0x0 0x9 0x2 0xffffffffffffffff 0x0 oops 2 7 [B 14 [B methods 0
ciMethod sun/nio/ch/DirectBuffer address ()J 0 0 1 0 -1
ciMethod sun/nio/ch/DirectBuffer attachment ()Ljava/lang/Object; 0 0 1 0 -1
ciMethod sun/security/util/Debug println (Ljava/lang/String;)V 0 0 1 0 -1
ciMethod java/io/ByteArrayOutputStream <init> (I)V 284 0 5462 0 568
ciMethod java/io/ByteArrayOutputStream ensureCapacity (I)V 512 0 5554 0 416
ciMethod java/io/ByteArrayOutputStream write ([BII)V 268 0 5316 0 1344
ciMethod java/io/ByteArrayOutputStream reset ()V 0 0 5314 0 -1
ciMethod java/io/ByteArrayOutputStream toByteArray ()[B 432 0 18434 0 1432
ciMethod java/io/ByteArrayOutputStream size ()I 258 0 129 0 0
ciMethodData java/util/Arrays copyOfRange ([BII)[B 2 60532 orig 80 0 0 0 0 0 0 0 0 0 0 0 0 60 2 0 0 0 0 0 0 0 0 0 0 0 0 0 0 0 0 0 0 0 0 0 0 0 0 0 0 0 0 0 0 0 0 0 0 0 0 0 0 0 0 0 0 0 0 0 0 0 0 0 0 0 0 0 0 0 0 0 0 0 0 0 0 0 0 0 0 data 35 0x10007 0x5df4 0x40 0x8e80 0x70007 0x232a 0x30 0x6b56 0xd0002 0xc94a 0x120005 0x0 0x0 0x23c6818c5d8 0x232a 0x0 0x0 0x150004 0x0 0x0 0x23c6818c5d8 0x232a 0x0 0x0 0x0 0x0 0x0 0x0 0x0 0x0 0x9 0x3 0xffffffffffffffff 0x0 0x0 oops 2 13 [B 20 [B methods 0
ciMethodData java/util/Arrays copyOfRangeByte ([BII)[B 2 51530 orig 80 0 0 0 0 0 0 0 0 0 0 0 0 60 2 0 0 0 0 0 0 0 0 0 0 0 0 0 0 0 0 0 0 0 0 0 0 0 0 0 0 0 0 0 0 0 0 0 0 0 0 0 0 0 0 0 0 0 0 0 0 0 0 0 0 0 0 0 0 0 0 0 0 0 0 0 0 0 0 0 0 data 17 0x20002 0xc94a 0x180002 0xc94a 0x1b0002 0xc94a 0x0 0x0 0x0 0x0 0x0 0x0 0x9 0x3 0xffffffffffffffff 0x0 0x0 oops 0 methods 0
ciMethodData java/util/Arrays checkLength (II)V 2 54664 orig 80 0 0 0 0 0 0 0 0 0 0 0 0 60 2 0 0 0 0 0 0 0 0 0 0 0 0 0 0 0 0 0 0 0 0 0 0 0 0 0 0 0 0 0 0 0 0 0 0 0 0 0 0 0 0 0 0 0 0 0 0 0 0 0 0 0 0 0 0 0 0 0 0 0 0 0 0 0 0 0 0 data 46 0x20007 0xd588 0x120 0x0 0xd0002 0x0 0x110005 0x0 0x0 0x0 0x0 0x0 0x0 0x170005 0x0 0x0 0x0 0x0 0x0 0x0 0x1b0005 0x0 0x0 0x0 0x0 0x0 0x0 0x1e0005 0x0 0x0 0x0 0x0 0x0 0x0 0x210002 0x0 0x0 0x0 0x0 0x0 0x0 0x0 0x9 0x2 0x0 0x0 oops 0 methods 0
ciMethodData jdk/internal/util/ArraysSupport newLength (III)I 2 6422 orig 80 0 0 0 0 0 0 0 0 0 0 0 0 60 2 0 0 0 0 0 0 0 0 0 0 0 0 0 0 0 0 0 0 0 0 0 0 0 0 0 0 0 0 0 0 0 0 0 0 0 0 0 0 0 0 0 0 0 0 0 0 0 0 0 0 0 0 0 0 0 0 0 0 0 0 0 0 0 0 0 0 data 23 0x30002 0x1916 0xa0007 0x0 0x40 0x1916 0x100007 0x0 0x20 0x1916 0x170002 0x0 0x0 0x0 0x0 0x0 0x0 0x0 0x9 0x3 0x0 0x0 0x0 oops 0 methods 0
ciMethodData java/nio/Buffer session ()Ljdk/internal/foreign/MemorySessionImpl; 2 122870 orig 80 0 0 0 0 0 0 0 0 0 0 0 0 60 2 0 0 0 0 0 0 0 0 0 0 0 0 0 0 0 0 0 0 0 0 0 0 0 0 0 0 0 0 0 0 0 0 0 0 0 0 0 0 0 0 0 0 0 0 0 0 0 0 0 0 0 0 0 0 0 0 0 0 0 0 0 0 0 0 0 0 data 27 0x40007 0x1dff5 0x90 0x0 0xb0004 0x0 0x0 0x0 0x0 0x0 0x0 0xe0005 0x0 0x0 0x0 0x0 0x0 0x0 0x0 0x0 0x0 0x0 0x0 0x0 0x9 0x1 0x0 oops 0 methods 0
ciMethod java/lang/invoke/VarHandleGuards guard_LIJ_V (Ljava/lang/invoke/VarHandle;Ljava/lang/Object;IJLjava/lang/invoke/VarHandle$AccessDescriptor;)V 532 0 33172 0 -1
ciMethod java/lang/invoke/VarForm getMemberName (I)Ljava/lang/invoke/MemberName; 990 0 571400 0 -1
ciMethod java/lang/invoke/VarForm resolveMemberName (I)Ljava/lang/invoke/MemberName; 48 0 24 0 -1
ciMethod java/lang/invoke/VarForm getMethodType_V (I)Ljava/lang/invoke/MethodType; 0 0 1 0 -1
ciMethodData java/util/Objects checkFromIndexSize (III)I 2 66107 orig 80 0 0 0 0 0 0 0 0 0 0 0 0 60 2 0 0 0 0 0 0 0 0 0 0 0 0 0 0 0 0 0 0 0 0 0 0 0 0 0 0 0 0 0 0 0 0 0 0 0 0 0 0 0 0 0 0 0 0 0 0 0 0 0 0 0 0 0 0 0 0 0 0 0 0 0 0 0 0 0 0 data 13 0x40002 0x1023b 0x0 0x0 0x0 0x0 0x0 0x0 0x9 0x3 0x0 0x0 0x0 oops 0 methods 0
ciMethod java/lang/invoke/VarHandleByteArrayAsLongs$ArrayHandle index ([BI)I 592 0 55579 0 -1
ciMethod java/lang/invoke/VarHandleByteArrayAsLongs$ArrayHandle set (Ljava/lang/invoke/VarHandle;Ljava/lang/Object;IJ)V 536 0 32159 0 -1
ciMethodData java/lang/invoke/VarHandle checkAccessModeThenIsDirect (Ljava/lang/invoke/VarHandle$AccessDescriptor;)Z 2 571572 orig 80 0 0 0 0 0 0 0 0 0 0 0 0 60 2 0 0 0 0 0 0 0 0 0 0 0 0 0 0 0 0 0 0 0 0 0 0 0 0 0 0 0 0 0 0 0 0 0 0 0 0 0 0 0 0 0 0 0 0 0 0 0 0 0 0 0 0 0 0 0 0 0 0 0 0 0 0 0 0 0 0 data 32 0x40007 0x20106 0xb0 0x6b7ae 0xc0005 0x6b7ae 0x0 0x0 0x0 0x0 0x0 0x130007 0x6b7ae 0x58 0x0 0x180005 0x0 0x0 0x0 0x0 0x0 0x0 0x0 0x0 0x0 0x0 0x0 0x0 0x9 0x2 0xffffffffffffffff 0x0 oops 0 methods 0
ciMethodData java/lang/invoke/VarForm getMemberName (I)Ljava/lang/invoke/MemberName; 2 570905 orig 80 0 0 0 0 0 0 0 0 0 0 0 0 60 2 0 0 0 0 0 0 0 0 0 0 0 0 0 0 0 0 0 0 0 0 0 0 0 0 0 0 0 0 0 0 0 0 0 0 0 0 0 0 0 0 0 0 0 0 0 0 0 0 0 0 0 0 0 0 0 0 0 0 0 0 0 0 0 0 0 0 data 36 0x80007 0x8b613 0xd0 0x5 0xd0005 0x5 0x0 0x0 0x0 0x0 0x0 0x120007 0x5 0x78 0x0 0x1a0002 0x0 0x1d0005 0x0 0x0 0x0 0x0 0x0 0x0 0x200002 0x0 0x0 0x0 0x0 0x0 0x0 0x0 0x9 0x2 0x0 0x0 oops 0 methods 0
ciMethod jdk/internal/foreign/MemorySessionImpl checkValidState ()V 0 0 1 0 -1
ciMethodData java/nio/HeapByteBuffer ix (I)I 2 28127 orig 80 0 0 0 0 0 0 0 0 0 0 0 0 60 2 0 0 0 0 0 0 0 0 0 0 0 0 0 0 0 0 0 0 0 0 0 0 0 0 0 0 0 0 0 0 0 0 0 0 0 0 0 0 0 0 0 0 0 0 0 0 0 0 0 0 0 0 0 0 0 0 0 0 0 0 0 0 0 0 0 0 data 7 0x0 0x0 0x0 0x9 0x2 0x0 0x0 oops 0 methods 0
ciMethodData java/nio/Buffer position (I)Ljava/nio/Buffer; 2 5130 orig 80 0 0 0 0 0 0 0 0 0 0 0 0 60 2 0 0 0 0 0 0 0 0 0 0 0 0 0 0 0 0 0 0 0 0 0 0 0 0 0 0 0 0 0 0 0 0 0 0 0 0 0 0 0 0 0 0 0 0 0 0 0 0 0 0 0 0 0 0 0 0 0 0 0 0 0 0 0 0 0 0 data 39 0x50007 0x140a 0x38 0x0 0x90003 0x0 0x18 0xe0007 0x140a 0x38 0x0 0x120003 0x0 0x18 0x170007 0x140a 0x58 0x0 0x1c0005 0x0 0x0 0x0 0x0 0x0 0x0 0x250007 0x13f5 0x20 0x15 0x0 0x0 0x0 0x0 0x0 0x0 0x9 0x2 0x0 0x0 oops 0 methods 0
ciMethodData java/nio/ByteBuffer position (I)Ljava/nio/ByteBuffer; 2 26323 orig 80 0 0 0 0 0 0 0 0 0 0 0 0 60 2 0 0 0 0 0 0 0 0 0 0 0 0 0 0 0 0 0 0 0 0 0 0 0 0 0 0 0 0 0 0 0 0 0 0 0 0 0 0 0 0 0 0 0 0 0 0 0 0 0 0 0 0 0 0 0 0 0 0 0 0 0 0 0 0 0 0 data 9 0x20002 0x66d3 0x0 0x0 0x0 0x9 0x2 0x0 0x0 oops 0 methods 0
ciMethodData java/nio/Buffer limit (I)Ljava/nio/Buffer; 2 6847 orig 80 0 0 0 0 0 0 0 0 0 0 0 0 60 2 0 0 0 0 0 0 0 0 0 0 0 0 0 0 0 0 0 0 0 0 0 0 0 0 0 0 0 0 0 0 0 0 0 0 0 0 0 0 0 0 0 0 0 0 0 0 0 0 0 0 0 0 0 0 0 0 0 0 0 0 0 0 0 0 0 0 data 43 0x50007 0x1ac0 0x38 0x0 0x90003 0x0 0x18 0xe0007 0x1abd 0x38 0x0 0x120003 0x0 0x18 0x170007 0x1abd 0x58 0x0 0x1c0005 0x0 0x0 0x0 0x0 0x0 0x0 0x2a0007 0x1a58 0x20 0x65 0x370007 0x1abc 0x20 0x0 0x0 0x0 0x0 0x0 0x0 0x0 0x9 0x2 0x0 0x0 oops 0 methods 0
ciMethodData java/nio/ByteBuffer limit (I)Ljava/nio/ByteBuffer; 2 14854 orig 80 0 0 0 0 0 0 0 0 0 0 0 0 60 2 0 0 0 0 0 0 0 0 0 0 0 0 0 0 0 0 0 0 0 0 0 0 0 0 0 0 0 0 0 0 0 0 0 0 0 0 0 0 0 0 0 0 0 0 0 0 0 0 0 0 0 0 0 0 0 0 0 0 0 0 0 0 0 0 0 0 data 9 0x20002 0x3a05 0x0 0x0 0x0 0x9 0x2 0x0 0x0 oops 0 methods 0
ciMethodData java/nio/Buffer <init> (IIIILjava/lang/foreign/MemorySegment;)V 2 5282 orig 80 0 0 0 0 0 0 0 0 0 0 0 0 60 2 0 0 0 0 0 0 0 0 0 0 0 0 0 0 0 0 0 0 0 0 0 0 0 0 0 0 0 0 0 0 0 0 0 0 0 0 0 0 0 0 0 0 0 0 0 0 0 0 0 0 0 0 0 0 0 0 0 0 0 0 0 0 0 0 0 0 data 90 0x10002 0x14a2 0x100007 0x14a2 0x30 0x0 0x150002 0x0 0x270005 0xa37 0x0 0x23c6f5c0fe8 0x6e5 0x23c6de4b0c0 0x386 0x2d0005 0xa37 0x0 0x23c6f5c0fe8 0x6e4 0x23c6de4b0c0 0x386 0x320007 0x1495 0x1b0 0xd 0x370007 0xd 0x190 0x0 0x420002 0x0 0x470005 0x0 0x0 0x0 0x0 0x0 0x0 0x4b0005 0x0 0x0 0x0 0x0 0x0 0x0 0x500005 0x0 0x0 0x0 0x0 0x0 0x0 0x540005 0x0 0x0 0x0 0x0 0x0 0x0 0x590005 0x0 0x0 0x0 0x0 0x0 0x0 0x5c0005 0x0 0x0 0x0 0x0 0x0 0x0 0x5f0002 0x0 0x0 0x0 0x0 0x0 0x0 0x0 0x9 0x6 0xffffffffffffffff 0x0 0x0 0x0 0x0 0x0 oops 4 11 java/nio/HeapByteBuffer 13 java/nio/HeapCharBuffer 18 java/nio/HeapByteBuffer 20 java/nio/HeapCharBuffer methods 0
ciMethodData java/nio/ByteOrder nativeOrder ()Ljava/nio/ByteOrder; 2 10544 orig 80 0 0 0 0 0 0 0 0 0 0 0 0 60 2 0 0 0 0 0 0 0 0 0 0 0 0 0 0 0 0 0 0 0 0 0 0 0 0 0 0 0 0 0 0 0 0 0 0 0 0 0 0 0 0 0 0 0 0 0 0 0 0 0 0 0 0 0 0 0 0 0 0 0 0 0 0 0 0 0 0 data 4 0x0 0x0 0x9 0x0 oops 0 methods 0
ciMethod java/security/Provider$Service getProvider ()Ljava/security/Provider; 270 0 135 0 -1
ciMethod java/security/Provider$Service newInstance (Ljava/lang/Object;)Ljava/lang/Object; 512 0 5436 0 -1
ciMethod java/security/Provider$Service supportsParameter (Ljava/lang/Object;)Z 516 0 5378 0 -1
ciMethod java/security/MessageDigest isEqual ([B[B)Z 250 8224 877 0 -1
ciMethodData java/nio/ByteBuffer position (I)Ljava/nio/Buffer; 2 5130 orig 80 0 0 0 0 0 0 0 0 0 0 0 0 60 2 0 0 0 0 0 0 0 0 0 0 0 0 0 0 0 0 0 0 0 0 0 0 0 0 0 0 0 0 0 0 0 0 0 0 0 0 0 0 0 0 0 0 0 0 0 0 0 0 0 0 0 0 0 0 0 0 0 0 0 0 0 0 0 0 0 0 data 17 0x20005 0x0 0x0 0x23c6f5c0fe8 0x140a 0x0 0x0 0x0 0x0 0x0 0x0 0x0 0x0 0x9 0x2 0x0 0x0 oops 1 3 java/nio/HeapByteBuffer methods 0
ciMethodData java/nio/ByteBuffer <init> (IIII[BILjava/lang/foreign/MemorySegment;)V 2 5156 orig 80 0 0 0 0 0 0 0 0 0 0 0 0 60 2 0 0 0 0 0 0 0 0 0 0 0 0 0 0 0 0 0 0 0 0 0 0 0 0 0 0 0 0 0 0 0 0 0 0 0 0 0 0 0 0 0 0 0 0 0 0 0 0 0 0 0 0 0 0 0 0 0 0 0 0 0 0 0 0 0 0 data 27 0x80002 0x1424 0x110002 0x1423 0x170007 0x1423 0x38 0x0 0x1b0003 0x0 0x18 0x0 0x0 0x0 0x0 0x0 0x0 0x9 0x8 0xffffffffffffffff 0x0 0x0 0x0 0x0 0x0 0x0 0x0 oops 0 methods 0
ciMethodData java/nio/ByteBuffer limit (I)Ljava/nio/Buffer; 2 5121 orig 80 0 0 0 0 0 0 0 0 0 0 0 0 60 2 0 0 0 0 0 0 0 0 0 0 0 0 0 0 0 0 0 0 0 0 0 0 0 0 0 0 0 0 0 0 0 0 0 0 0 0 0 0 0 0 0 0 0 0 0 0 0 0 0 0 0 0 0 0 0 0 0 0 0 0 0 0 0 0 0 0 data 17 0x20005 0x0 0x0 0x23c6f5c0fe8 0x1400 0x0 0x0 0x0 0x0 0x0 0x0 0x0 0x0 0x9 0x2 0x0 0x0 oops 1 3 java/nio/HeapByteBuffer methods 0
ciMethodData java/nio/Buffer remaining ()I 2 309744 orig 80 0 0 0 0 0 0 0 0 0 0 0 0 60 2 0 0 0 0 0 0 0 0 0 0 0 0 0 0 0 0 0 0 0 0 0 0 0 0 0 0 0 0 0 0 0 0 0 0 0 0 0 0 0 0 0 0 0 0 0 0 0 0 0 0 0 0 0 0 0 0 0 0 0 0 0 0 0 0 0 0 data 14 0xb0007 0xe39 0x38 0x4abb7 0xf0003 0x4abb7 0x18 0x0 0x0 0x0 0x0 0x9 0x1 0x0 oops 0 methods 0
ciMethodData java/nio/ByteBuffer arrayOffset ()I 2 34937 orig 80 0 0 0 0 0 0 0 0 0 0 0 0 60 2 0 0 0 0 0 0 0 0 0 0 0 0 0 0 0 0 0 0 0 0 0 0 0 0 0 0 0 0 0 0 0 0 0 0 0 0 0 0 0 0 0 0 0 0 0 0 0 0 0 0 0 0 0 0 0 0 0 0 0 0 0 0 0 0 0 0 data 21 0x40007 0x8878 0x30 0x0 0xb0002 0x0 0x130007 0x8878 0x30 0x0 0x1a0002 0x0 0x0 0x0 0x0 0x0 0x0 0x0 0x9 0x1 0x0 oops 0 methods 0
ciMethodData java/lang/invoke/VarHandleByteArrayAsLongs$ArrayHandle index ([BI)I 2 55283 orig 80 0 0 0 0 0 0 0 0 0 0 0 0 60 2 0 0 0 0 0 0 0 0 0 0 0 0 0 0 0 0 0 0 0 0 0 0 0 0 0 0 0 0 0 0 0 0 0 0 0 0 0 0 0 0 0 0 0 0 0 0 0 0 0 0 0 0 0 0 0 0 0 0 0 0 0 0 0 0 0 0 data 12 0x90002 0xd7f3 0x0 0x0 0x0 0x0 0x0 0x0 0x9 0x2 0x0 0x0 oops 0 methods 0
ciMethodData jdk/internal/misc/Unsafe convEndian (ZJ)J 2 11708 orig 80 0 0 0 0 0 0 0 0 0 0 0 0 60 2 0 0 0 0 0 0 0 0 0 0 0 0 0 0 0 0 0 0 0 0 0 0 0 0 0 0 0 0 0 0 0 0 0 0 0 0 0 0 0 0 0 0 0 0 0 0 0 0 0 0 0 0 0 0 0 0 0 0 0 0 0 0 0 0 0 0 data 20 0x40007 0x2dbc 0x38 0x0 0x80003 0x0 0x28 0xc0002 0x2dbc 0x0 0x0 0x0 0x0 0x0 0x0 0x9 0x3 0x0 0x0 0x0 oops 0 methods 0
ciMethodData java/nio/ByteBuffer hasArray ()Z 2 17446 orig 80 0 0 0 0 0 0 0 0 0 0 0 0 60 2 0 0 0 0 0 0 0 0 0 0 0 0 0 0 0 0 0 0 0 0 0 0 0 0 0 0 0 0 0 0 0 0 0 0 0 0 0 0 0 0 0 0 0 0 0 0 0 0 0 0 0 0 0 0 0 0 0 0 0 0 0 0 0 0 0 0 data 20 0x40007 0x0 0x58 0x4426 0xb0007 0x0 0x38 0x4426 0xf0003 0x4426 0x18 0x0 0x0 0x0 0x0 0x0 0x0 0x9 0x1 0x0 oops 0 methods 0
ciMethodData java/nio/ByteBuffer array ()[B 2 36955 orig 80 0 0 0 0 0 0 0 0 0 0 0 0 60 2 0 0 0 0 0 0 0 0 0 0 0 0 0 0 0 0 0 0 0 0 0 0 0 0 0 0 0 0 0 0 0 0 0 0 0 0 0 0 0 0 0 0 0 0 0 0 0 0 0 0 0 0 0 0 0 0 0 0 0 0 0 0 0 0 0 0 data 21 0x40007 0x9059 0x30 0x0 0xb0002 0x0 0x130007 0x9059 0x30 0x0 0x1a0002 0x0 0x0 0x0 0x0 0x0 0x0 0x0 0x9 0x1 0x0 oops 0 methods 0
ciMethodData java/lang/invoke/VarHandleGuards guard_LIJ_V (Ljava/lang/invoke/VarHandle;Ljava/lang/Object;IJLjava/lang/invoke/VarHandle$AccessDescriptor;)V 2 32906 orig 80 0 0 0 0 0 0 0 0 0 0 0 0 60 2 0 0 0 0 0 0 0 0 0 0 0 0 0 0 0 0 0 0 0 0 0 0 0 0 0 0 0 0 0 0 0 0 0 0 0 0 0 0 0 0 0 0 0 0 0 0 0 0 0 0 0 0 0 0 0 0 0 0 0 0 0 0 0 0 0 0 data 135 0x3000b 0x0 0x0 0x23c6d8a29e0 0x103 0x23c6d89f718 0x7f87 0x2 0x1 0x23c6d89f028 0xa0007 0x0 0xd8 0x808a 0x1f0007 0x0 0xb8 0x808a 0x2f000b 0x808a 0x0 0x0 0x0 0x0 0x0 0x1 0x23c681c23e8 0x32000a 0x808a 0x4 0x0 0x2 0x1 0x2 0x350003 0x808a 0x280 0x3a0007 0x0 0x120 0x0 0x46000b 0x0 0x0 0x0 0x0 0x0 0x0 0x1 0x23c681c2628 0x4e0007 0x0 0xb8 0x0 0x5e000b 0x0 0x0 0x0 0x0 0x0 0x0 0x1 0x23c681c23e8 0x61000a 0x0 0x4 0x0 0x0 0x1 0x0 0x640003 0x0 0x160 0x6d000b 0x0 0x0 0x0 0x0 0x0 0x0 0x1 0x0 0x79000b 0x0 0x0 0x0 0x0 0x0 0x0 0x3 0x1 0x23c681c2628 0x0 0x7d000b 0x0 0x0 0x0 0x0 0x0 0x0 0x1 0x0 0x83000b 0x0 0x0 0x0 0x0 0x0 0x0 0x4 0x1 0x0 0x2 0x0 0x0 0x0 0x0 0x0 0x0 0x0 0x0 0x9 0x6 0x0 0x0 0x0 0x0 0x0 0x0 0xc 0x4 0x0 0x2 0x1 0x2 oops 7 3 java/lang/invoke/VarHandleLongs$Array 5 java/lang/invoke/VarHandleByteArrayAsLongs$ArrayHandle 9 java/lang/invoke/VarHandle$AccessDescriptor 26 java/lang/invoke/MemberName 49 java/lang/invoke/MethodType 62 java/lang/invoke/MemberName 91 java/lang/invoke/MethodType methods 0
ciMethod java/security/Key getAlgorithm ()Ljava/lang/String; 0 0 1 0 -1
ciMethod java/security/Key getEncoded ()[B 0 0 1 0 -1
ciMethodData java/nio/Buffer checkSession ()V 2 12621 orig 80 0 0 0 0 0 0 0 0 0 0 0 0 60 2 0 0 0 0 0 0 0 0 0 0 0 0 0 0 0 0 0 0 0 0 0 0 0 0 0 0 0 0 0 0 0 0 0 0 0 0 0 0 0 0 0 0 0 0 0 0 0 0 0 0 0 0 0 0 0 0 0 0 0 0 0 0 0 0 0 0 data 27 0x10005 0x314d 0x0 0x0 0x0 0x0 0x0 0x60007 0x314d 0x58 0x0 0xa0005 0x0 0x0 0x0 0x0 0x0 0x0 0x0 0x0 0x0 0x0 0x0 0x0 0x9 0x1 0x0 oops 0 methods 0
ciMethodData java/io/ByteArrayOutputStream <init> (I)V 2 5320 orig 80 0 0 0 0 0 0 0 0 0 0 0 0 60 2 0 0 0 0 0 0 0 0 0 0 0 0 0 0 0 0 0 0 0 0 0 0 0 0 0 0 0 0 0 0 0 0 0 0 0 0 0 0 0 0 0 0 0 0 0 0 0 0 0 0 0 0 0 0 0 0 0 0 0 0 0 0 0 0 0 0 data 41 0x10002 0x14c8 0x50007 0x14c8 0xe8 0x0 0x100002 0x0 0x150005 0x0 0x0 0x0 0x0 0x0 0x0 0x190005 0x0 0x0 0x0 0x0 0x0 0x0 0x1c0005 0x0 0x0 0x0 0x0 0x0 0x0 0x1f0002 0x0 0x0 0x0 0x0 0x0 0x0 0x0 0x9 0x2 0x0 0x0 oops 0 methods 0
ciMethodData java/io/ByteArrayOutputStream write ([BII)V 2 5182 orig 80 0 0 0 0 0 0 0 0 0 0 0 0 60 2 0 0 0 0 0 0 0 0 0 0 0 0 0 0 0 0 0 0 0 0 0 0 0 0 0 0 0 0 0 0 0 0 0 0 0 0 0 0 0 0 0 0 0 0 0 0 0 0 0 0 0 0 0 0 0 0 0 0 0 0 0 0 0 0 0 0 data 23 0x40002 0x143e 0xf0005 0x143e 0x0 0x0 0x0 0x0 0x0 0x1d0002 0x143e 0x0 0x0 0x0 0x0 0x0 0x0 0x9 0x4 0x6 0xffffffffffffffff 0x0 0x0 oops 0 methods 0
ciMethodData java/io/ByteArrayOutputStream ensureCapacity (I)V 2 5298 orig 80 0 0 0 0 0 0 0 0 0 0 0 0 60 2 0 0 0 0 0 0 0 0 0 0 0 0 0 0 0 0 0 0 0 0 0 0 0 0 0 0 0 0 0 0 0 0 0 0 0 0 0 0 0 0 0 0 0 0 0 0 0 0 0 0 0 0 0 0 0 0 0 0 0 0 0 0 0 0 0 0 data 18 0xb0007 0x13dc 0x40 0xd6 0x160002 0xd6 0x190002 0xd6 0x0 0x0 0x0 0x0 0x0 0x0 0x9 0x2 0x4 0x0 oops 0 methods 0
ciMethod sun/security/ssl/SSLLogger isOn (Ljava/lang/String;)Z 0 0 1 0 -1
ciMethod sun/security/ssl/SSLLogger fine (Ljava/lang/String;[Ljava/lang/Object;)V 0 0 1 0 -1
ciMethod javax/crypto/Cipher getTransform (Ljava/security/Provider$Service;Ljava/util/List;)Ljavax/crypto/Cipher$Transform; 206 30 5224 0 -1
ciMethod javax/crypto/Cipher initCryptoPermission ()V 90 0 5165 0 -1
ciMethod javax/crypto/Cipher chooseFirstProvider ()V 512 0 5377 0 104
ciMethod javax/crypto/Cipher implInit (Ljavax/crypto/CipherSpi;IILjava/security/Key;Ljava/security/spec/AlgorithmParameterSpec;Ljava/security/AlgorithmParameters;Ljava/security/SecureRandom;)V 460 0 5222 0 -1
ciMethod javax/crypto/Cipher chooseProvider (IILjava/security/Key;Ljava/security/spec/AlgorithmParameterSpec;Ljava/security/AlgorithmParameters;Ljava/security/SecureRandom;)V 204 0 5222 0 -1
ciMethod javax/crypto/Cipher getOutputSize (I)I 512 0 2444 0 0
ciMethod javax/crypto/Cipher checkCryptoPerm (Ljavax/crypto/CipherSpi;Ljava/security/Key;Ljava/security/spec/AlgorithmParameterSpec;)V 512 0 5376 0 128
ciMethod javax/crypto/Cipher passCryptoPermCheck (Ljavax/crypto/CipherSpi;Ljava/security/Key;Ljava/security/spec/AlgorithmParameterSpec;)Z 0 0 1 0 -1
ciMethod javax/crypto/Cipher checkOpmode (I)V 512 0 4475 0 0
ciMethod javax/crypto/Cipher init (ILjava/security/Key;Ljava/security/spec/AlgorithmParameterSpec;Ljava/security/SecureRandom;)V 512 0 4475 0 0
ciMethod javax/crypto/Cipher checkCipherState ()V 512 0 5383 0 152
ciMethod javax/crypto/Cipher doFinal (Ljava/nio/ByteBuffer;Ljava/nio/ByteBuffer;)I 514 0 4473 0 0
ciMethod javax/crypto/Cipher updateAAD ([B)V 512 0 4473 0 0
ciMethod javax/crypto/Cipher updateAAD ([BII)V 512 0 4473 0 0
ciMethod javax/crypto/Cipher toString ()Ljava/lang/String; 0 0 1 0 -1
ciMethod javax/crypto/Cipher$Transform setModePadding (Ljavax/crypto/CipherSpi;)V 206 0 8552 0 -1
ciMethod javax/crypto/Cipher$Transform supportsModePadding (Ljava/security/Provider$Service;)I 206 0 8552 0 -1
ciMethod javax/crypto/JceSecurity canUseProvider (Ljava/security/Provider;)Z 266 0 5260 0 -1
ciMethod javax/crypto/CipherSpi engineGetOutputSize (I)I 0 0 1 0 -1
ciMethod javax/crypto/CipherSpi engineInit (ILjava/security/Key;Ljava/security/spec/AlgorithmParameterSpec;Ljava/security/SecureRandom;)V 0 0 1 0 -1
ciMethod javax/crypto/CipherSpi engineDoFinal (Ljava/nio/ByteBuffer;Ljava/nio/ByteBuffer;)I 0 0 1 0 -1
ciMethod javax/crypto/CipherSpi engineUpdateAAD ([BII)V 0 0 1 0 -1
ciMethod com/sun/crypto/provider/SymmetricCipher getBlockSize ()I 0 0 1 0 -1
ciMethod com/sun/crypto/provider/SymmetricCipher init (ZLjava/lang/String;[B)V 0 0 1 0 -1
ciMethod com/sun/crypto/provider/SymmetricCipher encryptBlock ([BI[BI)V 0 0 1 0 -1
ciMethod com/sun/crypto/provider/FeedbackCipher <init> (Lcom/sun/crypto/provider/SymmetricCipher;)V 512 0 5389 0 0
ciMethod com/sun/crypto/provider/AESCrypt getBlockSize ()I 260 0 130 0 0
ciMethod com/sun/crypto/provider/GaloisCounterMode init (ILjava/security/Key;Ljavax/crypto/spec/GCMParameterSpec;)V 514 0 5379 0 4832
ciMethod com/sun/crypto/provider/GaloisCounterMode engineGetOutputSize (I)I 514 0 2444 0 0
ciMethod com/sun/crypto/provider/GaloisCounterMode createIv (Ljava/security/SecureRandom;)[B 0 0 1 0 -1
ciMethod com/sun/crypto/provider/GaloisCounterMode engineInit (ILjava/security/Key;Ljava/security/spec/AlgorithmParameterSpec;Ljava/security/SecureRandom;)V 512 0 6402 0 1032
ciMethod com/sun/crypto/provider/GaloisCounterMode checkInit ()V 512 0 6412 0 10536
ciMethod com/sun/crypto/provider/GaloisCounterMode checkReInit ()V 324 0 4888 0 0
ciMethod com/sun/crypto/provider/GaloisCounterMode engineUpdateAAD ([BII)V 512 0 4473 0 0
ciMethod com/sun/crypto/provider/GaloisCounterMode engineDoFinal (Ljava/nio/ByteBuffer;Ljava/nio/ByteBuffer;)I 514 0 4473 0 0
ciMethod com/sun/crypto/provider/GaloisCounterMode getLengthBlock (II)[B 514 0 3663 0 0
ciMethod com/sun/crypto/provider/GaloisCounterMode expandToOneBlock ([BIII)[B 768 0 5504 0 704
ciMethodData java/io/OutputStream <init> ()V 2 12788 orig 80 0 0 0 0 0 0 0 0 0 0 0 0 60 2 0 0 0 0 0 0 0 0 0 0 0 0 0 0 0 0 0 0 0 0 0 0 0 0 0 0 0 0 0 0 0 0 0 0 0 0 0 0 0 0 0 0 0 0 0 0 0 0 0 0 0 0 0 0 0 0 0 0 0 0 0 0 0 0 0 0 data 7 0x10002 0x31f4 0x0 0x0 0x9 0x1 0x0 oops 0 methods 0
ciMethodData java/io/ByteArrayOutputStream toByteArray ()[B 2 18218 orig 80 0 0 0 0 0 0 0 0 0 0 0 0 60 2 0 0 0 0 0 0 0 0 0 0 0 0 0 0 0 0 0 0 0 0 0 0 0 0 0 0 0 0 0 0 0 0 0 0 0 0 0 0 0 0 0 0 0 0 0 0 0 0 0 0 0 0 0 0 0 0 0 0 0 0 0 0 0 0 0 0 data 11 0x80002 0x472a 0x0 0x0 0x0 0x0 0x0 0x0 0x9 0x1 0x0 oops 0 methods 0
ciMethod sun/security/ssl/Authenticator sequenceNumber ()[B 512 0 9838 0 0
ciMethod sun/security/ssl/Authenticator increaseSequenceNumber ()V 512 0 5377 0 168
ciMethod sun/security/ssl/Authenticator acquireAuthenticationBytes (BI[B)[B 0 0 1 0 -1
ciMethod sun/security/ssl/Authenticator$TLS13Authenticator acquireAuthenticationBytes (BI[B)[B 512 0 4448 0 0
ciMethod sun/security/ssl/SSLCipher$T13GcmWriteCipherGenerator$GcmWriteCipher encrypt (BLjava/nio/ByteBuffer;)I 512 4096 2432 0 -1
ciMethod javax/crypto/spec/GCMParameterSpec <init> (I[B)V 512 0 4475 0 0
ciMethod javax/crypto/spec/GCMParameterSpec init (I[BII)V 512 0 4475 0 0
ciMethod javax/crypto/spec/GCMParameterSpec getTLen ()I 258 0 129 0 -1
ciMethod javax/crypto/spec/GCMParameterSpec getIV ()[B 514 0 6402 0 0
ciMethod com/sun/crypto/provider/GaloisCounterMode$GCMDecrypt <init> (Lcom/sun/crypto/provider/GaloisCounterMode;Lcom/sun/crypto/provider/SymmetricCipher;)V 150 0 1947 0 -1
ciMethod com/sun/crypto/provider/GaloisCounterMode$GCMDecrypt checkDataLength ([I)V 388 388 1219 0 -1
ciMethod com/sun/crypto/provider/GaloisCounterMode$GCMDecrypt doFinal (Ljava/nio/ByteBuffer;Ljava/nio/ByteBuffer;)I 384 6144 1217 0 -1
ciMethod com/sun/crypto/provider/GaloisCounterMode$GCMEngine getOutputSize (IZ)I 0 0 1 0 -1
ciMethod com/sun/crypto/provider/GaloisCounterMode$GCMEngine doFinal (Ljava/nio/ByteBuffer;Ljava/nio/ByteBuffer;)I 0 0 1 0 -1
ciMethod com/sun/crypto/provider/GaloisCounterMode$GCMEngine getBufferedLength ()I 518 0 6111 0 0
ciMethod com/sun/crypto/provider/GaloisCounterMode$GCMEngine implGCMCrypt (Ljava/nio/ByteBuffer;Ljava/nio/ByteBuffer;)I 0 0 1 0 -1
ciMethod com/sun/crypto/provider/GaloisCounterMode$GCMEngine updateAAD ([BII)V 512 0 4473 0 0
ciMethod com/sun/crypto/provider/GaloisCounterMode$GCMEngine processAAD ()V 512 0 3662 0 0
ciMethod com/sun/crypto/provider/GaloisCounterMode$GCMEngine doLastBlock (Lcom/sun/crypto/provider/GaloisCounterMode$GCMOperation;Ljava/nio/ByteBuffer;Ljava/nio/ByteBuffer;Ljava/nio/ByteBuffer;)I 514 0 3661 0 0
ciMethod com/sun/crypto/provider/GaloisCounterMode$GCMEngine overlapDetection (Ljava/nio/ByteBuffer;Ljava/nio/ByteBuffer;)Ljava/nio/ByteBuffer; 514 0 3661 0 0
ciMethod com/sun/crypto/provider/GaloisCounterMode$GCMEngine restoreDst (Ljava/nio/ByteBuffer;)V 560 0 3661 0 0
ciMethod com/sun/crypto/provider/GCTR <init> (Lcom/sun/crypto/provider/SymmetricCipher;[B)V 516 0 5379 0 1888
ciMethod com/sun/crypto/provider/GCTR checkBlock ()V 234 0 2396 0 -1
ciMethod com/sun/crypto/provider/GCTR update ([BII[BI)I 512 0 4352 0 -1
ciMethod com/sun/crypto/provider/GCTR update (Ljava/nio/ByteBuffer;Ljava/nio/ByteBuffer;)I 0 0 1 0 -1
ciMethod com/sun/crypto/provider/GCTR doFinal ([BII[BI)I 512 1568 4352 0 3504
ciMethod com/sun/crypto/provider/GCTR doFinal (Ljava/nio/ByteBuffer;Ljava/nio/ByteBuffer;)I 744 0 5493 0 640
ciMethod com/sun/crypto/provider/CounterMode <init> (Lcom/sun/crypto/provider/SymmetricCipher;)V 516 0 5379 0 0
ciMethod com/sun/crypto/provider/CounterMode reset ()V 516 0 5379 0 0
ciMethod com/sun/crypto/provider/GHASH update ([B)I 512 0 7323 0 0
ciMethod com/sun/crypto/provider/GHASH update ([BII)I 514 0 5390 0 496
ciMethod com/sun/crypto/provider/GHASH update (Ljava/nio/ByteBuffer;I)I 462 0 4843 0 0
ciMethod com/sun/crypto/provider/GHASH doFinal (Ljava/nio/ByteBuffer;I)I 514 0 5381 0 2240
ciMethod com/sun/crypto/provider/GHASH ghashRangeCheck ([BII[J[J)V 408 0 4289 0 0
ciMethod com/sun/crypto/provider/GHASH processBlocks ([BII[J[J)V 408 3190 1832 0 -1
ciMethod com/sun/crypto/provider/GHASH processBlocksDirect (Ljava/nio/ByteBuffer;I)V 0 0 1 0 -1
ciMethod com/sun/crypto/provider/GHASH digest ()[B 564 0 3663 0 0
ciMethod com/sun/crypto/provider/GaloisCounterMode$GCMOperation update ([BIILjava/nio/ByteBuffer;)I 0 0 1 0 -1
ciMethod com/sun/crypto/provider/GaloisCounterMode$GCMOperation update (Ljava/nio/ByteBuffer;Ljava/nio/ByteBuffer;)I 0 0 1 0 -1
ciMethod com/sun/crypto/provider/GaloisCounterMode$GCMOperation doFinal ([BII[BI)I 0 0 1 0 -1
ciMethod com/sun/crypto/provider/GaloisCounterMode$GCMOperation doFinal (Ljava/nio/ByteBuffer;Ljava/nio/ByteBuffer;)I 0 0 1 0 -1
ciMethod com/sun/crypto/provider/GaloisCounterMode$DecryptOp <init> (Lcom/sun/crypto/provider/GCTR;Lcom/sun/crypto/provider/GHASH;)V 386 0 1218 0 -1
ciMethod com/sun/crypto/provider/GaloisCounterMode$DecryptOp doFinal (Ljava/nio/ByteBuffer;Ljava/nio/ByteBuffer;)I 512 0 1217 0 0
ciMethodData java/lang/invoke/VarHandleByteArrayAsLongs$ArrayHandle set (Ljava/lang/invoke/VarHandle;Ljava/lang/Object;IJ)V 2 31891 orig 80 0 0 0 0 0 0 0 0 0 0 0 0 60 2 0 0 0 0 0 0 0 0 0 0 0 0 0 0 0 0 0 0 0 0 0 0 0 0 0 0 0 0 0 0 0 0 0 0 0 0 0 0 0 0 0 0 0 0 0 0 0 0 0 0 0 0 0 0 0 0 0 0 0 0 0 0 0 0 0 0 data 39 0x10004 0x0 0x0 0x23c6d89f718 0x8af 0x0 0x0 0x70004 0x0 0x0 0x23c6818c5d8 0x8af 0x0 0x0 0x140002 0x7c93 0x23000b 0x7c93 0x0 0x0 0x0 0x0 0x0 0x2 0x1 0x23c6818c5d8 0x0 0x0 0x0 0x0 0x0 0x0 0x9 0x5 0x0 0x0 0x0 0x0 0x0 oops 3 3 java/lang/invoke/VarHandleByteArrayAsLongs$ArrayHandle 10 [B 25 [B methods 0
ciMethodData jdk/internal/misc/Unsafe putLongUnaligned (Ljava/lang/Object;JJZ)V 2 6249 orig 80 0 0 0 0 0 0 0 0 0 0 0 0 60 2 0 0 0 0 0 0 0 0 0 0 0 0 0 0 0 0 0 0 0 0 0 0 0 0 0 0 0 0 0 0 0 0 0 0 0 0 0 0 0 0 0 0 0 0 0 0 0 0 0 0 0 0 0 0 0 0 0 0 0 0 0 0 0 0 0 0 data 27 0x70002 0x1869 0xa000b 0x0 0x0 0x0 0x0 0x0 0x0 0x2 0x1 0x0 0x0 0x0 0x0 0x0 0x0 0x0 0x9 0x7 0x0 0x0 0x0 0x0 0x0 0x0 0x0 oops 0 methods 0
ciMethod com/sun/crypto/provider/GaloisCounterMode$GCMEncrypt <init> (Lcom/sun/crypto/provider/GaloisCounterMode;Lcom/sun/crypto/provider/SymmetricCipher;)V 72 0 840 0 -1
ciMethod com/sun/crypto/provider/GaloisCounterMode$GCMEncrypt checkDataLength ([I)V 512 1024 2444 0 0
ciMethod com/sun/crypto/provider/GaloisCounterMode$GCMEncrypt getOutputSize (IZ)I 514 0 2444 0 0
ciMethod com/sun/crypto/provider/GaloisCounterMode$GCMEncrypt doFinal (Ljava/nio/ByteBuffer;Ljava/nio/ByteBuffer;)I 514 0 2444 0 0
ciMethod com/sun/crypto/provider/GaloisCounterMode$EncryptOp doFinal (Ljava/nio/ByteBuffer;Ljava/nio/ByteBuffer;)I 514 0 2444 0 0
ciMethodData com/sun/crypto/provider/GHASH update ([BII)I 2 5133 orig 80 0 0 0 0 0 0 0 0 0 0 0 0 60 2 0 0 0 0 0 0 0 0 0 0 0 0 0 0 0 0 0 0 0 0 0 0 0 0 0 0 0 0 0 0 0 0 0 0 0 0 0 0 0 0 0 0 0 0 0 0 0 0 0 0 0 0 0 0 0 0 0 0 0 0 0 0 0 0 0 0 data 20 0x10007 0xff5 0x20 0x418 0x1a0002 0xff5 0x2c0002 0xff5 0x0 0x0 0x0 0x0 0x0 0x0 0x9 0x4 0x0 0xffffffffffffffff 0x0 0x0 oops 0 methods 0
ciMethodData com/sun/crypto/provider/GHASH ghashRangeCheck ([BII[J[J)V 2 4085 orig 80 0 0 0 0 0 0 0 0 0 0 0 0 60 2 0 0 0 0 0 0 0 0 0 0 0 0 0 0 0 0 0 0 0 0 0 0 0 0 0 0 0 0 0 0 0 0 0 0 0 0 0 0 0 0 0 0 0 0 0 0 0 0 0 0 0 0 0 0 0 0 0 0 0 0 0 0 0 0 0 0 data 205 0x10007 0xff5 0xe8 0x0 0xc0002 0x0 0x110005 0x0 0x0 0x0 0x0 0x0 0x0 0x150005 0x0 0x0 0x0 0x0 0x0 0x0 0x180005 0x0 0x0 0x0 0x0 0x0 0x0 0x1b0002 0x0 0x200007 0xff5 0xe8 0x0 0x2b0002 0x0 0x300005 0x0 0x0 0x0 0x0 0x0 0x0 0x340005 0x0 0x0 0x0 0x0 0x0 0x0 0x370005 0x0 0x0 0x0 0x0 0x0 0x0 0x3a0002 0x0 0x430007 0xff5 0x158 0x0 0x4e0002 0x0 0x530005 0x0 0x0 0x0 0x0 0x0 0x0 0x570005 0x0 0x0 0x0 0x0 0x0 0x0 0x5c0005 0x0 0x0 0x0 0x0 0x0 0x0 0x630005 0x0 0x0 0x0 0x0 0x0 0x0 0x660005 0x0 0x0 0x0 0x0 0x0 0x0 0x690002 0x0 0x710007 0xff5 0xe8 0x0 0x7c0002 0x0 0x810005 0x0 0x0 0x0 0x0 0x0 0x0 0x850005 0x0 0x0 0x0 0x0 0x0 0x0 0x880005 0x0 0x0 0x0 0x0 0x0 0x0 0x8b0002 0x0 0x920007 0xff5 0xe8 0x0 0x9d0002 0x0 0xa20005 0x0 0x0 0x0 0x0 0x0 0x0 0xa70005 0x0 0x0 0x0 0x0 0x0 0x0 0xaa0005 0x0 0x0 0x0 0x0 0x0 0x0 0xad0002 0x0 0xb60007 0xff5 0xe8 0x0 0xc10002 0x0 0xc60005 0x0 0x0 0x0 0x0 0x0 0x0 0xcc0005 0x0 0x0 0x0 0x0 0x0 0x0 0xcf0005 0x0 0x0 0x0 0x0 0x0 0x0 0xd20002 0x0 0x0 0x0 0x0 0x0 0x0 0x0 0x0 0x0 0x0 0x0 0x9 0x5 0x0 0x0 0x0 0x0 0x0 oops 0 methods 0
ciMethodData java/nio/Buffer mark ()Ljava/nio/Buffer; 2 5184 orig 80 0 0 0 0 0 0 0 0 0 0 0 0 60 2 0 0 0 0 0 0 0 0 0 0 0 0 0 0 0 0 0 0 0 0 0 0 0 0 0 0 0 0 0 0 0 0 0 0 0 0 0 0 0 0 0 0 0 0 0 0 0 0 0 0 0 0 0 0 0 0 0 0 0 0 0 0 0 0 0 0 data 7 0x0 0x0 0x0 0x0 0x9 0x1 0x6 oops 0 methods 0
ciMethodData java/nio/HeapByteBuffer <init> ([BIIIIILjava/lang/foreign/MemorySegment;)V 2 5127 orig 80 0 0 0 0 0 0 0 0 0 0 0 0 60 2 0 0 0 0 0 0 0 0 0 0 0 0 0 0 0 0 0 0 0 0 0 0 0 0 0 0 0 0 0 0 0 0 0 0 0 0 0 0 0 0 0 0 0 0 0 0 0 0 0 0 0 0 0 0 0 0 0 0 0 0 0 0 0 0 0 0 data 16 0xc0002 0x1407 0x0 0x0 0x0 0x0 0x9 0x8 0x0 0x0 0x0 0x0 0x0 0x0 0x0 0x0 oops 0 methods 0
ciMethodData java/nio/HeapByteBuffer get ([BII)Ljava/nio/ByteBuffer; 2 5122 orig 80 0 0 0 0 0 0 0 0 0 0 0 0 60 2 0 0 0 0 0 0 0 0 0 0 0 0 0 0 0 0 0 0 0 0 0 0 0 0 0 0 0 0 0 0 0 0 0 0 0 0 0 0 0 0 0 0 0 0 0 0 0 0 0 0 0 0 0 0 0 0 0 0 0 0 0 0 0 0 0 0 data 57 0x10005 0x1402 0x0 0x0 0x0 0x0 0x0 0x80002 0x1402 0xd0005 0x1402 0x0 0x0 0x0 0x0 0x0 0x140005 0x1402 0x0 0x0 0x0 0x0 0x0 0x1a0007 0x1402 0x30 0x0 0x210002 0x0 0x2c0005 0x0 0x0 0x23c6f5c0fe8 0x1402 0x0 0x0 0x320002 0x1402 0x3a0005 0x0 0x0 0x23c6f5c0fe8 0x1402 0x0 0x0 0x0 0x0 0x0 0x0 0x0 0x0 0x9 0x4 0x0 0x0 0x0 0x0 oops 2 32 java/nio/HeapByteBuffer 41 java/nio/HeapByteBuffer methods 0
ciMethodData java/nio/ByteBuffer mark ()Ljava/nio/ByteBuffer; 2 5120 orig 80 0 0 0 0 0 0 0 0 0 0 0 0 60 2 0 0 0 0 0 0 0 0 0 0 0 0 0 0 0 0 0 0 0 0 0 0 0 0 0 0 0 0 0 0 0 0 0 0 0 0 0 0 0 0 0 0 0 0 0 0 0 0 0 0 0 0 0 0 0 0 0 0 0 0 0 0 0 0 0 0 data 8 0x10002 0x1400 0x0 0x0 0x0 0x9 0x1 0x6 oops 0 methods 0
ciMethodData java/nio/HeapByteBuffer put ([BII)Ljava/nio/ByteBuffer; 2 5131 orig 80 0 0 0 0 0 0 0 0 0 0 0 0 60 2 0 0 0 0 0 0 0 0 0 0 0 0 0 0 0 0 0 0 0 0 0 0 0 0 0 0 0 0 0 0 0 0 0 0 0 0 0 0 0 0 0 0 0 0 0 0 0 0 0 0 0 0 0 0 0 0 0 0 0 0 0 0 0 0 0 0 data 57 0x10005 0x140b 0x0 0x0 0x0 0x0 0x0 0x80002 0x140b 0xd0005 0x140b 0x0 0x0 0x0 0x0 0x0 0x140005 0x140b 0x0 0x0 0x0 0x0 0x0 0x1a0007 0x140b 0x30 0x0 0x210002 0x0 0x2e0005 0x0 0x0 0x23c6f5c0fe8 0x140b 0x0 0x0 0x320002 0x140b 0x3a0005 0x0 0x0 0x23c6f5c0fe8 0x140b 0x0 0x0 0x0 0x0 0x0 0x0 0x0 0x0 0x9 0x4 0x0 0x0 0x0 0x0 oops 2 32 java/nio/HeapByteBuffer 41 java/nio/HeapByteBuffer methods 0
ciMethodData java/nio/HeapByteBuffer duplicate ()Ljava/nio/ByteBuffer; 2 5121 orig 80 0 0 0 0 0 0 0 0 0 0 0 0 60 2 0 0 0 0 0 0 0 0 0 0 0 0 0 0 0 0 0 0 0 0 0 0 0 0 0 0 0 0 0 0 0 0 0 0 0 0 0 0 0 0 0 0 0 0 0 0 0 0 0 0 0 0 0 0 0 0 0 0 0 0 0 0 0 0 0 0 data 39 0x90005 0x1401 0x0 0x0 0x0 0x0 0x0 0xd0005 0x1401 0x0 0x0 0x0 0x0 0x0 0x110005 0x1401 0x0 0x0 0x0 0x0 0x0 0x150005 0x1401 0x0 0x0 0x0 0x0 0x0 0x200002 0x1401 0x0 0x0 0x0 0x0 0x0 0x0 0x9 0x1 0x0 oops 0 methods 0
ciMethodData com/sun/crypto/provider/GaloisCounterMode checkInit ()V 2 6156 orig 80 0 0 0 0 0 0 0 0 0 0 0 0 60 2 0 0 0 0 0 0 0 0 0 0 0 0 0 0 0 0 0 0 0 0 0 0 0 0 0 0 0 0 0 0 0 0 0 0 0 0 0 0 0 0 0 0 0 0 0 0 0 0 0 0 0 0 0 0 0 0 0 0 0 0 0 0 0 0 0 0 data 30 0x40007 0x180c 0x30 0x0 0xd0002 0x0 0x150007 0xd98 0x78 0xa74 0x1c0007 0x750 0x48 0x324 0x290002 0x324 0x2f0003 0x324 0x28 0x3c0002 0x750 0x0 0x0 0x0 0x0 0x0 0x0 0x9 0x1 0x18 oops 0 methods 0
ciMethodData javax/crypto/Cipher chooseFirstProvider ()V 2 5121 orig 80 0 0 0 0 0 0 0 0 0 0 0 0 60 2 0 0 0 0 0 0 0 0 0 0 0 0 0 0 0 0 0 0 0 0 0 0 0 0 0 0 0 0 0 0 0 0 0 0 0 0 0 0 0 0 0 0 0 0 0 0 0 0 0 0 0 0 0 0 0 0 0 0 0 0 0 0 0 0 0 0 data 206 0x40007 0x0 0x20 0x1401 0x130007 0x0 0x20 0x0 0x1c0007 0x0 0x118 0x0 0x2a0007 0x0 0xf8 0x0 0x330005 0x0 0x0 0x0 0x0 0x0 0x0 0x370007 0x0 0x58 0x0 0x400005 0x0 0x0 0x0 0x0 0x0 0x0 0x4a0002 0x0 0x4d0005 0x0 0x0 0x0 0x0 0x0 0x0 0x560007 0x0 0x78 0x0 0x5d0005 0x0 0x0 0x0 0x0 0x0 0x0 0x620007 0x0 0x3c0 0x0 0x690007 0x0 0x38 0x0 0x810003 0x0 0x88 0x880005 0x0 0x0 0x0 0x0 0x0 0x0 0x8d0004 0x0 0x0 0x0 0x0 0x0 0x0 0x950005 0x0 0x0 0x0 0x0 0x0 0x0 0x980002 0x0 0x9b0007 0x0 0x38 0x0 0x9e0003 0x0 0xfffffffffffffe78 0xa60002 0x0 0xad0007 0x0 0x38 0x0 0xb00003 0x0 0xfffffffffffffe30 0xb60005 0x0 0x0 0x0 0x0 0x0 0x0 0xb90007 0x0 0x38 0x0 0xbc0003 0x0 0xfffffffffffffdc0 0xc10007 0x0 0x100 0x0 0xc60005 0x0 0x0 0x0 0x0 0x0 0x0 0xcd0004 0x0 0x0 0x0 0x0 0x0 0x0 0xd00007 0x0 0x38 0x0 0xd30003 0x0 0xfffffffffffffcf8 0xd80004 0x0 0x0 0x0 0x0 0x0 0x0 0xe10005 0x0 0x0 0x0 0x0 0x0 0x0 0xe50005 0x0 0x0 0x0 0x0 0x0 0x0 0xf00005 0x0 0x0 0x0 0x0 0x0 0x0 0x10d0003 0x0 0xfffffffffffffc00 0x1170002 0x0 0x11c0007 0x0 0x58 0x0 0x1210005 0x0 0x0 0x0 0x0 0x0 0x0 0x0 0x0 0x0 0x0 0x0 0x0 0x0 0x0 0x0 0x0 0x0 0x0 0x0 0x0 0x0 0x0 0x9 0x1 0x0 oops 0 methods 0
ciMethodData com/sun/crypto/provider/FeedbackCipher <init> (Lcom/sun/crypto/provider/SymmetricCipher;)V 2 5133 orig 80 0 0 0 0 0 0 0 0 0 0 0 0 60 2 0 0 0 0 0 0 0 0 0 0 0 0 0 0 0 0 0 0 0 0 0 0 0 0 0 0 0 0 0 0 0 0 0 0 0 0 0 0 0 0 0 0 0 0 0 0 0 0 0 0 0 0 0 0 0 0 0 0 0 0 0 0 0 0 0 0 data 19 0x10002 0x140d 0xb0005 0x0 0x0 0x23c733930a0 0x140d 0x0 0x0 0x0 0x0 0x0 0x0 0x0 0x0 0x9 0x2 0x6 0x0 oops 1 5 com/sun/crypto/provider/AESCrypt methods 0
ciMethodData com/sun/crypto/provider/GCTR doFinal ([BII[BI)I 2 4096 orig 80 0 0 0 0 0 0 0 0 0 0 0 0 60 2 0 0 0 0 0 0 0 0 0 0 0 0 0 0 0 0 0 0 0 0 0 0 0 0 0 0 0 0 0 0 0 0 0 0 0 0 0 0 0 0 0 0 0 0 0 0 0 0 0 0 0 0 0 0 0 0 0 0 0 0 0 0 0 0 0 0 data 50 0x10007 0x1000 0x20 0x0 0x1d0005 0x1000 0x0 0x0 0x0 0x0 0x0 0x230007 0x719 0xc8 0x8e7 0x270005 0x8e7 0x0 0x0 0x0 0x0 0x0 0x380005 0x0 0x0 0x23c733930a0 0x8e7 0x0 0x0 0x420007 0x8e7 0x38 0x3b02 0x650003 0x3b02 0xffffffffffffffe0 0x0 0x0 0x0 0x0 0x0 0x0 0x9 0x6 0xffffffffffffffff 0xffffffffffffffff 0x0 0x0 0xffffffffffffffff 0x0 oops 1 25 com/sun/crypto/provider/AESCrypt methods 0
ciMethodData com/sun/crypto/provider/GCTR <init> (Lcom/sun/crypto/provider/SymmetricCipher;[B)V 2 5121 orig 80 0 0 0 0 0 0 0 0 0 0 0 0 60 2 0 0 0 0 0 0 0 0 0 0 0 0 0 0 0 0 0 0 0 0 0 0 0 0 0 0 0 0 0 0 0 0 0 0 0 0 0 0 0 0 0 0 0 0 0 0 0 0 0 0 0 0 0 0 0 0 0 0 0 0 0 0 0 0 0 0 data 70 0x20002 0x1401 0xb0007 0x1401 0x190 0x0 0x160002 0x0 0x1b0005 0x0 0x0 0x0 0x0 0x0 0x0 0x200005 0x0 0x0 0x0 0x0 0x0 0x0 0x250005 0x0 0x0 0x0 0x0 0x0 0x0 0x2c0005 0x0 0x0 0x0 0x0 0x0 0x0 0x310005 0x0 0x0 0x0 0x0 0x0 0x0 0x340005 0x0 0x0 0x0 0x0 0x0 0x0 0x370002 0x0 0x410005 0x0 0x0 0x23c6838f058 0x1401 0x0 0x0 0x0 0x0 0x0 0x0 0x0 0x0 0x9 0x3 0x0 0x0 0x0 oops 1 55 com/sun/crypto/provider/GCTR methods 0
ciMethodData com/sun/crypto/provider/CounterMode <init> (Lcom/sun/crypto/provider/SymmetricCipher;)V 2 5121 orig 80 0 0 0 0 0 0 0 0 0 0 0 0 60 2 0 0 0 0 0 0 0 0 0 0 0 0 0 0 0 0 0 0 0 0 0 0 0 0 0 0 0 0 0 0 0 0 0 0 0 0 0 0 0 0 0 0 0 0 0 0 0 0 0 0 0 0 0 0 0 0 0 0 0 0 0 0 0 0 0 0 data 11 0x20002 0x1401 0x0 0x0 0x0 0x0 0x0 0x9 0x2 0x7e 0x0 oops 0 methods 0
ciMethodData com/sun/crypto/provider/CounterMode reset ()V 2 5121 orig 80 0 0 0 0 0 0 0 0 0 0 0 0 60 2 0 0 0 0 0 0 0 0 0 0 0 0 0 0 0 0 0 0 0 0 0 0 0 0 0 0 0 0 0 0 0 0 0 0 0 0 0 0 0 0 0 0 0 0 0 0 0 0 0 0 0 0 0 0 0 0 0 0 0 0 0 0 0 0 0 0 data 11 0xe0002 0x1401 0x0 0x0 0x0 0x0 0x0 0x0 0x9 0x1 0x0 oops 0 methods 0
ciMethodData javax/crypto/Cipher checkCipherState ()V 2 5127 orig 80 0 0 0 0 0 0 0 0 0 0 0 0 60 2 0 0 0 0 0 0 0 0 0 0 0 0 0 0 0 0 0 0 0 0 0 0 0 0 0 0 0 0 0 0 0 0 0 0 0 0 0 0 0 0 0 0 0 0 0 0 0 0 0 0 0 0 0 0 0 0 0 0 0 0 0 0 0 0 0 0 data 36 0x10004 0xffffffffffffebf9 0x0 0x23c6f5c4880 0x1 0x0 0x0 0x40007 0x0 0xa0 0x1407 0xb0007 0x1407 0x30 0x0 0x150002 0x0 0x1e0007 0x604 0x50 0xe03 0x260007 0xe03 0x30 0x0 0x300002 0x0 0x0 0x0 0x0 0x0 0x0 0x0 0x9 0x1 0x0 oops 1 3 javax/crypto/Cipher methods 0
ciMethodData com/sun/crypto/provider/GHASH update ([B)I 2 7067 orig 80 0 0 0 0 0 0 0 0 0 0 0 0 60 2 0 0 0 0 0 0 0 0 0 0 0 0 0 0 0 0 0 0 0 0 0 0 0 0 0 0 0 0 0 0 0 0 0 0 0 0 0 0 0 0 0 0 0 0 0 0 0 0 0 0 0 0 0 0 0 0 0 0 0 0 0 0 0 0 0 0 data 17 0x50005 0x1b9b 0x0 0x0 0x0 0x0 0x0 0x0 0x0 0x0 0x0 0x0 0x0 0x9 0x2 0x0 0xffffffffffffffff oops 0 methods 0
ciMethodData java/nio/ByteBuffer reset ()Ljava/nio/ByteBuffer; 2 5121 orig 80 0 0 0 0 0 0 0 0 0 0 0 0 60 2 0 0 0 0 0 0 0 0 0 0 0 0 0 0 0 0 0 0 0 0 0 0 0 0 0 0 0 0 0 0 0 0 0 0 0 0 0 0 0 0 0 0 0 0 0 0 0 0 0 0 0 0 0 0 0 0 0 0 0 0 0 0 0 0 0 0 data 8 0x10002 0x1401 0x0 0x0 0x0 0x9 0x1 0x8 oops 0 methods 0
ciMethodData java/nio/Buffer reset ()Ljava/nio/Buffer; 2 5121 orig 80 0 0 0 0 0 0 0 0 0 0 0 0 60 2 0 0 0 0 0 0 0 0 0 0 0 0 0 0 0 0 0 0 0 0 0 0 0 0 0 0 0 0 0 0 0 0 0 0 0 0 0 0 0 0 0 0 0 0 0 0 0 0 0 0 0 0 0 0 0 0 0 0 0 0 0 0 0 0 0 0 data 13 0x60007 0x1401 0x30 0x0 0xd0002 0x0 0x0 0x0 0x0 0x0 0x9 0x1 0x8 oops 0 methods 0
ciMethodData sun/security/ssl/Authenticator sequenceNumber ()[B 2 9582 orig 80 0 0 0 0 0 0 0 0 0 0 0 0 60 2 0 0 0 0 0 0 0 0 0 0 0 0 0 0 0 0 0 0 0 0 0 0 0 0 0 0 0 0 0 0 0 0 0 0 0 0 0 0 0 0 0 0 0 0 0 0 0 0 0 0 0 0 0 0 0 0 0 0 0 0 0 0 0 0 0 0 data 11 0x60002 0x256e 0x0 0x0 0x0 0x0 0x0 0x0 0x9 0x1 0x0 oops 0 methods 0
ciMethodData sun/security/ssl/Authenticator increaseSequenceNumber ()V 2 5121 orig 80 0 0 0 0 0 0 0 0 0 0 0 0 60 2 0 0 0 0 0 0 0 0 0 0 0 0 0 0 0 0 0 0 0 0 0 0 0 0 0 0 0 0 0 0 0 0 0 0 0 0 0 0 0 0 0 0 0 0 0 0 0 0 0 0 0 0 0 0 0 0 0 0 0 0 0 0 0 0 0 0 data 18 0x40007 0x0 0x58 0x1401 0x130007 0x1401 0x38 0x0 0x190003 0x0 0xffffffffffffffc0 0x0 0x0 0x0 0x0 0x9 0x1 0x0 oops 0 methods 0
ciMethodData com/sun/crypto/provider/GaloisCounterMode expandToOneBlock ([BIII)[B 2 5120 orig 80 0 0 0 0 0 0 0 0 0 0 0 0 60 2 0 0 0 0 0 0 0 0 0 0 0 0 0 0 0 0 0 0 0 0 0 0 0 0 0 0 0 0 0 0 0 0 0 0 0 0 0 0 0 0 0 0 0 0 0 0 0 0 0 0 0 0 0 0 0 0 0 0 0 0 0 0 0 0 0 0 data 58 0x20007 0x1400 0x120 0x0 0xd0002 0x0 0x130005 0x0 0x0 0x0 0x0 0x0 0x0 0x170005 0x0 0x0 0x0 0x0 0x0 0x0 0x1d0005 0x0 0x0 0x0 0x0 0x0 0x0 0x200005 0x0 0x0 0x0 0x0 0x0 0x0 0x230002 0x0 0x290007 0x1400 0x40 0x0 0x2d0007 0x0 0x20 0x0 0x3d0002 0x1400 0x0 0x0 0x0 0x0 0x0 0x0 0x9 0x4 0x0 0x0 0x0 0x0 oops 0 methods 0
ciMethodData com/sun/crypto/provider/GaloisCounterMode$GCMEngine getBufferedLength ()I 2 5852 orig 80 0 0 0 0 0 0 0 0 0 0 0 0 60 2 0 0 0 0 0 0 0 0 0 0 0 0 0 0 0 0 0 0 0 0 0 0 0 0 0 0 0 0 0 0 0 0 0 0 0 0 0 0 0 0 0 0 0 0 0 0 0 0 0 0 0 0 0 0 0 0 0 0 0 0 0 0 0 0 0 0 data 23 0x40007 0x0 0x38 0x16dc 0x80003 0x16dc 0x50 0xf0005 0x0 0x0 0x0 0x0 0x0 0x0 0x0 0x0 0x0 0x0 0x0 0x0 0x9 0x1 0x0 oops 0 methods 0
ciMethodData com/sun/crypto/provider/GaloisCounterMode$DecryptOp doFinal (Ljava/nio/ByteBuffer;Ljava/nio/ByteBuffer;)I 1 961 orig 80 0 0 0 0 0 0 0 0 0 0 0 0 60 2 0 0 0 0 0 0 0 0 0 0 0 0 0 0 0 0 0 0 0 0 0 0 0 0 0 0 0 0 0 0 0 0 0 0 0 0 0 0 0 0 0 0 0 0 0 0 0 0 0 0 0 0 0 0 0 0 0 0 0 0 0 0 0 0 0 0 data 46 0x10005 0x0 0x0 0x23c6f5c0fe8 0x3c1 0x0 0x0 0xb0005 0x3c1 0x0 0x0 0x0 0x0 0x0 0xe0005 0x3c1 0x0 0x0 0x0 0x0 0x0 0x130005 0x0 0x0 0x23c6f5c0fe8 0x3c1 0x0 0x0 0x1d0005 0x3c1 0x0 0x0 0x0 0x0 0x0 0x0 0x0 0x0 0x0 0x0 0x0 0x9 0x3 0x0 0x0 0x0 oops 2 3 java/nio/HeapByteBuffer 24 java/nio/HeapByteBuffer methods 0
ciMethodData com/sun/crypto/provider/GCTR doFinal (Ljava/nio/ByteBuffer;Ljava/nio/ByteBuffer;)I 2 5121 orig 80 0 0 0 0 0 0 0 0 0 0 0 0 60 2 0 0 0 0 0 0 0 0 0 0 0 0 0 0 0 0 0 0 0 0 0 0 0 0 0 0 0 0 0 0 0 0 0 0 0 0 0 0 0 0 0 0 0 0 0 0 0 0 0 0 0 0 0 0 0 0 0 0 0 0 0 0 0 0 0 0 data 170 0x10005 0x1401 0x0 0x0 0x0 0x0 0x0 0x40007 0x0 0x318 0x1401 0x80005 0x1401 0x0 0x0 0x0 0x0 0x0 0xb0007 0x0 0x2c0 0x1401 0x100005 0x1401 0x0 0x0 0x0 0x0 0x0 0x140005 0x1401 0x0 0x0 0x0 0x0 0x0 0x180005 0x1401 0x0 0x0 0x0 0x0 0x0 0x1d0005 0x1401 0x0 0x0 0x0 0x0 0x0 0x210005 0x1401 0x0 0x0 0x0 0x0 0x0 0x250005 0x1401 0x0 0x0 0x0 0x0 0x0 0x290005 0x1401 0x0 0x0 0x0 0x0 0x0 0x2d0005 0x1401 0x0 0x0 0x0 0x0 0x0 0x330005 0x1401 0x0 0x0 0x0 0x0 0x0 0x380005 0x0 0x0 0x23c6f5c0fe8 0x1401 0x0 0x0 0x3e0005 0x1401 0x0 0x0 0x0 0x0 0x0 0x430005 0x0 0x0 0x23c6f5c0fe8 0x1401 0x0 0x0 0x4a0005 0x0 0x0 0x0 0x0 0x0 0x0 0x590005 0x0 0x0 0x0 0x0 0x0 0x0 0x5f0007 0x0 0x138 0x0 0x630005 0x0 0x0 0x0 0x0 0x0 0x0 0x740005 0x0 0x0 0x0 0x0 0x0 0x0 0x7e0007 0x0 0xa8 0x0 0x830005 0x0 0x0 0x0 0x0 0x0 0x0 0x8f0005 0x0 0x0 0x0 0x0 0x0 0x0 0x960003 0x0 0xffffffffffffff70 0x0 0x0 0x0 0x0 0x0 0x0 0x9 0x3 0x0 0x0 0x0 oops 2 88 java/nio/HeapByteBuffer 102 java/nio/HeapByteBuffer methods 0
ciMethodData javax/crypto/spec/GCMParameterSpec init (I[BII)V 2 4219 orig 80 0 0 0 0 0 0 0 0 0 0 0 0 60 2 0 0 0 0 0 0 0 0 0 0 0 0 0 0 0 0 0 0 0 0 0 0 0 0 0 0 0 0 0 0 0 0 0 0 0 0 0 0 0 0 0 0 0 0 0 0 0 0 0 0 0 0 0 0 0 0 0 0 0 0 0 0 0 0 0 0 data 39 0x10007 0x107b 0x30 0x0 0xa0002 0x0 0x140007 0x0 0x80 0x107b 0x190007 0x0 0x60 0x107b 0x1d0007 0x0 0x40 0x107b 0x260007 0x107b 0x30 0x0 0x2f0002 0x0 0x440002 0x107b 0x0 0x0 0x0 0x0 0x0 0x0 0x9 0x5 0x0 0x0 0x0 0x0 0x0 oops 0 methods 0
ciMethodData javax/crypto/Cipher checkOpmode (I)V 2 4219 orig 80 0 0 0 0 0 0 0 0 0 0 0 0 60 2 0 0 0 0 0 0 0 0 0 0 0 0 0 0 0 0 0 0 0 0 0 0 0 0 0 0 0 0 0 0 0 0 0 0 0 0 0 0 0 0 0 0 0 0 0 0 0 0 0 0 0 0 0 0 0 0 0 0 0 0 0 0 0 0 0 0 data 17 0x20007 0x0 0x40 0x107b 0x70007 0x107b 0x30 0x0 0x110002 0x0 0x0 0x0 0x0 0x0 0x9 0x1 0x0 oops 0 methods 0
ciMethodData javax/crypto/Cipher init (ILjava/security/Key;Ljava/security/spec/AlgorithmParameterSpec;Ljava/security/SecureRandom;)V 2 4219 orig 80 0 0 0 0 0 0 0 0 0 0 0 0 60 2 0 0 0 0 0 0 0 0 0 0 0 0 0 0 0 0 0 0 0 0 0 0 0 0 0 0 0 0 0 0 0 0 0 0 0 0 0 0 0 0 0 0 0 0 0 0 0 0 0 0 0 0 0 0 0 0 0 0 0 0 0 0 0 0 0 0 data 65 0x60002 0x107b 0xd0007 0x83a 0xa8 0x841 0x170005 0x841 0x0 0x0 0x0 0x0 0x0 0x230005 0x0 0x0 0x23c68486178 0x841 0x0 0x0 0x260003 0x841 0x50 0x310005 0x83a 0x0 0x0 0x0 0x0 0x0 0x410007 0x0 0xb0 0x107b 0x470007 0x107b 0x90 0x0 0x4e0005 0x0 0x0 0x0 0x0 0x0 0x0 0x510005 0x0 0x0 0x0 0x0 0x0 0x0 0x0 0x0 0x0 0x0 0x0 0x0 0x9 0x5 0x0 0x0 0x0 0x0 0x0 oops 1 16 com/sun/crypto/provider/GaloisCounterMode$AESGCM methods 0
ciMethodData javax/crypto/spec/GCMParameterSpec <init> (I[B)V 2 4219 orig 80 0 0 0 0 0 0 0 0 0 0 0 0 60 2 0 0 0 0 0 0 0 0 0 0 0 0 0 0 0 0 0 0 0 0 0 0 0 0 0 0 0 0 0 0 0 0 0 0 0 0 0 0 0 0 0 0 0 0 0 0 0 0 0 0 0 0 0 0 0 0 0 0 0 0 0 0 0 0 0 0 data 26 0x10002 0x107b 0x50007 0x107b 0x30 0x0 0xe0002 0x0 0x180005 0x107b 0x0 0x0 0x0 0x0 0x0 0x0 0x0 0x0 0x0 0x0 0x0 0x9 0x3 0x0 0x0 0x0 oops 0 methods 0
ciMethodData javax/crypto/Cipher checkCryptoPerm (Ljavax/crypto/CipherSpi;Ljava/security/Key;Ljava/security/spec/AlgorithmParameterSpec;)V 2 5120 orig 80 0 0 0 0 0 0 0 0 0 0 0 0 60 2 0 0 0 0 0 0 0 0 0 0 0 0 0 0 0 0 0 0 0 0 0 0 0 0 0 0 0 0 0 0 0 0 0 0 0 0 0 0 0 0 0 0 0 0 0 0 0 0 0 0 0 0 0 0 0 0 0 0 0 0 0 0 0 0 0 0 data 46 0x70007 0x0 0x20 0x1400 0xf0005 0x0 0x0 0x0 0x0 0x0 0x0 0x120007 0x0 0x30 0x0 0x1c0002 0x0 0x210007 0x0 0x88 0x0 0x280005 0x0 0x0 0x0 0x0 0x0 0x0 0x2b0007 0x0 0x30 0x0 0x350002 0x0 0x0 0x0 0x0 0x0 0x0 0x0 0x9 0x4 0x0 0x0 0x0 0x0 oops 0 methods 0
ciMethodData javax/crypto/Cipher chooseProvider (IILjava/security/Key;Ljava/security/spec/AlgorithmParameterSpec;Ljava/security/AlgorithmParameters;Ljava/security/SecureRandom;)V 2 5120 orig 80 0 0 0 0 0 0 0 0 0 0 0 0 60 2 0 0 0 0 0 0 0 0 0 0 0 0 0 0 0 0 0 0 0 0 0 0 0 0 0 0 0 0 0 0 0 0 0 0 0 0 0 0 0 0 0 0 0 0 0 0 0 0 0 0 0 0 0 0 0 0 0 0 0 0 0 0 0 0 0 0 data 277 0xc0007 0x1400 0x58 0x0 0x1d0005 0x0 0x0 0x0 0x0 0x0 0x0 0x2b0007 0x1400 0x78 0x0 0x320005 0x0 0x0 0x0 0x0 0x0 0x0 0x370007 0x0 0x418 0x0 0x3e0007 0x0 0x38 0x1400 0x570003 0x1400 0x88 0x5e0005 0x0 0x0 0x0 0x0 0x0 0x0 0x630004 0x0 0x0 0x0 0x0 0x0 0x0 0x6e0005 0x0 0x0 0x23c6f38cd10 0x1400 0x0 0x0 0x710007 0x1400 0x38 0x0 0x740003 0x0 0xfffffffffffffe88 0x790005 0x1400 0x0 0x0 0x0 0x0 0x0 0x7c0002 0x1400 0x7f0007 0x1400 0x38 0x0 0x820003 0x0 0xfffffffffffffe08 0x8b0002 0x1400 0x920007 0x1400 0x38 0x0 0x950003 0x0 0xfffffffffffffdc0 0x9c0005 0x0 0x0 0x23c6f38fbc8 0x1400 0x0 0x0 0x9f0007 0x1400 0x38 0x0 0xa20003 0x0 0xfffffffffffffd50 0xa70007 0x0 0x90 0x1400 0xad0005 0x0 0x0 0x23c6f38cd10 0x1400 0x0 0x0 0xb00004 0x0 0x0 0x23c68486178 0x1400 0x0 0x0 0xb90005 0x0 0x0 0x23c6f38fbc8 0x1400 0x0 0x0 0xbd0005 0x1400 0x0 0x0 0x0 0x0 0x0 0xcc0005 0x1400 0x0 0x0 0x0 0x0 0x0 0xd20005 0x1400 0x0 0x0 0x0 0x0 0x0 0xf50007 0x0 0x20 0x0 0xfc0003 0x0 0xfffffffffffffba8 0x1010004 0x0 0x0 0x0 0x0 0x0 0x0 0x1040007 0x0 0x58 0x0 0x1090004 0x0 0x0 0x0 0x0 0x0 0x0 0x10f0004 0x0 0x0 0x0 0x0 0x0 0x0 0x1120007 0x0 0x58 0x0 0x1170004 0x0 0x0 0x0 0x0 0x0 0x0 0x11d0004 0x0 0x0 0x0 0x0 0x0 0x0 0x1200007 0x0 0x58 0x0 0x1250004 0x0 0x0 0x0 0x0 0x0 0x0 0x12a0007 0x0 0xa8 0x0 0x12e0005 0x0 0x0 0x0 0x0 0x0 0x0 0x1330005 0x0 0x0 0x0 0x0 0x0 0x0 0x1360003 0x0 0x18 0x1460002 0x0 0x14c0005 0x0 0x0 0x0 0x0 0x0 0x0 0x1510005 0x0 0x0 0x0 0x0 0x0 0x0 0x1540005 0x0 0x0 0x0 0x0 0x0 0x0 0x1590002 0x0 0x0 0x0 0x0 0x0 0x0 0x0 0x0 0x0 0x0 0x0 0x0 0x0 0x0 0x0 0x0 0x9 0x7 0x0 0x0 0x0 0x0 0x0 0x0 0x0 oops 5 50 java/security/Provider$Service 89 javax/crypto/Cipher$Transform 107 java/security/Provider$Service 114 com/sun/crypto/provider/GaloisCounterMode$AESGCM 121 javax/crypto/Cipher$Transform methods 0
ciMethodData com/sun/crypto/provider/GaloisCounterMode engineInit (ILjava/security/Key;Ljava/security/spec/AlgorithmParameterSpec;Ljava/security/SecureRandom;)V 2 6146 orig 80 0 0 0 0 0 0 0 0 0 0 0 0 60 2 0 0 0 0 0 0 0 0 0 0 0 0 0 0 0 0 0 0 0 0 0 0 0 0 0 0 0 0 0 0 0 0 0 0 0 0 0 0 0 0 0 0 0 0 0 0 0 0 0 0 0 0 0 0 0 0 0 0 0 0 0 0 0 0 0 0 data 73 0xc0007 0x1802 0x58 0x0 0x120002 0x0 0x260002 0x0 0x2b0003 0x0 0x150 0x2f0004 0x0 0x0 0x23c6f5c3f08 0x1802 0x0 0x0 0x320007 0x1802 0x30 0x0 0x3b0002 0x0 0x400004 0x0 0x0 0x23c6f5c3f08 0x1802 0x0 0x0 0x480005 0x0 0x0 0x23c6f5c3f08 0x1802 0x0 0x0 0x520007 0x1802 0x30 0x0 0x5b0002 0x0 0x640007 0x1802 0x30 0x0 0x6d0002 0x0 0x760005 0x0 0x0 0x23c68486178 0x1802 0x0 0x0 0x0 0x0 0x0 0x0 0x0 0x0 0x0 0x0 0x0 0x9 0x5 0x0 0x0 0x0 0x0 0x0 oops 4 14 javax/crypto/spec/GCMParameterSpec 27 javax/crypto/spec/GCMParameterSpec 34 javax/crypto/spec/GCMParameterSpec 53 com/sun/crypto/provider/GaloisCounterMode$AESGCM methods 0
ciMethodData javax/crypto/spec/GCMParameterSpec getIV ()[B 2 6145 orig 80 0 0 0 0 0 0 0 0 0 0 0 0 60 2 0 0 0 0 0 0 0 0 0 0 0 0 0 0 0 0 0 0 0 0 0 0 0 0 0 0 0 0 0 0 0 0 0 0 0 0 0 0 0 0 0 0 0 0 0 0 0 0 0 0 0 0 0 0 0 0 0 0 0 0 0 0 0 0 0 0 data 23 0x40005 0x0 0x0 0x23c6818c5d8 0x1801 0x0 0x0 0x70004 0x0 0x0 0x23c6818c5d8 0x1801 0x0 0x0 0x0 0x0 0x0 0x0 0x0 0x0 0x9 0x1 0x0 oops 2 3 [B 10 [B methods 0
ciMethodData com/sun/crypto/provider/GaloisCounterMode init (ILjava/security/Key;Ljavax/crypto/spec/GCMParameterSpec;)V 2 5122 orig 80 0 0 0 0 0 0 0 0 0 0 0 0 60 2 0 0 0 0 0 0 0 0 0 0 0 0 0 0 0 0 0 0 0 0 0 0 0 0 0 0 0 0 0 0 0 0 0 0 0 0 0 0 0 0 0 0 0 0 0 0 0 0 0 0 0 0 0 0 0 0 0 0 0 0 0 0 0 0 0 0 data 170 0x30007 0x8df 0x40 0xb23 0x80007 0xb23 0x38 0x0 0xc0003 0x8df 0x18 0x140005 0x0 0x0 0x23c6f5c3f08 0x1402 0x0 0x0 0x1d0007 0x0 0x60 0x1402 0x250007 0x0 0x40 0x1402 0x2d0007 0x1402 0x30 0x0 0x360002 0x0 0x430007 0x1402 0x30 0x0 0x4c0002 0x0 0x510005 0x0 0x0 0x23c68437278 0x1402 0x0 0x0 0x5a0007 0x1402 0x30 0x0 0x630002 0x0 0x6c0007 0x1402 0x150 0x0 0x760007 0x0 0x130 0x0 0x7c0002 0x0 0x870002 0x0 0x8c0005 0x0 0x0 0x0 0x0 0x0 0x0 0x930005 0x0 0x0 0x0 0x0 0x0 0x0 0x980005 0x0 0x0 0x0 0x0 0x0 0x0 0x9b0005 0x0 0x0 0x0 0x0 0x0 0x0 0x9e0002 0x0 0xa60007 0xb23 0xd0 0x8df 0xaf0002 0x8df 0xb20007 0x5f6 0x70 0x2e9 0xbd0002 0x2e9 0xc00007 0x2e9 0x40 0x0 0xc60002 0x0 0xcf0002 0x0 0xd70007 0x0 0x30 0x8df 0xdf0002 0x8df 0xfb0005 0x0 0x0 0x23c68437278 0x1402 0x0 0x0 0x1020005 0x0 0x0 0x23c733930a0 0x1402 0x0 0x0 0x1090007 0x8df 0x78 0xb23 0x10f0002 0xb23 0x1120003 0xb23 0x48 0x11b0007 0x0 0x30 0x0 0x1210002 0x0 0x0 0x0 0x0 0x0 0x0 0x0 0x0 0x0 0x0 0x0 0x0 0x0 0x0 0x0 0x0 0x0 0x9 0x4 0x0 0x0 0x0 0x0 oops 4 14 javax/crypto/spec/GCMParameterSpec 41 javax/crypto/spec/SecretKeySpec 122 javax/crypto/spec/SecretKeySpec 129 com/sun/crypto/provider/AESCrypt methods 0
ciMethodData com/sun/crypto/provider/GaloisCounterMode getLengthBlock (II)[B 2 3406 orig 80 0 0 0 0 0 0 0 0 0 0 0 0 60 2 0 0 0 0 0 0 0 0 0 0 0 0 0 0 0 0 0 0 0 0 0 0 0 0 0 0 0 0 0 0 0 0 0 0 0 0 0 0 0 0 0 0 0 0 0 0 0 0 0 0 0 0 0 0 0 0 0 0 0 0 0 0 0 0 0 0 data 30 0x12000b 0xd4e 0x0 0x0 0x0 0x0 0x0 0x2 0x1 0x23c6818c5d8 0x23000b 0xd4e 0x0 0x0 0x0 0x0 0x0 0x2 0x1 0x23c6818c5d8 0x0 0x0 0x0 0x0 0x0 0x0 0x9 0x2 0x0 0x0 oops 2 9 [B 19 [B methods 0
ciMethodData com/sun/crypto/provider/GaloisCounterMode$GCMEngine processAAD ()V 2 3406 orig 80 0 0 0 0 0 0 0 0 0 0 0 0 60 2 0 0 0 0 0 0 0 0 0 0 0 0 0 0 0 0 0 0 0 0 0 0 0 0 0 0 0 0 0 0 0 0 0 0 0 0 0 0 0 0 0 0 0 0 0 0 0 0 0 0 0 0 0 0 0 0 0 0 0 0 0 0 0 0 0 0 data 63 0x40007 0x0 0x1a0 0xd4e 0xb0005 0x0 0x0 0x23c6fc44cc8 0xd4e 0x0 0x0 0xe0007 0x0 0x148 0xd4e 0x150005 0x0 0x0 0x23c6fc44cc8 0xd4e 0x0 0x0 0x280007 0x0 0xb8 0xd4e 0x350005 0xd4e 0x0 0x0 0x0 0x0 0x0 0x430002 0xd4e 0x4c0005 0xd4e 0x0 0x0 0x0 0x0 0x0 0x500003 0xd4e 0x50 0x580005 0x0 0x0 0x0 0x0 0x0 0x0 0x0 0x0 0x0 0x0 0x0 0x0 0x0 0x0 0x9 0x1 0x2c oops 2 7 java/io/ByteArrayOutputStream 18 java/io/ByteArrayOutputStream methods 0
ciMethodData javax/crypto/Cipher updateAAD ([B)V 2 4217 orig 80 0 0 0 0 0 0 0 0 0 0 0 0 60 2 0 0 0 0 0 0 0 0 0 0 0 0 0 0 0 0 0 0 0 0 0 0 0 0 0 0 0 0 0 0 0 0 0 0 0 0 0 0 0 0 0 0 0 0 0 0 0 0 0 0 0 0 0 0 0 0 0 0 0 0 0 0 0 0 0 0 data 23 0x10007 0x1079 0x30 0x0 0xb0002 0x0 0x140005 0x1079 0x0 0x0 0x0 0x0 0x0 0x0 0x0 0x0 0x0 0x0 0x0 0x9 0x2 0x0 0x0 oops 0 methods 0
ciMethodData javax/crypto/Cipher updateAAD ([BII)V 2 4217 orig 80 0 0 0 0 0 0 0 0 0 0 0 0 60 2 0 0 0 0 0 0 0 0 0 0 0 0 0 0 0 0 0 0 0 0 0 0 0 0 0 0 0 0 0 0 0 0 0 0 0 0 0 0 0 0 0 0 0 0 0 0 0 0 0 0 0 0 0 0 0 0 0 0 0 0 0 0 0 0 0 0 data 55 0x10005 0x1079 0x0 0x0 0x0 0x0 0x0 0x50007 0x0 0x80 0x1079 0x90007 0x0 0x60 0x1079 0xd0007 0x0 0x40 0x1079 0x150007 0x1079 0x30 0x0 0x1f0002 0x0 0x240005 0x0 0x0 0x23c6f5c4880 0x1079 0x0 0x0 0x280007 0x1079 0x20 0x0 0x330005 0x0 0x0 0x23c68486178 0x1079 0x0 0x0 0x0 0x0 0x0 0x0 0x0 0x0 0x9 0x4 0x0 0x0 0x0 0x0 oops 2 28 javax/crypto/Cipher 39 com/sun/crypto/provider/GaloisCounterMode$AESGCM methods 0
ciMethodData com/sun/crypto/provider/GaloisCounterMode engineUpdateAAD ([BII)V 2 4217 orig 80 0 0 0 0 0 0 0 0 0 0 0 0 60 2 0 0 0 0 0 0 0 0 0 0 0 0 0 0 0 0 0 0 0 0 0 0 0 0 0 0 0 0 0 0 0 0 0 0 0 0 0 0 0 0 0 0 0 0 0 0 0 0 0 0 0 0 0 0 0 0 0 0 0 0 0 0 0 0 0 0 data 26 0x10005 0x0 0x0 0x23c68486178 0x1079 0x0 0x0 0xb0005 0x0 0x0 0x23c6fc42578 0x73e 0x23c6fc41138 0x93b 0x0 0x0 0x0 0x0 0x0 0x0 0x9 0x4 0x0 0x0 0x0 0x0 oops 3 3 com/sun/crypto/provider/GaloisCounterMode$AESGCM 10 com/sun/crypto/provider/GaloisCounterMode$GCMDecrypt 12 com/sun/crypto/provider/GaloisCounterMode$GCMEncrypt methods 0
ciMethodData com/sun/crypto/provider/GaloisCounterMode$GCMEngine updateAAD ([BII)V 2 4217 orig 80 0 0 0 0 0 0 0 0 0 0 0 0 60 2 0 0 0 0 0 0 0 0 0 0 0 0 0 0 0 0 0 0 0 0 0 0 0 0 0 0 0 0 0 0 0 0 0 0 0 0 0 0 0 0 0 0 0 0 0 0 0 0 0 0 0 0 0 0 0 0 0 0 0 0 0 0 0 0 0 0 data 49 0x70007 0x73e 0x58 0x93b 0xe0005 0x0 0x0 0x23c68486178 0x93b 0x0 0x0 0x150007 0x0 0x98 0x1079 0x1c0007 0x0 0x68 0x1079 0x230007 0x0 0x48 0x1079 0x2c0002 0x1079 0x320003 0x1079 0x28 0x3b0002 0x0 0x460005 0x0 0x0 0x23c6fc44cc8 0x1079 0x0 0x0 0x0 0x0 0x0 0x0 0x0 0x0 0x9 0x4 0x0 0x0 0x0 0x0 oops 2 7 com/sun/crypto/provider/GaloisCounterMode$AESGCM 33 java/io/ByteArrayOutputStream methods 0
ciMethodData javax/crypto/Cipher doFinal (Ljava/nio/ByteBuffer;Ljava/nio/ByteBuffer;)I 2 4216 orig 80 0 0 0 0 0 0 0 0 0 0 0 0 60 2 0 0 0 0 0 0 0 0 0 0 0 0 0 0 0 0 0 0 0 0 0 0 0 0 0 0 0 0 0 0 0 0 0 0 0 0 0 0 0 0 0 0 0 0 0 0 0 0 0 0 0 0 0 0 0 0 0 0 0 0 0 0 0 0 0 0 data 61 0x10005 0x1078 0x0 0x0 0x0 0x0 0x0 0x50007 0x0 0x40 0x1078 0x90007 0x1078 0x30 0x0 0x130002 0x0 0x190007 0x1078 0x30 0x0 0x230002 0x0 0x280005 0x0 0x0 0x23c6f5c0fe8 0x1078 0x0 0x0 0x2b0007 0x1078 0x30 0x0 0x320002 0x0 0x370005 0x0 0x0 0x23c6f5c4880 0x1078 0x0 0x0 0x400005 0x0 0x0 0x23c68486178 0x1078 0x0 0x0 0x0 0x0 0x0 0x0 0x0 0x0 0x9 0x3 0x0 0x0 0x0 oops 3 26 java/nio/HeapByteBuffer 39 javax/crypto/Cipher 46 com/sun/crypto/provider/GaloisCounterMode$AESGCM methods 0
ciMethodData com/sun/crypto/provider/GaloisCounterMode engineDoFinal (Ljava/nio/ByteBuffer;Ljava/nio/ByteBuffer;)I 2 4216 orig 80 0 0 0 0 0 0 0 0 0 0 0 0 60 2 0 0 0 0 0 0 0 0 0 0 0 0 0 0 0 0 0 0 0 0 0 0 0 0 0 0 0 0 0 0 0 0 0 0 0 0 0 0 0 0 0 0 0 0 0 0 0 0 0 0 0 0 0 0 0 0 0 0 0 0 0 0 0 0 0 0 data 25 0x10005 0x0 0x0 0x23c68486178 0x1078 0x0 0x0 0xa0005 0x0 0x0 0x23c6fc42578 0x73d 0x23c6fc41138 0x93b 0x0 0x0 0x0 0x0 0x0 0x0 0x9 0x3 0x0 0x0 0x0 oops 3 3 com/sun/crypto/provider/GaloisCounterMode$AESGCM 10 com/sun/crypto/provider/GaloisCounterMode$GCMDecrypt 12 com/sun/crypto/provider/GaloisCounterMode$GCMEncrypt methods 0
ciMethodData com/sun/crypto/provider/GaloisCounterMode checkReInit ()V 2 4726 orig 80 0 0 0 0 0 0 0 0 0 0 0 0 60 2 0 0 0 0 0 0 0 0 0 0 0 0 0 0 0 0 0 0 0 0 0 0 0 0 0 0 0 0 0 0 0 0 0 0 0 0 0 0 0 0 0 0 0 0 0 0 0 0 0 0 0 0 0 0 0 0 0 0 0 0 0 0 0 0 0 0 data 13 0x40007 0x1276 0x30 0x0 0xe0002 0x0 0x0 0x0 0x0 0x0 0x9 0x1 0x0 oops 0 methods 0
ciMethodData com/sun/crypto/provider/GaloisCounterMode$GCMEngine overlapDetection (Ljava/nio/ByteBuffer;Ljava/nio/ByteBuffer;)Ljava/nio/ByteBuffer; 2 3404 orig 80 0 0 0 0 0 0 0 0 0 0 0 0 60 2 0 0 0 0 0 0 0 0 0 0 0 0 0 0 0 0 0 0 0 0 0 0 0 0 0 0 0 0 0 0 0 0 0 0 0 0 0 0 0 0 0 0 0 0 0 0 0 0 0 0 0 0 0 0 0 0 0 0 0 0 0 0 0 0 0 0 data 360 0x10005 0x0 0x0 0x23c6f5c0fe8 0xd4c 0x0 0x0 0x40007 0xd4c 0x610 0x0 0x80005 0x0 0x0 0x0 0x0 0x0 0x0 0xb0007 0x0 0x5b8 0x0 0xf0004 0x0 0x0 0x0 0x0 0x0 0x0 0x140004 0x0 0x0 0x0 0x0 0x0 0x0 0x1a0005 0x0 0x0 0x0 0x0 0x0 0x0 0x230005 0x0 0x0 0x0 0x0 0x0 0x0 0x2b0005 0x0 0x0 0x0 0x0 0x0 0x0 0x300007 0x0 0x150 0x0 0x340005 0x0 0x0 0x0 0x0 0x0 0x0 0x390004 0x0 0x0 0x0 0x0 0x0 0x0 0x3c0005 0x0 0x0 0x0 0x0 0x0 0x0 0x440005 0x0 0x0 0x0 0x0 0x0 0x0 0x490004 0x0 0x0 0x0 0x0 0x0 0x0 0x4d0003 0x0 0xfffffffffffffe90 0x520005 0x0 0x0 0x0 0x0 0x0 0x0 0x570007 0x0 0x150 0x0 0x5c0005 0x0 0x0 0x0 0x0 0x0 0x0 0x610004 0x0 0x0 0x0 0x0 0x0 0x0 0x640005 0x0 0x0 0x0 0x0 0x0 0x0 0x6d0005 0x0 0x0 0x0 0x0 0x0 0x0 0x720004 0x0 0x0 0x0 0x0 0x0 0x0 0x770003 0x0 0xfffffffffffffe90 0x7f0007 0x0 0x20 0x0 0x850004 0x0 0x0 0x0 0x0 0x0 0x0 0x880005 0x0 0x0 0x0 0x0 0x0 0x0 0x910005 0x0 0x0 0x0 0x0 0x0 0x0 0x970004 0x0 0x0 0x0 0x0 0x0 0x0 0x9a0005 0x0 0x0 0x0 0x0 0x0 0x0 0xa30005 0x0 0x0 0x0 0x0 0x0 0x0 0xa90007 0x0 0x20 0x0 0xae0003 0x0 0x2e8 0xb20005 0x0 0x0 0x23c6f5c0fe8 0xd4c 0x0 0x0 0xb50007 0x0 0x298 0xd4c 0xb90005 0x0 0x0 0x23c6f5c0fe8 0xd4c 0x0 0x0 0xbc0007 0x0 0x240 0xd4c 0xc00005 0x0 0x0 0x23c6f5c0fe8 0xd4c 0x0 0x0 0xc30007 0x0 0x1e8 0xd4c 0xc70005 0xd4c 0x0 0x0 0x0 0x0 0x0 0xcb0005 0xd4c 0x0 0x0 0x0 0x0 0x0 0xce0007 0xd4c 0x20 0x0 0xd40005 0xd4c 0x0 0x0 0x0 0x0 0x0 0xd80005 0xd4c 0x0 0x0 0x0 0x0 0x0 0xdd0005 0xd4c 0x0 0x0 0x0 0x0 0x0 0xe10005 0xd4c 0x0 0x0 0x0 0x0 0x0 0xe50007 0x0 0x58 0xd4c 0xf00007 0x93b 0x38 0x411 0xf40003 0x411 0x18 0x1000005 0x0 0x0 0x0 0x0 0x0 0x0 0x1050005 0x0 0x0 0x0 0x0 0x0 0x0 0x1080002 0x0 0x10f0005 0x0 0x0 0x0 0x0 0x0 0x0 0x1120005 0x0 0x0 0x0 0x0 0x0 0x0 0x1180005 0x0 0x0 0x0 0x0 0x0 0x0 0x11b0005 0x0 0x0 0x0 0x0 0x0 0x0 0x1220005 0x0 0x0 0x0 0x0 0x0 0x0 0x1280005 0x0 0x0 0x0 0x0 0x0 0x0 0x0 0x0 0x0 0x0 0x0 0x0 0x9 0x3 0x0 0x0 0x0 oops 4 3 java/nio/HeapByteBuffer 204 java/nio/HeapByteBuffer 215 java/nio/HeapByteBuffer 226 java/nio/HeapByteBuffer methods 0
ciMethodData com/sun/crypto/provider/GaloisCounterMode$GCMEngine doLastBlock (Lcom/sun/crypto/provider/GaloisCounterMode$GCMOperation;Ljava/nio/ByteBuffer;Ljava/nio/ByteBuffer;Ljava/nio/ByteBuffer;)I 2 3404 orig 80 0 0 0 0 0 0 0 0 0 0 0 0 60 2 0 0 0 0 0 0 0 0 0 0 0 0 0 0 0 0 0 0 0 0 0 0 0 0 0 0 0 0 0 0 0 0 0 0 0 0 0 0 0 0 0 0 0 0 0 0 0 0 0 0 0 0 0 0 0 0 0 0 0 0 0 0 0 0 0 0 data 148 0x40007 0xd4c 0x70 0x0 0x80005 0x0 0x0 0x0 0x0 0x0 0x0 0xb0003 0x0 0x18 0x130007 0xd4c 0x300 0x0 0x1b0007 0x0 0x58 0x0 0x220005 0x0 0x0 0x0 0x0 0x0 0x0 0x340007 0x0 0x58 0x0 0x3b0005 0x0 0x0 0x0 0x0 0x0 0x0 0x520007 0x0 0x230 0x0 0x5e0005 0x0 0x0 0x0 0x0 0x0 0x0 0x690005 0x0 0x0 0x0 0x0 0x0 0x0 0x6e0005 0x0 0x0 0x0 0x0 0x0 0x0 0x780002 0x0 0x7f0007 0x0 0x58 0x0 0x890005 0x0 0x0 0x0 0x0 0x0 0x0 0x9a0007 0x0 0x70 0x0 0xa90005 0x0 0x0 0x0 0x0 0x0 0x0 0xb10003 0x0 0xa8 0xbf0005 0x0 0x0 0x0 0x0 0x0 0x0 0xc90007 0x0 0x58 0x0 0xd30005 0x0 0x0 0x0 0x0 0x0 0x0 0xdb0005 0xd4c 0x0 0x0 0x0 0x0 0x0 0xe10007 0xd4c 0x58 0x0 0xea0005 0x0 0x0 0x0 0x0 0x0 0x0 0xf60005 0x0 0x0 0x23c7072f540 0x411 0x23c6ff2ae60 0x93b 0x0 0x0 0x0 0x0 0x0 0x0 0x9 0x5 0x0 0x0 0x0 0x0 0x0 oops 2 131 com/sun/crypto/provider/GaloisCounterMode$DecryptOp 133 com/sun/crypto/provider/GaloisCounterMode$EncryptOp methods 0
ciMethodData com/sun/crypto/provider/GHASH doFinal (Ljava/nio/ByteBuffer;I)I 2 5124 orig 80 0 0 0 0 0 0 0 0 0 0 0 0 60 2 0 0 0 0 0 0 0 0 0 0 0 0 0 0 0 0 0 0 0 0 0 0 0 0 0 0 0 0 0 0 0 0 0 0 0 0 0 0 0 0 0 0 0 0 0 0 0 0 0 0 0 0 0 0 0 0 0 0 0 0 0 0 0 0 0 0 data 40 0x50007 0x200 0x58 0x1204 0xb0005 0x1204 0x0 0x0 0x0 0x0 0x0 0x110007 0x1404 0x20 0x0 0x230005 0x0 0x0 0x23c6f5c0fe8 0x1404 0x0 0x0 0x2d0005 0x1404 0x0 0x0 0x0 0x0 0x0 0x0 0x0 0x0 0x0 0x0 0x0 0x9 0x3 0x0 0xffffffffffffffff 0x0 oops 1 18 java/nio/HeapByteBuffer methods 0
ciMethodData com/sun/crypto/provider/GHASH update (Ljava/nio/ByteBuffer;I)I 2 4612 orig 80 0 0 0 0 0 0 0 0 0 0 0 0 60 2 0 0 0 0 0 0 0 0 0 0 0 0 0 0 0 0 0 0 0 0 0 0 0 0 0 0 0 0 0 0 0 0 0 0 0 0 0 0 0 0 0 0 0 0 0 0 0 0 0 0 0 0 0 0 0 0 0 0 0 0 0 0 0 0 0 0 data 123 0x80007 0x1204 0x20 0x0 0xe0005 0x0 0x0 0x23c6f5c0fe8 0x1204 0x0 0x0 0x110007 0x1204 0x58 0x0 0x190005 0x0 0x0 0x0 0x0 0x0 0x0 0x1f0005 0x0 0x0 0x23c6f5c0fe8 0x1204 0x0 0x0 0x220007 0x0 0x170 0x1204 0x270005 0x1204 0x0 0x0 0x0 0x0 0x0 0x2b0005 0x1204 0x0 0x0 0x0 0x0 0x0 0x2f0005 0x1204 0x0 0x0 0x0 0x0 0x0 0x340005 0x1204 0x0 0x0 0x0 0x0 0x0 0x3a0005 0x1204 0x0 0x0 0x0 0x0 0x0 0x3f0005 0x0 0x0 0x23c6f5c0fe8 0x1204 0x0 0x0 0x4b0002 0x0 0x560007 0x0 0xa8 0x0 0x600005 0x0 0x0 0x0 0x0 0x0 0x0 0x6b0005 0x0 0x0 0x0 0x0 0x0 0x0 0x750003 0x0 0xffffffffffffff70 0x7d0005 0x0 0x0 0x0 0x0 0x0 0x0 0x860005 0x0 0x0 0x0 0x0 0x0 0x0 0x0 0x0 0x0 0x0 0x0 0x0 0x9 0x3 0x0 0xffffffffffffffff 0x0 oops 3 7 java/nio/HeapByteBuffer 25 java/nio/HeapByteBuffer 71 java/nio/HeapByteBuffer methods 0
ciMethodData com/sun/crypto/provider/GaloisCounterMode$GCMDecrypt doFinal (Ljava/nio/ByteBuffer;Ljava/nio/ByteBuffer;)I 2 1025 orig 80 0 0 0 0 0 0 0 0 0 0 0 0 60 2 0 0 0 0 0 0 0 0 0 0 0 0 0 0 0 0 0 0 0 0 0 0 0 0 0 0 0 0 0 0 0 0 0 0 0 0 0 0 0 0 0 0 0 0 0 0 0 0 0 0 0 0 0 0 0 0 0 0 0 0 0 0 0 0 0 0 data 508 0x10005 0x0 0x0 0x23c6f5c0fe8 0x401 0x0 0x0 0xb0005 0x401 0x0 0x0 0x0 0x0 0x0 0x190005 0x0 0x0 0x23c6fc42578 0x401 0x0 0x0 0x1c0007 0x401 0xa0 0x0 0x230005 0x0 0x0 0x0 0x0 0x0 0x0 0x260002 0x0 0x2f0005 0x0 0x0 0x0 0x0 0x0 0x0 0x370007 0x401 0x120 0x0 0x420002 0x0 0x470005 0x0 0x0 0x0 0x0 0x0 0x0 0x510005 0x0 0x0 0x0 0x0 0x0 0x0 0x560005 0x0 0x0 0x0 0x0 0x0 0x0 0x590005 0x0 0x0 0x0 0x0 0x0 0x0 0x5c0002 0x0 0x690005 0x401 0x0 0x0 0x0 0x0 0x0 0x6f0005 0x401 0x0 0x0 0x0 0x0 0x0 0x720007 0x401 0x120 0x0 0x7d0002 0x0 0x820005 0x0 0x0 0x0 0x0 0x0 0x0 0x870005 0x0 0x0 0x0 0x0 0x0 0x0 0x8c0005 0x0 0x0 0x0 0x0 0x0 0x0 0x8f0005 0x0 0x0 0x0 0x0 0x0 0x0 0x920002 0x0 0x980005 0x401 0x0 0x0 0x0 0x0 0x0 0xa20007 0x0 0x150 0x401 0xa60005 0x0 0x0 0x23c6f5c0fe8 0x401 0x0 0x0 0xad0005 0x401 0x0 0x0 0x0 0x0 0x0 0xb80005 0x0 0x0 0x23c6f5c0fe8 0x401 0x0 0x0 0xc00005 0x401 0x0 0x0 0x0 0x0 0x0 0xcb0005 0x0 0x0 0x23c6f5c0fe8 0x401 0x0 0x0 0xcf0003 0x401 0x358 0xd40007 0x0 0x240 0x0 0xde0002 0x0 0xe40005 0x0 0x0 0x0 0x0 0x0 0x0 0xf00005 0x0 0x0 0x0 0x0 0x0 0x0 0xf90005 0x0 0x0 0x0 0x0 0x0 0x0 0x1010005 0x0 0x0 0x0 0x0 0x0 0x0 0x1080005 0x0 0x0 0x0 0x0 0x0 0x0 0x10e0005 0x0 0x0 0x0 0x0 0x0 0x0 0x1160005 0x0 0x0 0x0 0x0 0x0 0x0 0x11d0005 0x0 0x0 0x0 0x0 0x0 0x0 0x1220005 0x0 0x0 0x0 0x0 0x0 0x0 0x1260003 0x0 0x118 0x1310002 0x0 0x1360005 0x0 0x0 0x0 0x0 0x0 0x0 0x1400005 0x0 0x0 0x0 0x0 0x0 0x0 0x1450005 0x0 0x0 0x0 0x0 0x0 0x0 0x1480005 0x0 0x0 0x0 0x0 0x0 0x0 0x14b0002 0x0 0x1520005 0x0 0x0 0x23c6fc42578 0x401 0x0 0x0 0x1570005 0x0 0x0 0x23c6f5c0fe8 0x401 0x0 0x0 0x15c0005 0x0 0x0 0x23c6fc42578 0x401 0x0 0x0 0x16c0002 0x401 0x1740005 0x0 0x0 0x23c6fc42578 0x401 0x0 0x0 0x17f0002 0x401 0x18a0005 0x401 0x0 0x0 0x0 0x0 0x0 0x1920005 0x401 0x0 0x0 0x0 0x0 0x0 0x1a60002 0x401 0x1b60005 0x401 0x0 0x0 0x0 0x0 0x0 0x1c90007 0x401 0x70 0x4010 0x1cf0005 0x0 0x0 0x23c6f5c0fe8 0x4010 0x0 0x0 0x1de0003 0x4010 0xffffffffffffffa8 0x1e30007 0x401 0x360 0x0 0x1e70005 0x0 0x0 0x0 0x0 0x0 0x0 0x1ef0007 0x0 0x2f8 0x0 0x1f30005 0x0 0x0 0x0 0x0 0x0 0x0 0x1f60007 0x0 0xf0 0x0 0x1fa0005 0x0 0x0 0x0 0x0 0x0 0x0 0x1fe0005 0x0 0x0 0x0 0x0 0x0 0x0 0x2050005 0x0 0x0 0x0 0x0 0x0 0x0 0x2100002 0x0 0x2130003 0x0 0x1c8 0x21a0005 0x0 0x0 0x0 0x0 0x0 0x0 0x21f0002 0x0 0x2230004 0x0 0x0 0x0 0x0 0x0 0x0 0x2260005 0x0 0x0 0x0 0x0 0x0 0x0 0x22e0005 0x0 0x0 0x0 0x0 0x0 0x0 0x2340005 0x0 0x0 0x0 0x0 0x0 0x0 0x23b0005 0x0 0x0 0x0 0x0 0x0 0x0 0x2400003 0x0 0x50 0x2490005 0x0 0x0 0x0 0x0 0x0 0x0 0x2570002 0x0 0x25d0005 0x401 0x0 0x0 0x0 0x0 0x0 0x2600005 0x0 0x0 0x23c6f5c0fe8 0x401 0x0 0x0 0x26e0005 0x0 0x0 0x23c6fc42578 0x401 0x0 0x0 0x0 0x0 0x0 0x0 0x0 0x0 0x0 0x0 0x0 0x0 0x0 0x0 0x0 0x0 0x0 0x0 0x0 0x0 0x0 0x0 0x0 0x0 0x0 0x0 0x0 0x9 0x3 0x0 0x0 0x0 oops 12 3 java/nio/HeapByteBuffer 17 com/sun/crypto/provider/GaloisCounterMode$GCMDecrypt 141 java/nio/HeapByteBuffer 155 java/nio/HeapByteBuffer 169 java/nio/HeapByteBuffer 283 com/sun/crypto/provider/GaloisCounterMode$GCMDecrypt 290 java/nio/HeapByteBuffer 297 com/sun/crypto/provider/GaloisCounterMode$GCMDecrypt 306 com/sun/crypto/provider/GaloisCounterMode$GCMDecrypt 342 java/nio/HeapByteBuffer 467 java/nio/HeapByteBuffer 474 com/sun/crypto/provider/GaloisCounterMode$GCMDecrypt methods 0
ciMethodData com/sun/crypto/provider/GHASH digest ()[B 2 3381 orig 80 0 0 0 0 0 0 0 0 0 0 0 0 60 2 0 0 0 0 0 0 0 0 0 0 0 0 0 0 0 0 0 0 0 0 0 0 0 0 0 0 0 0 0 0 0 0 0 0 0 0 0 0 0 0 0 0 0 0 0 0 0 0 0 0 0 0 0 0 0 0 0 0 0 0 0 0 0 0 0 0 data 29 0x10000b 0xd35 0x0 0x0 0x0 0x0 0x0 0x2 0x1 0x23c6818c5d8 0x1f000b 0xd35 0x0 0x0 0x0 0x0 0x0 0x2 0x1 0x23c6818c5d8 0x0 0x0 0x0 0x0 0x0 0x0 0x9 0x1 0x0 oops 2 9 [B 19 [B methods 0
ciMethodData com/sun/crypto/provider/GaloisCounterMode$GCMEngine restoreDst (Ljava/nio/ByteBuffer;)V 2 3381 orig 80 0 0 0 0 0 0 0 0 0 0 0 0 60 2 0 0 0 0 0 0 0 0 0 0 0 0 0 0 0 0 0 0 0 0 0 0 0 0 0 0 0 0 0 0 0 0 0 0 0 0 0 0 0 0 0 0 0 0 0 0 0 0 0 0 0 0 0 0 0 0 0 0 0 0 0 0 0 0 0 0 data 28 0x40007 0x0 0x20 0xd35 0x90005 0x0 0x0 0x0 0x0 0x0 0x0 0x120005 0x0 0x0 0x0 0x0 0x0 0x0 0x0 0x0 0x0 0x0 0x0 0x0 0x9 0x2 0x40 0xffffffffffffffff oops 0 methods 0
ciMethodData sun/security/ssl/Authenticator$TLS13Authenticator acquireAuthenticationBytes (BI[B)[B 2 4192 orig 80 0 0 0 0 0 0 0 0 0 0 0 0 60 2 0 0 0 0 0 0 0 0 0 0 0 0 0 0 0 0 0 0 0 0 0 0 0 0 0 0 0 0 0 0 0 0 0 0 0 0 0 0 0 0 0 0 0 0 0 0 0 0 0 0 0 0 0 0 0 0 0 0 0 0 0 0 0 0 0 0 data 21 0x80002 0x1060 0xe0005 0x1060 0x0 0x0 0x0 0x0 0x0 0x0 0x0 0x0 0x0 0x0 0x0 0x9 0x4 0x0 0x0 0x0 0x0 oops 0 methods 0
ciMethodData javax/crypto/Cipher getOutputSize (I)I 2 2188 orig 80 0 0 0 0 0 0 0 0 0 0 0 0 60 2 0 0 0 0 0 0 0 0 0 0 0 0 0 0 0 0 0 0 0 0 0 0 0 0 0 0 0 0 0 0 0 0 0 0 0 0 0 0 0 0 0 0 0 0 0 0 0 0 0 0 0 0 0 0 0 0 0 0 0 0 0 0 0 0 0 0 data 47 0x40007 0x88c 0x88 0x0 0x80004 0x0 0x0 0x0 0x0 0x0 0x0 0xb0007 0x0 0x30 0x0 0x150002 0x0 0x1a0007 0x88c 0x30 0x0 0x240002 0x0 0x290005 0x0 0x0 0x23c6f5c4880 0x88c 0x0 0x0 0x310005 0x0 0x0 0x23c68486178 0x88c 0x0 0x0 0x0 0x0 0x0 0x0 0x0 0x0 0x9 0x2 0x0 0x0 oops 2 26 javax/crypto/Cipher 33 com/sun/crypto/provider/GaloisCounterMode$AESGCM methods 0
ciMethodData com/sun/crypto/provider/GaloisCounterMode$GCMEncrypt checkDataLength ([I)V 2 2188 orig 80 0 0 0 0 0 0 0 0 0 0 0 0 60 2 0 0 0 0 0 0 0 0 0 0 0 0 0 0 0 0 0 0 0 0 0 0 0 0 0 0 0 0 0 0 0 0 0 0 0 0 0 0 0 0 0 0 0 0 0 0 0 0 0 0 0 0 0 0 0 0 0 0 0 0 0 0 0 0 0 0 data 25 0x100007 0x88c 0x78 0x1118 0x1c0002 0x1118 0x250007 0x1118 0x30 0x0 0x2e0002 0x0 0x350003 0x1118 0xffffffffffffffa0 0x0 0x0 0x0 0x0 0x0 0x0 0x9 0x2 0x0 0x0 oops 0 methods 0
ciMethodData com/sun/crypto/provider/GaloisCounterMode engineGetOutputSize (I)I 2 2187 orig 80 0 0 0 0 0 0 0 0 0 0 0 0 60 2 0 0 0 0 0 0 0 0 0 0 0 0 0 0 0 0 0 0 0 0 0 0 0 0 0 0 0 0 0 0 0 0 0 0 0 0 0 0 0 0 0 0 0 0 0 0 0 0 0 0 0 0 0 0 0 0 0 0 0 0 0 0 0 0 0 0 data 24 0x10005 0x0 0x0 0x23c68486178 0x88b 0x0 0x0 0xa0005 0x0 0x0 0x23c6fc41138 0x88b 0x0 0x0 0x0 0x0 0x0 0x0 0x0 0x0 0x9 0x2 0x0 0x0 oops 2 3 com/sun/crypto/provider/GaloisCounterMode$AESGCM 10 com/sun/crypto/provider/GaloisCounterMode$GCMEncrypt methods 0
ciMethodData com/sun/crypto/provider/GaloisCounterMode$GCMEncrypt getOutputSize (IZ)I 2 2187 orig 80 0 0 0 0 0 0 0 0 0 0 0 0 60 2 0 0 0 0 0 0 0 0 0 0 0 0 0 0 0 0 0 0 0 0 0 0 0 0 0 0 0 0 0 0 0 0 0 0 0 0 0 0 0 0 0 0 0 0 0 0 0 0 0 0 0 0 0 0 0 0 0 0 0 0 0 0 0 0 0 0 data 29 0x10005 0x0 0x0 0x23c6fc41138 0x88b 0x0 0x0 0x60007 0x0 0x20 0x88b 0x220005 0x0 0x0 0x0 0x0 0x0 0x0 0x0 0x0 0x0 0x0 0x0 0x0 0x9 0x3 0x0 0x0 0x0 oops 1 3 com/sun/crypto/provider/GaloisCounterMode$GCMEncrypt methods 0
ciMethodData com/sun/crypto/provider/GaloisCounterMode$GCMEncrypt doFinal (Ljava/nio/ByteBuffer;Ljava/nio/ByteBuffer;)I 2 2187 orig 80 0 0 0 0 0 0 0 0 0 0 0 0 60 2 0 0 0 0 0 0 0 0 0 0 0 0 0 0 0 0 0 0 0 0 0 0 0 0 0 0 0 0 0 0 0 0 0 0 0 0 0 0 0 0 0 0 0 0 0 0 0 0 0 0 0 0 0 0 0 0 0 0 0 0 0 0 0 0 0 0 data 198 0x40005 0x0 0x0 0x23c68486178 0x88b 0x0 0x0 0xa0005 0x0 0x0 0x23c6fc41138 0x88b 0x0 0x0 0xf0005 0x88b 0x0 0x0 0x0 0x0 0x0 0x130005 0x0 0x0 0x23c6fc41138 0x88b 0x0 0x0 0x2a0005 0x88b 0x0 0x0 0x0 0x0 0x0 0x2e0005 0x88b 0x0 0x0 0x0 0x0 0x0 0x3a0007 0x88b 0x120 0x0 0x450002 0x0 0x4a0005 0x0 0x0 0x0 0x0 0x0 0x0 0x560005 0x0 0x0 0x0 0x0 0x0 0x0 0x5b0005 0x0 0x0 0x0 0x0 0x0 0x0 0x5e0005 0x0 0x0 0x0 0x0 0x0 0x0 0x610002 0x0 0x660005 0x0 0x0 0x23c6fc41138 0x88b 0x0 0x0 0x6a0007 0x0 0x130 0x88b 0x7b0007 0x88b 0x78 0x0 0x820005 0x0 0x0 0x0 0x0 0x0 0x0 0x850007 0x0 0x38 0x0 0x890003 0x88b 0x60 0x900005 0x0 0x0 0x0 0x0 0x0 0x0 0x930002 0x0 0x980005 0x0 0x0 0x23c6fc41138 0x88b 0x0 0x0 0xa30007 0x88b 0x58 0x0 0xaa0005 0x0 0x0 0x0 0x0 0x0 0x0 0xb50002 0x88b 0xc00005 0x88b 0x0 0x0 0x0 0x0 0x0 0xc80005 0x88b 0x0 0x0 0x0 0x0 0x0 0xdc0002 0x88b 0xec0005 0x88b 0x0 0x0 0x0 0x0 0x0 0xfb0005 0x0 0x0 0x23c6f5c0fe8 0x88b 0x0 0x0 0x1010005 0x0 0x0 0x23c6fc41138 0x88b 0x0 0x0 0x0 0x0 0x0 0x0 0x0 0x0 0x0 0x0 0x0 0x0 0x0 0x0 0x0 0x0 0x0 0x0 0x0 0x0 0x0 0x0 0x9 0x3 0x0 0x0 0x0 oops 7 3 com/sun/crypto/provider/GaloisCounterMode$AESGCM 10 com/sun/crypto/provider/GaloisCounterMode$GCMEncrypt 24 com/sun/crypto/provider/GaloisCounterMode$GCMEncrypt 81 com/sun/crypto/provider/GaloisCounterMode$GCMEncrypt 119 com/sun/crypto/provider/GaloisCounterMode$GCMEncrypt 162 java/nio/HeapByteBuffer 169 com/sun/crypto/provider/GaloisCounterMode$GCMEncrypt methods 0
ciMethodData com/sun/crypto/provider/GaloisCounterMode$EncryptOp doFinal (Ljava/nio/ByteBuffer;Ljava/nio/ByteBuffer;)I 2 2187 orig 80 0 0 0 0 0 0 0 0 0 0 0 0 60 2 0 0 0 0 0 0 0 0 0 0 0 0 0 0 0 0 0 0 0 0 0 0 0 0 0 0 0 0 0 0 0 0 0 0 0 0 0 0 0 0 0 0 0 0 0 0 0 0 0 0 0 0 0 0 0 0 0 0 0 0 0 0 0 0 0 0 data 39 0x10005 0x0 0x0 0x23c6f5c0fe8 0x88b 0x0 0x0 0xb0005 0x88b 0x0 0x0 0x0 0x0 0x0 0x100005 0x0 0x0 0x23c6f5c0fe8 0x88b 0x0 0x0 0x1a0005 0x88b 0x0 0x0 0x0 0x0 0x0 0x0 0x0 0x0 0x0 0x0 0x0 0x9 0x3 0x0 0x0 0x0 oops 2 3 java/nio/HeapByteBuffer 17 java/nio/HeapByteBuffer methods 0
ciMethodData sun/security/ssl/SSLCipher$T13GcmWriteCipherGenerator$GcmWriteCipher encrypt (BLjava/nio/ByteBuffer;)I 2 2176 orig 80 1 0 0 0 0 0 0 0 0 0 0 0 60 2 0 0 0 0 0 0 0 0 0 0 0 0 0 0 0 0 0 0 0 0 0 0 0 0 0 0 0 0 0 0 0 0 0 0 0 0 0 0 0 0 0 0 0 0 0 0 0 0 0 0 0 0 0 0 0 0 0 0 0 0 0 0 0 0 0 0 data 244 0x40005 0x880 0x0 0x0 0x0 0x0 0x0 0xc0005 0x0 0x0 0x23c6818c5d8 0x880 0x0 0x0 0xf0004 0x0 0x0 0x23c6818c5d8 0x880 0x0 0x0 0x230007 0x880 0x38 0x4400 0x390003 0x4400 0xffffffffffffffe0 0x490002 0x880 0x5d0005 0x880 0x0 0x0 0x0 0x0 0x0 0x600003 0x880 0x28 0x6d0002 0x0 0x760005 0x880 0x0 0x0 0x0 0x0 0x0 0x790005 0x880 0x0 0x0 0x0 0x0 0x0 0x860005 0x0 0x0 0x23c6f5c0f38 0x880 0x0 0x0 0x910005 0x880 0x0 0x0 0x0 0x0 0x0 0x950005 0x880 0x0 0x0 0x0 0x0 0x0 0x9d0007 0x880 0xd0 0x0 0xa20002 0x0 0xa50007 0x0 0xa0 0x0 0xb10005 0x0 0x0 0x0 0x0 0x0 0x0 0xb40004 0x0 0x0 0x0 0x0 0x0 0x0 0xb50002 0x0 0xb90005 0x0 0x0 0x23c6f5c0fe8 0x880 0x0 0x0 0xc10005 0x880 0x0 0x0 0x0 0x0 0x0 0xc40007 0x0 0x58 0x880 0xcd0005 0x0 0x0 0x23c6f5c0fe8 0x880 0x0 0x0 0xd80005 0x880 0x0 0x0 0x0 0x0 0x0 0xdd0003 0x880 0x150 0xea0002 0x0 0xef0005 0x0 0x0 0x0 0x0 0x0 0x0 0xf60005 0x0 0x0 0x0 0x0 0x0 0x0 0xf90005 0x0 0x0 0x0 0x0 0x0 0x0 0xfc0005 0x0 0x0 0x0 0x0 0x0 0x0 0xff0005 0x0 0x0 0x0 0x0 0x0 0x0 0x1040002 0x0 0x10c0007 0x880 0x158 0x0 0x1170002 0x0 0x11c0005 0x0 0x0 0x0 0x0 0x0 0x0 0x1230005 0x0 0x0 0x0 0x0 0x0 0x0 0x1260005 0x0 0x0 0x0 0x0 0x0 0x0 0x1290005 0x0 0x0 0x0 0x0 0x0 0x0 0x12c0005 0x0 0x0 0x0 0x0 0x0 0x0 0x12f0002 0x0 0x1370007 0x0 0x20 0x880 0x0 0x0 0x0 0x0 0x0 0x0 0x0 0x0 0x0 0x0 0x0 0x0 0x0 0x0 0x0 0x9 0x3 0x0 0x0 0x0 oops 5 10 [B 17 [B 59 sun/security/ssl/Authenticator$TLS13Authenticator 106 java/nio/HeapByteBuffer 124 java/nio/HeapByteBuffer methods 0
compile sun/security/ssl/SSLCipher$T13GcmWriteCipherGenerator$GcmWriteCipher encrypt (BLjava/nio/ByteBuffer;)I -1 4 inline 187 0 -1 0 sun/security/ssl/SSLCipher$T13GcmWriteCipherGenerator$GcmWriteCipher encrypt (BLjava/nio/ByteBuffer;)I 1 4 0 sun/security/ssl/Authenticator sequenceNumber ()[B 2 6 0 java/util/Arrays copyOf ([BI)[B 1 73 0 javax/crypto/spec/GCMParameterSpec <init> (I[B)V 2 1 0 java/lang/Object <init> ()V 2 24 0 javax/crypto/spec/GCMParameterSpec init (I[BII)V 1 93 0 javax/crypto/Cipher init (ILjava/security/Key;Ljava/security/spec/AlgorithmParameterSpec;Ljava/security/SecureRandom;)V 2 6 0 javax/crypto/Cipher checkOpmode (I)V 2 23 0 javax/crypto/Cipher checkCryptoPerm (Ljavax/crypto/CipherSpi;Ljava/security/Key;Ljava/security/spec/AlgorithmParameterSpec;)V 2 35 0 com/sun/crypto/provider/GaloisCounterMode engineInit (ILjava/security/Key;Ljava/security/spec/AlgorithmParameterSpec;Ljava/security/SecureRandom;)V 3 72 0 javax/crypto/spec/GCMParameterSpec getIV ()[B 1 118 0 java/nio/Buffer remaining ()I 1 121 0 javax/crypto/Cipher getOutputSize (I)I 2 41 0 javax/crypto/Cipher chooseFirstProvider ()V 2 49 0 com/sun/crypto/provider/GaloisCounterMode engineGetOutputSize (I)I 3 10 0 com/sun/crypto/provider/GaloisCounterMode$GCMEncrypt getOutputSize (IZ)I 4 1 0 com/sun/crypto/provider/GaloisCounterMode$GCMEngine getBufferedLength ()I 1 134 0 sun/security/ssl/Authenticator$TLS13Authenticator acquireAuthenticationBytes (BI[B)[B 2 8 0 java/util/Arrays copyOfRange ([BII)[B 3 13 0 java/util/Arrays copyOfRangeByte ([BII)[B 4 2 0 java/util/Arrays checkLength (II)V 2 14 0 sun/security/ssl/Authenticator increaseSequenceNumber ()V 1 145 0 javax/crypto/Cipher updateAAD ([B)V 2 20 0 javax/crypto/Cipher updateAAD ([BII)V 3 1 0 javax/crypto/Cipher checkCipherState ()V 3 36 0 javax/crypto/Cipher chooseFirstProvider ()V 3 51 0 com/sun/crypto/provider/GaloisCounterMode engineUpdateAAD ([BII)V 4 11 0 com/sun/crypto/provider/GaloisCounterMode$GCMEngine updateAAD ([BII)V 5 14 0 com/sun/crypto/provider/GaloisCounterMode checkReInit ()V 5 44 0 java/io/ByteArrayOutputStream <init> (I)V 6 1 0 java/io/OutputStream <init> ()V 7 1 0 java/lang/Object <init> ()V 5 70 0 java/io/ByteArrayOutputStream write ([BII)V 6 4 0 java/util/Objects checkFromIndexSize (III)I 7 4 0 jdk/internal/util/Preconditions checkFromIndexSize (IIILjava/util/function/BiFunction;)I 6 15 0 java/io/ByteArrayOutputStream ensureCapacity (I)V 7 22 0 jdk/internal/util/ArraysSupport newLength (III)I 1 149 0 java/nio/Buffer position ()I 1 185 0 java/nio/HeapByteBuffer duplicate ()Ljava/nio/ByteBuffer; 2 9 0 java/nio/Buffer markValue ()I 2 13 0 java/nio/Buffer position ()I 2 17 0 java/nio/Buffer limit ()I 2 21 0 java/nio/Buffer capacity ()I 2 32 0 java/nio/HeapByteBuffer <init> ([BIIIIILjava/lang/foreign/MemorySegment;)V 3 12 0 java/nio/ByteBuffer <init> (IIII[BILjava/lang/foreign/MemorySegment;)V 4 8 0 java/nio/Buffer <init> (IIIILjava/lang/foreign/MemorySegment;)V 5 1 0 java/lang/Object <init> ()V 5 39 0 java/nio/ByteBuffer limit (I)Ljava/nio/Buffer; 6 2 0 java/nio/ByteBuffer limit (I)Ljava/nio/ByteBuffer; 7 2 0 java/nio/Buffer limit (I)Ljava/nio/Buffer; 5 45 0 java/nio/ByteBuffer position (I)Ljava/nio/Buffer; 6 2 0 java/nio/ByteBuffer position (I)Ljava/nio/ByteBuffer; 7 2 0 java/nio/Buffer position (I)Ljava/nio/Buffer; 4 17 0 java/nio/ByteOrder nativeOrder ()Ljava/nio/ByteOrder; 1 193 0 java/nio/Buffer remaining ()I 1 205 0 java/nio/ByteBuffer limit (I)Ljava/nio/ByteBuffer; 2 2 0 java/nio/Buffer limit (I)Ljava/nio/Buffer; 1 216 0 javax/crypto/Cipher doFinal (Ljava/nio/ByteBuffer;Ljava/nio/ByteBuffer;)I 2 1 0 javax/crypto/Cipher checkCipherState ()V 2 40 0 java/nio/HeapByteBuffer isReadOnly ()Z 2 55 0 javax/crypto/Cipher chooseFirstProvider ()V 2 64 0 com/sun/crypto/provider/GaloisCounterMode engineDoFinal (Ljava/nio/ByteBuffer;Ljava/nio/ByteBuffer;)I 3 10 0 com/sun/crypto/provider/GaloisCounterMode$GCMEncrypt doFinal (Ljava/nio/ByteBuffer;Ljava/nio/ByteBuffer;)I 4 4 0 com/sun/crypto/provider/GaloisCounterMode checkReInit ()V 4 10 0 com/sun/crypto/provider/GaloisCounterMode$GCMEngine overlapDetection (Ljava/nio/ByteBuffer;Ljava/nio/ByteBuffer;)Ljava/nio/ByteBuffer; 5 1 0 java/nio/HeapByteBuffer isDirect ()Z 5 178 0 java/nio/HeapByteBuffer isDirect ()Z 5 185 0 java/nio/HeapByteBuffer isDirect ()Z 5 192 0 java/nio/HeapByteBuffer isReadOnly ()Z 5 199 0 java/nio/ByteBuffer array ()[B 5 203 0 java/nio/ByteBuffer array ()[B 5 212 0 java/nio/Buffer position ()I 5 216 0 java/nio/ByteBuffer arrayOffset ()I 5 221 0 java/nio/Buffer position ()I 5 225 0 java/nio/ByteBuffer arrayOffset ()I 4 15 0 java/nio/Buffer remaining ()I 4 19 0 com/sun/crypto/provider/GaloisCounterMode$GCMEngine getBufferedLength ()I 4 42 0 com/sun/crypto/provider/GaloisCounterMode$GCMEncrypt checkDataLength ([I)V 4 46 0 java/nio/Buffer remaining ()I 4 102 0 com/sun/crypto/provider/GaloisCounterMode$GCMEngine processAAD ()V 5 11 0 java/io/ByteArrayOutputStream size ()I 5 21 0 java/io/ByteArrayOutputStream toByteArray ()[B 6 8 0 java/util/Arrays copyOf ([BI)[B 5 53 0 com/sun/crypto/provider/GHASH update ([BII)I 6 26 0 com/sun/crypto/provider/GHASH ghashRangeCheck ([BII[J[J)V 5 67 0 com/sun/crypto/provider/GaloisCounterMode expandToOneBlock ([BIII)[B 5 76 0 com/sun/crypto/provider/GHASH update ([B)I 6 5 0 com/sun/crypto/provider/GHASH update ([BII)I 7 26 0 com/sun/crypto/provider/GHASH ghashRangeCheck ([BII[J[J)V 4 152 0 com/sun/crypto/provider/GaloisCounterMode$GCMEngine doLastBlock (Lcom/sun/crypto/provider/GaloisCounterMode$GCMOperation;Ljava/nio/ByteBuffer;Ljava/nio/ByteBuffer;Ljava/nio/ByteBuffer;)I 5 219 0 java/nio/Buffer remaining ()I 5 246 0 com/sun/crypto/provider/GaloisCounterMode$EncryptOp doFinal (Ljava/nio/ByteBuffer;Ljava/nio/ByteBuffer;)I 6 1 0 java/nio/ByteBuffer mark ()Ljava/nio/ByteBuffer; 7 1 0 java/nio/Buffer mark ()Ljava/nio/Buffer; 6 11 0 com/sun/crypto/provider/GCTR doFinal (Ljava/nio/ByteBuffer;Ljava/nio/ByteBuffer;)I 7 1 0 java/nio/ByteBuffer hasArray ()Z 7 8 0 java/nio/ByteBuffer hasArray ()Z 7 16 0 java/nio/ByteBuffer array ()[B 7 20 0 java/nio/ByteBuffer arrayOffset ()I 7 24 0 java/nio/Buffer position ()I 7 29 0 java/nio/Buffer remaining ()I 7 33 0 java/nio/ByteBuffer array ()[B 7 37 0 java/nio/ByteBuffer arrayOffset ()I 7 41 0 java/nio/Buffer position ()I 7 51 0 java/nio/Buffer position ()I 7 56 0 java/nio/ByteBuffer position (I)Ljava/nio/ByteBuffer; 8 2 0 java/nio/Buffer position (I)Ljava/nio/Buffer; 7 62 0 java/nio/Buffer position ()I 7 67 0 java/nio/ByteBuffer position (I)Ljava/nio/ByteBuffer; 8 2 0 java/nio/Buffer position (I)Ljava/nio/Buffer; 6 16 0 java/nio/ByteBuffer reset ()Ljava/nio/ByteBuffer; 7 1 0 java/nio/Buffer reset ()Ljava/nio/Buffer; 6 26 0 com/sun/crypto/provider/GHASH doFinal (Ljava/nio/ByteBuffer;I)I 7 11 0 com/sun/crypto/provider/GHASH update (Ljava/nio/ByteBuffer;I)I 8 14 0 java/nio/HeapByteBuffer isDirect ()Z 8 31 0 java/nio/HeapByteBuffer isReadOnly ()Z 8 39 0 java/nio/ByteBuffer array ()[B 8 43 0 java/nio/ByteBuffer arrayOffset ()I 8 47 0 java/nio/Buffer position ()I 8 52 0 com/sun/crypto/provider/GHASH update ([BII)I 9 26 0 com/sun/crypto/provider/GHASH ghashRangeCheck ([BII[J[J)V 8 58 0 java/nio/Buffer position ()I 8 63 0 java/nio/ByteBuffer position (I)Ljava/nio/ByteBuffer; 9 2 0 java/nio/Buffer position (I)Ljava/nio/Buffer; 7 35 0 java/nio/HeapByteBuffer get ([BII)Ljava/nio/ByteBuffer; 8 1 0 java/nio/Buffer checkSession ()V 9 1 0 java/nio/Buffer session ()Ljdk/internal/foreign/MemorySessionImpl; 8 8 0 java/util/Objects checkFromIndexSize (III)I 9 4 0 jdk/internal/util/Preconditions checkFromIndexSize (IIILjava/util/function/BiFunction;)I 8 13 0 java/nio/Buffer position ()I 8 20 0 java/nio/Buffer limit ()I 8 44 0 java/nio/HeapByteBuffer ix (I)I 8 58 0 java/nio/ByteBuffer position (I)Ljava/nio/ByteBuffer; 9 2 0 java/nio/Buffer position (I)Ljava/nio/Buffer; 7 45 0 com/sun/crypto/provider/GHASH update ([BII)I 8 26 0 com/sun/crypto/provider/GHASH ghashRangeCheck ([BII[J[J)V 5 246 0 com/sun/crypto/provider/GaloisCounterMode$DecryptOp doFinal (Ljava/nio/ByteBuffer;Ljava/nio/ByteBuffer;)I 4 181 0 com/sun/crypto/provider/GaloisCounterMode getLengthBlock (II)[B 5 18 0 java/lang/invoke/VarHandleGuards guard_LIJ_V (Ljava/lang/invoke/VarHandle;Ljava/lang/Object;IJLjava/lang/invoke/VarHandle$AccessDescriptor;)V 6 3 0 java/lang/invoke/VarHandle checkAccessModeThenIsDirect (Ljava/lang/invoke/VarHandle$AccessDescriptor;)Z 6 47 0 java/lang/invoke/VarForm getMemberName (I)Ljava/lang/invoke/MemberName; 6 50 0 java/lang/invoke/VarHandleByteArrayAsLongs$ArrayHandle set (Ljava/lang/invoke/VarHandle;Ljava/lang/Object;IJ)V 7 20 0 java/lang/invoke/VarHandleByteArrayAsLongs$ArrayHandle index ([BI)I 7 35 0 jdk/internal/misc/Unsafe putLongUnaligned (Ljava/lang/Object;JJZ)V 8 7 0 jdk/internal/misc/Unsafe convEndian (ZJ)J 5 35 0 java/lang/invoke/VarHandleGuards guard_LIJ_V (Ljava/lang/invoke/VarHandle;Ljava/lang/Object;IJLjava/lang/invoke/VarHandle$AccessDescriptor;)V 6 3 0 java/lang/invoke/VarHandle checkAccessModeThenIsDirect (Ljava/lang/invoke/VarHandle$AccessDescriptor;)Z 6 47 0 java/lang/invoke/VarForm getMemberName (I)Ljava/lang/invoke/MemberName; 6 50 0 java/lang/invoke/VarHandleByteArrayAsLongs$ArrayHandle set (Ljava/lang/invoke/VarHandle;Ljava/lang/Object;IJ)V 7 20 0 java/lang/invoke/VarHandleByteArrayAsLongs$ArrayHandle index ([BI)I 7 35 0 jdk/internal/misc/Unsafe putLongUnaligned (Ljava/lang/Object;JJZ)V 8 7 0 jdk/internal/misc/Unsafe convEndian (ZJ)J 4 192 0 com/sun/crypto/provider/GHASH update ([B)I 5 5 0 com/sun/crypto/provider/GHASH update ([BII)I 6 26 0 com/sun/crypto/provider/GHASH ghashRangeCheck ([BII[J[J)V 4 200 0 com/sun/crypto/provider/GHASH digest ()[B 5 16 0 java/lang/invoke/VarHandleGuards guard_LIJ_V (Ljava/lang/invoke/VarHandle;Ljava/lang/Object;IJLjava/lang/invoke/VarHandle$AccessDescriptor;)V 6 3 0 java/lang/invoke/VarHandle checkAccessModeThenIsDirect (Ljava/lang/invoke/VarHandle$AccessDescriptor;)Z 6 47 0 java/lang/invoke/VarForm getMemberName (I)Ljava/lang/invoke/MemberName; 6 50 0 java/lang/invoke/VarHandleByteArrayAsLongs$ArrayHandle set (Ljava/lang/invoke/VarHandle;Ljava/lang/Object;IJ)V 7 20 0 java/lang/invoke/VarHandleByteArrayAsLongs$ArrayHandle index ([BI)I 7 35 0 jdk/internal/misc/Unsafe putLongUnaligned (Ljava/lang/Object;JJZ)V 8 7 0 jdk/internal/misc/Unsafe convEndian (ZJ)J 5 31 0 java/lang/invoke/VarHandleGuards guard_LIJ_V (Ljava/lang/invoke/VarHandle;Ljava/lang/Object;IJLjava/lang/invoke/VarHandle$AccessDescriptor;)V 6 3 0 java/lang/invoke/VarHandle checkAccessModeThenIsDirect (Ljava/lang/invoke/VarHandle$AccessDescriptor;)Z 6 47 0 java/lang/invoke/VarForm getMemberName (I)Ljava/lang/invoke/MemberName; 6 50 0 java/lang/invoke/VarHandleByteArrayAsLongs$ArrayHandle set (Ljava/lang/invoke/VarHandle;Ljava/lang/Object;IJ)V 7 20 0 java/lang/invoke/VarHandleByteArrayAsLongs$ArrayHandle index ([BI)I 7 35 0 jdk/internal/misc/Unsafe putLongUnaligned (Ljava/lang/Object;JJZ)V 8 7 0 jdk/internal/misc/Unsafe convEndian (ZJ)J 4 220 0 com/sun/crypto/provider/GCTR <init> (Lcom/sun/crypto/provider/SymmetricCipher;[B)V 5 2 0 com/sun/crypto/provider/CounterMode <init> (Lcom/sun/crypto/provider/SymmetricCipher;)V 6 2 0 com/sun/crypto/provider/FeedbackCipher <init> (Lcom/sun/crypto/provider/SymmetricCipher;)V 7 1 0 java/lang/Object <init> ()V 7 11 0 com/sun/crypto/provider/AESCrypt getBlockSize ()I 5 65 0 com/sun/crypto/provider/CounterMode reset ()V 4 251 0 java/nio/HeapByteBuffer put ([BII)Ljava/nio/ByteBuffer; 5 1 0 java/nio/Buffer checkSession ()V 6 1 0 java/nio/Buffer session ()Ljdk/internal/foreign/MemorySessionImpl; 5 8 0 java/util/Objects checkFromIndexSize (III)I 6 4 0 jdk/internal/util/Preconditions checkFromIndexSize (IIILjava/util/function/BiFunction;)I 5 13 0 java/nio/Buffer position ()I 5 20 0 java/nio/Buffer limit ()I 5 46 0 java/nio/HeapByteBuffer ix (I)I 5 58 0 java/nio/ByteBuffer position (I)Ljava/nio/ByteBuffer; 6 2 0 java/nio/Buffer position (I)Ljava/nio/Buffer; 4 257 0 com/sun/crypto/provider/GaloisCounterMode$GCMEngine restoreDst (Ljava/nio/ByteBuffer;)V
